Iteration	Posterior	Likelihood	Prior	rate_log_sd	rate_loss	rate_neo	root_freqs[1]	root_freqs[2]	tree_length
0	-3403.108	-3568.483	165.3753	1.346281	2.996034	0.4419804	0.656039	0.343961	2.981696
6	-3412.567	-3578.385	165.818	1.246512	2.298339	0.4343296	0.553448	0.446552	2.981696
12	-3428.001	-3593.588	165.5866	1.578213	2.79503	0.5534577	0.727811	0.272189	2.652977
18	-3415.921	-3581.596	165.6749	1.454964	2.79503	0.6767642	0.632189	0.367811	2.565429
24	-3405.66	-3570.425	164.7652	1.230687	3.274614	0.3025998	0.635392	0.364608	3.510848
30	-3408.673	-3573.002	164.3287	1.17627	3.274614	0.3305006	0.635392	0.364608	3.759078
36	-3416.416	-3580.423	164.0064	1.154506	2.325008	0.3708093	0.471915	0.528085	4.153219
42	-3403.6	-3567.317	163.717	1.158551	3.047845	0.5351697	0.480976	0.519024	3.956837
48	-3410.099	-3574.425	164.3258	1.220943	2.924057	0.5108837	0.482989	0.517011	3.62302
54	-3407.631	-3571.762	164.1312	1.222293	2.853404	0.4944192	0.609438	0.390562	3.768357
60	-3421.284	-3584.962	163.6779	1.109487	2.606157	0.4746426	0.503298	0.496702	4.176156
66	-3423.376	-3586.542	163.1668	1.272698	2.606157	0.7099477	0.592547	0.407453	4.176156
72	-3425.507	-3588.83	163.3231	1.092047	2.922662	0.4679987	0.675615	0.324385	4.31216
78	-3416.825	-3581.087	164.2626	1.278056	2.379387	0.4084527	0.701225	0.298775	3.87812
84	-3425.482	-3591.419	165.9364	1.448201	2.287399	0.4227897	0.598869	0.401131	2.804465
90	-3415.633	-3581.354	165.7216	1.23892	2.367782	0.3523418	0.716749	0.283251	3.118042
96	-3425.95	-3591.376	165.4265	1.293252	2.367782	0.3523418	0.653123	0.346877	3.260836
102	-3423.245	-3588.651	165.4058	1.303015	2.422363	0.3820997	0.679055	0.320945	3.214942
108	-3417.396	-3583.457	166.0611	1.356594	3.702331	0.4331673	0.616394	0.383606	2.394215
114	-3423.39	-3589.557	166.1674	1.532333	3.387221	0.4158216	0.616394	0.383606	2.30989
120	-3413.63	-3579.085	165.4549	1.418886	2.894722	0.3506254	0.59295	0.40705	3.023126
126	-3428.937	-3595.245	166.3078	1.489938	2.894722	0.5390648	0.602748	0.397252	2.241236
132	-3428.067	-3594.887	166.8199	1.510082	2.637932	0.4389419	0.568315	0.431685	2.080333
138	-3429.631	-3596.486	166.8554	1.499487	2.282104	0.4389419	0.517396	0.482604	2.179975
144	-3423.53	-3590.75	167.2194	1.610973	2.282104	0.3527195	0.593461	0.406539	1.977283
150	-3411.815	-3578.599	166.7839	1.73273	3.128432	0.3956548	0.583732	0.416268	1.865269
156	-3412.022	-3578.56	166.5373	1.684676	3.085608	0.4269671	0.541241	0.458759	2.035435
162	-3413.247	-3580.277	167.0297	1.674747	3.060334	0.5257723	0.541241	0.458759	1.591964
168	-3421.939	-3588.777	166.8388	1.7076	3.65252	0.4055103	0.562183	0.437817	1.690755
174	-3424.363	-3591.328	166.9649	1.640051	3.842666	0.4055103	0.577851	0.422149	1.600168
180	-3410.601	-3577.211	166.6106	1.556745	3.850079	0.4055103	0.566951	0.433049	1.904802
186	-3421.786	-3588.786	167	1.719472	3.448791	0.3521378	0.667523	0.332477	1.697301
192	-3408.724	-3575.795	167.071	1.719472	2.935895	0.3787145	0.678208	0.321792	1.75514
198	-3411.483	-3578.05	166.5672	1.620678	3.158718	0.295081	0.678208	0.321792	2.217102
204	-3424.19	-3590.798	166.6075	1.499127	3.363091	0.295081	0.716622	0.283378	2.217102
210	-3420.683	-3586.497	165.8141	1.470329	3.363091	0.4319338	0.698537	0.301463	2.558365
216	-3417.158	-3583.834	166.676	1.589879	3.363091	0.3308165	0.726737	0.273263	2.060275
222	-3415.286	-3582.32	167.0346	1.589879	3.363091	0.267328	0.722843	0.277157	1.919925
228	-3417.884	-3584.838	166.9542	1.702875	3.393509	0.2970727	0.596932	0.403068	1.840624
234	-3418.989	-3584.72	165.731	1.412148	3.970837	0.3522463	0.679452	0.320548	2.606273
240	-3416.019	-3581.834	165.8155	1.440002	3.970837	0.3332899	0.699782	0.300218	2.56175
246	-3415.486	-3580.536	165.0498	1.436554	3.970837	0.4849205	0.523064	0.476936	2.855889
252	-3413.894	-3579.523	165.6285	1.363423	2.482245	0.4515664	0.523064	0.476936	2.950327
258	-3423.371	-3589.501	166.1301	1.473249	2.402569	0.4515664	0.670165	0.329835	2.601665
264	-3416.134	-3581.823	165.6888	1.392562	2.3731	0.4515664	0.670165	0.329835	2.929512
270	-3413.169	-3579.41	166.2403	1.352297	2.3731	0.4601099	0.545506	0.454494	2.608295
276	-3394.465	-3560.244	165.7783	1.467943	3.130354	0.4601099	0.545506	0.454494	2.608295
282	-3409.628	-3574.827	165.1995	1.385369	3.619323	0.368593	0.515965	0.484035	3.000798
288	-3405.467	-3570.742	165.2752	1.20309	3.029795	0.3690498	0.657958	0.342042	3.201469
294	-3408.219	-3573.158	164.9388	1.225991	2.871553	0.3359561	0.657958	0.342042	3.466849
300	-3407.674	-3572.476	164.8018	1.230905	2.871553	0.3359561	0.659719	0.340281	3.54386
306	-3419.097	-3584.719	165.6213	1.294139	3.224786	0.3230495	0.613378	0.386622	2.950966
312	-3415.076	-3581.273	166.1974	1.322835	4.012404	0.3230495	0.661363	0.338637	2.401238
318	-3417.671	-3583.457	165.7859	1.270068	4.012404	0.3397773	0.693375	0.306625	2.667722
324	-3416.501	-3582.55	166.0492	1.388097	2.792156	0.3397773	0.693375	0.306625	2.723488
330	-3409.458	-3574.839	165.3813	1.388097	2.90737	0.4714747	0.595736	0.404264	2.944621
336	-3411.883	-3577.778	165.8952	1.487163	3.298375	0.342605	0.623278	0.376722	2.622619
342	-3415.686	-3582.154	166.469	1.487163	3.298375	0.438784	0.622181	0.377819	2.139516
348	-3424.239	-3590.771	166.5314	1.563069	3.298375	0.2964892	0.650819	0.349181	2.239124
354	-3430.247	-3596.11	165.8624	1.323074	3.431744	0.329824	0.736358	0.263642	2.728909
360	-3423.012	-3588.387	165.3743	1.40196	3.431744	0.4650592	0.690958	0.309042	2.818045
366	-3417.98	-3582.292	164.3119	1.21689	3.441349	0.4650592	0.683419	0.316581	3.556262
372	-3414.107	-3578.637	164.5303	1.341211	2.863669	0.4066221	0.557058	0.442942	3.556262
378	-3426.765	-3590.488	163.7223	1.108937	2.863669	0.4066221	0.614411	0.385589	4.154082
384	-3421.182	-3584.645	163.4632	1.183838	2.990005	0.3586061	0.614411	0.385589	4.28163
390	-3439.337	-3605.627	166.2896	1.488974	2.702418	0.3321589	0.691923	0.308077	2.548278
396	-3410.572	-3576.788	166.2162	1.335753	2.702418	0.4500252	0.653443	0.346557	2.545216
402	-3407.197	-3572.19	164.9926	1.341721	2.308063	0.4500252	0.662827	0.337173	3.394972
408	-3407.551	-3572.62	165.0699	1.288333	2.350629	0.4729682	0.613588	0.386412	3.344393
414	-3412.036	-3577.286	165.2503	1.326094	2.51192	0.6819934	0.524916	0.475084	2.979998
420	-3411.415	-3577.15	165.7348	1.445634	3.426855	0.6602696	0.569329	0.430671	2.38385
426	-3419.755	-3585.896	166.1415	1.626859	2.69687	0.6602696	0.526545	0.473455	2.203658
432	-3428.669	-3594.885	166.2159	1.559508	2.69687	0.8455554	0.528232	0.471768	2.0491
438	-3419.94	-3586.259	166.319	1.448051	2.652255	0.658686	0.576652	0.423348	2.219301
444	-3415.65	-3582.557	166.907	1.448051	2.652255	0.4328725	0.492224	0.507776	2.066665
450	-3426.896	-3593.62	166.7238	1.618365	2.480072	0.4875623	0.52465	0.47535	2.066665
456	-3440.149	-3607.141	166.9918	1.596851	3.040079	0.375295	0.567725	0.432275	1.868579
462	-3416.456	-3583.813	167.3569	1.638235	2.436983	0.3605458	0.666042	0.333958	1.799893
468	-3409.288	-3576.185	166.8973	1.590214	2.834776	0.4628944	0.666042	0.333958	1.886315
474	-3406.954	-3573.455	166.5015	1.488669	2.140486	0.4628944	0.566274	0.433726	2.434725
480	-3417.869	-3585.29	167.4204	1.572982	2.44908	0.3510532	0.538259	0.461741	1.810621
486	-3412.084	-3579.149	167.0655	1.585102	2.44908	0.5008455	0.624324	0.375676	1.855066
492	-3419.602	-3586.36	166.7573	1.595762	2.284407	0.5397256	0.646909	0.353091	2.069547
498	-3415.66	-3583.055	167.3947	1.559646	2.418141	0.4305451	0.62597	0.37403	1.74006
504	-3422.111	-3588.854	166.7429	1.590261	2.836032	0.5243323	0.57761	0.42239	1.921071
510	-3406.926	-3573.42	166.4944	1.620713	3.419711	0.4058948	0.616815	0.383185	2.044305
516	-3411.925	-3578.706	166.781	1.567246	3.182831	0.4077759	0.490983	0.509017	1.948566
522	-3421.333	-3587.944	166.6105	1.582569	3.182831	0.4950362	0.598051	0.401949	1.948566
528	-3417.845	-3583.746	165.9008	1.526303	3.366586	0.37085	0.518597	0.481403	2.541862
534	-3412.901	-3578.666	165.7655	1.361806	2.838464	0.5447963	0.60333	0.39667	2.672319
540	-3417.848	-3584.9	167.0526	1.493388	2.376348	0.4410131	0.546509	0.453491	2.019969
546	-3416.828	-3583.262	166.4343	1.464508	2.526612	0.4410131	0.655058	0.344942	2.390171
552	-3421.784	-3587.709	165.9248	1.469774	2.890651	0.4014469	0.628259	0.371741	2.645914
558	-3421.387	-3586.874	165.4866	1.3497	2.245428	0.6124646	0.594931	0.405069	2.963355
564	-3415.355	-3580.243	164.8878	1.360673	2.651558	0.5146614	0.617374	0.382626	3.280923
570	-3417.181	-3581.752	164.5717	1.463323	2.651558	0.4528195	0.649107	0.350893	3.467669
576	-3417.988	-3583.369	165.3807	1.331336	2.504129	0.4528195	0.668253	0.331747	3.110123
582	-3443.212	-3610.171	166.9582	1.535451	2.408915	0.3560719	0.57522	0.42478	2.151611
588	-3437.225	-3604.346	167.1211	1.628489	2.971902	0.3793868	0.647044	0.352956	1.771926
594	-3433.48	-3597.745	164.2642	1.141983	2.601628	0.4393778	0.534464	0.465536	3.859449
600	-3434.477	-3599.104	164.6275	1.254335	3.126487	0.3513858	0.717588	0.282412	3.549434
606	-3423.655	-3588.101	164.4459	1.233093	3.126487	0.4570594	0.618614	0.381386	3.549434
612	-3425.918	-3591.671	165.7529	1.344866	2.930944	0.4318249	0.614447	0.385553	2.782118
618	-3416.262	-3582.101	165.8383	1.406263	2.930944	0.4728728	0.586774	0.413226	2.647544
624	-3406.892	-3572.721	165.8288	1.407716	2.704984	0.4469107	0.59597	0.40403	2.742427
630	-3409.369	-3574.823	165.4539	1.327292	3.705638	0.3968787	0.610617	0.389383	2.829565
636	-3412.665	-3577.162	164.4969	1.203856	2.6385	0.4426839	0.60995	0.39005	3.676136
642	-3418.584	-3583.954	165.3702	1.290844	2.6385	0.4426839	0.581123	0.418877	3.1128
648	-3425.637	-3590.272	164.6356	1.249009	3.426939	0.5486146	0.613592	0.386408	3.270784
654	-3422.618	-3587.248	164.6299	1.309425	2.846454	0.5935499	0.613592	0.386408	3.339129
660	-3427.583	-3592.71	165.1274	1.26676	2.406618	0.5987603	0.684336	0.315664	3.189036
666	-3414.834	-3580.094	165.2595	1.28654	3.46344	0.3926449	0.619257	0.380743	3.030036
672	-3411.218	-3576.412	165.194	1.390613	3.144602	0.4185302	0.657393	0.342607	3.052402
678	-3419.9	-3585.268	165.3676	1.353128	2.623948	0.4799034	0.570145	0.429855	3.042391
684	-3424.756	-3589.629	164.8734	1.3113	2.623948	0.5408259	0.726705	0.273295	3.301607
690	-3424.103	-3588.742	164.639	1.240024	2.623948	0.4248488	0.632975	0.367025	3.595624
696	-3414.902	-3579.238	164.3355	1.198774	2.623948	0.3505151	0.632975	0.367025	3.879215
702	-3421.156	-3585.515	164.359	1.122637	2.651587	0.3983277	0.514776	0.485224	3.84661
708	-3413.79	-3578.526	164.7362	1.337845	2.651587	0.5912237	0.555059	0.444941	3.314147
714	-3411.213	-3574.637	163.4246	1.16526	3.372438	0.5586776	0.578035	0.421965	4.024567
720	-3413.351	-3577.893	164.5424	1.133356	3.791429	0.3786909	0.611978	0.388022	3.489774
726	-3404.16	-3568.805	164.6456	1.140409	3.18067	0.3397258	0.574747	0.425253	3.60669
732	-3412.738	-3576.669	163.9309	1.197485	4.543351	0.4574073	0.603838	0.396162	3.579844
738	-3416.524	-3580.932	164.4077	1.140752	4.720376	0.3207219	0.627679	0.372321	3.461469
744	-3414.196	-3578.876	164.6804	1.342293	3.498588	0.3383344	0.637222	0.362778	3.398057
750	-3417.881	-3581.985	164.1041	1.186613	3.136606	0.4892096	0.633084	0.366916	3.740039
756	-3416.05	-3580.558	164.5075	1.186735	3.906447	0.3879253	0.721754	0.278246	3.444964
762	-3415.565	-3580.557	164.9916	1.14128	3.408484	0.3879253	0.721754	0.278246	3.293363
768	-3411.151	-3574.123	162.9716	1.136296	3.390085	0.563762	0.501404	0.498596	4.290244
774	-3424.887	-3588.063	163.1758	1.095159	3.390085	0.3604415	0.501404	0.498596	4.400508
780	-3417.38	-3581.504	164.1235	1.161779	3.390085	0.4936901	0.610629	0.389371	3.68065
786	-3406.461	-3570.085	163.6241	1.142552	3.719375	0.4588648	0.580089	0.419911	3.943174
792	-3418.764	-3583.019	164.2549	1.105516	2.672719	0.395874	0.642391	0.357609	3.913264
798	-3431.968	-3595.75	163.7827	1.232032	3.933568	0.395874	0.790642	0.209358	3.824574
804	-3434.379	-3599.014	164.6355	1.331287	3.319302	0.5758	0.662321	0.337679	3.2223
810	-3429.47	-3593.8	164.3306	1.10667	3.16473	0.3654041	0.557414	0.442586	3.780929
816	-3421.568	-3585.17	163.6018	1.198947	2.76955	0.3654041	0.557414	0.442586	4.241467
822	-3407.068	-3570.089	163.0206	1.061421	2.75345	0.3654041	0.654363	0.345637	4.650539
828	-3420.292	-3583.264	162.9711	1.057144	3.398372	0.4231081	0.645412	0.354588	4.466395
834	-3425.642	-3588.776	163.134	1.022041	3.590413	0.4766175	0.665854	0.334146	4.299774
840	-3428.409	-3592.292	163.8822	1.159675	3.24526	0.5592656	0.701252	0.298748	3.793487
846	-3414.931	-3580.507	165.5758	1.241198	2.216884	0.5592656	0.68157	0.31843	3.031351
852	-3419.477	-3585.641	166.1637	1.561163	2.940768	0.3831225	0.657532	0.342468	2.449084
858	-3407.043	-3574.162	167.1192	1.584422	2.690948	0.3831225	0.668961	0.331039	1.884578
864	-3407.775	-3575.135	167.3605	1.656555	2.417749	0.403328	0.652858	0.347142	1.731988
870	-3408.734	-3575.581	166.8468	1.558757	2.640916	0.403328	0.652858	0.347142	2.073297
876	-3412.369	-3579.285	166.9157	1.574552	2.640916	0.3995713	0.640298	0.359702	2.022055
882	-3408.804	-3575.596	166.7912	1.576244	2.640109	0.3043378	0.695373	0.304627	2.233712
888	-3414.423	-3579.439	165.0158	1.36022	3.220047	0.479955	0.630411	0.369589	3.093342
894	-3416.924	-3582.439	165.5145	1.28306	2.514671	0.4338865	0.652994	0.347006	3.076356
900	-3426.984	-3592.017	165.033	1.28306	2.626535	0.4338865	0.651536	0.348464	3.329772
906	-3437.412	-3602.643	165.2314	1.24049	2.626535	0.4004173	0.54771	0.45229	3.274906
912	-3421.36	-3587.662	166.3018	1.314232	2.493083	0.4004173	0.55804	0.44196	2.624312
918	-3420.532	-3586.347	165.8147	1.328434	2.846359	0.4713537	0.628217	0.371783	2.734243
924	-3412.282	-3578.079	165.797	1.256643	2.846359	0.4726667	0.628217	0.371783	2.787474
930	-3412.343	-3578.485	166.1419	1.333601	2.222817	0.4785023	0.577281	0.422719	2.709515
936	-3412.7	-3578.817	166.1164	1.372852	2.222817	0.4704981	0.633436	0.366564	2.709515
942	-3417.309	-3582.91	165.601	1.363684	3.244059	0.5734581	0.579947	0.420053	2.640453
948	-3420.57	-3586.227	165.6567	1.38843	3.244059	0.5911765	0.622166	0.377834	2.574352
954	-3421.841	-3587.874	166.033	1.316056	2.532819	0.4739995	0.640448	0.359552	2.694385
960	-3416.45	-3581.619	165.169	1.187403	2.532819	0.4778954	0.600013	0.399987	3.286763
966	-3421.84	-3586.555	164.7147	1.18264	3.285684	0.3870442	0.570216	0.429784	3.460679
972	-3419.21	-3583.275	164.0647	1.18264	3.415944	0.3852342	0.570216	0.429784	3.810251
978	-3416.066	-3580.628	164.5622	1.191949	2.444773	0.5003324	0.541598	0.458402	3.642119
984	-3429.939	-3594.614	164.6751	1.383817	3.45899	0.5683874	0.631986	0.368014	3.14237
990	-3406.247	-3572.486	166.2397	1.426188	3.471821	0.4778051	0.631986	0.368014	2.239822
996	-3412.695	-3578.288	165.5931	1.280347	3.295269	0.4405574	0.705654	0.294346	2.817484
1002	-3413.413	-3577.316	163.9023	1.099407	2.41665	0.580402	0.564182	0.435818	4.010867
1008	-3420.147	-3584.451	164.3042	1.166676	3.510199	0.546961	0.538127	0.461873	3.496535
1014	-3425.397	-3589.374	163.9775	1.197028	3.313757	0.5215472	0.566056	0.433944	3.735446
1020	-3426.287	-3591.888	165.6011	1.259815	2.435883	0.3583903	0.669391	0.330609	3.149251
1026	-3422.704	-3587.459	164.7552	1.207999	3.24928	0.3583903	0.623314	0.376686	3.464462
1032	-3426.739	-3592.913	166.1738	1.506088	3.573544	0.2920875	0.623314	0.376686	2.442718
1038	-3419.07	-3585.544	166.4736	1.456433	2.917764	0.2920875	0.646704	0.353296	2.450242
1044	-3414.031	-3580.392	166.3603	1.462721	2.917764	0.3395148	0.574483	0.425517	2.450242
1050	-3414.717	-3580.658	165.9412	1.40394	3.54212	0.3395148	0.574483	0.425517	2.592065
1056	-3407.005	-3572.03	165.0253	1.379179	3.54212	0.4316413	0.648527	0.351473	3.052987
1062	-3419.863	-3584.393	164.5307	1.383668	3.552436	0.7595619	0.624921	0.375079	3.052987
1068	-3421.857	-3587.176	165.3187	1.291736	3.465735	0.4047594	0.615808	0.384192	2.97683
1074	-3417.403	-3582.935	165.5324	1.31999	3.162809	0.3437861	0.624892	0.375108	2.97683
1080	-3409.988	-3575.678	165.6904	1.362554	2.749856	0.333178	0.548696	0.451304	2.97683
1086	-3404.04	-3569.568	165.5275	1.358309	3.014446	0.333178	0.558633	0.441367	3.00742
1092	-3416.228	-3582.163	165.935	1.362421	3.014446	0.333178	0.652929	0.347071	2.758386
1098	-3423.213	-3588.06	164.8467	1.356712	3.018391	0.4816164	0.649647	0.350353	3.243494
1104	-3411.432	-3576.473	165.0406	1.314846	2.741633	0.3994914	0.649647	0.350353	3.31308
1110	-3409.976	-3575.315	165.3396	1.306001	3.498726	0.4316665	0.665161	0.334839	2.917867
1116	-3423.742	-3589.281	165.5389	1.583664	2.918775	0.6634824	0.598431	0.401569	2.54704
1122	-3426.177	-3593.225	167.0478	1.520468	2.597352	0.4593081	0.515588	0.484412	1.909949
1128	-3414.338	-3580.764	166.4263	1.470532	3.443195	0.4798145	0.515588	0.484412	2.09456
1134	-3426.698	-3592.648	165.9497	1.468219	3.443195	0.339488	0.706561	0.293439	2.570004
1140	-3422.797	-3588.569	165.7727	1.468219	3.443195	0.4156119	0.616842	0.383158	2.585042
1146	-3420.828	-3586.983	166.1554	1.561026	2.962037	0.5017609	0.524817	0.475183	2.313104
1152	-3409.45	-3575.529	166.0785	1.490053	2.755019	0.513586	0.609584	0.390416	2.452285
1158	-3428.368	-3593.036	164.6681	1.450159	3.842551	0.6847664	0.609584	0.390416	2.925125
1164	-3422.79	-3587.815	165.0243	1.302217	4.247314	0.4583605	0.647094	0.352906	2.925125
1170	-3421.068	-3585.957	164.8892	1.414026	3.910861	0.4583605	0.648381	0.351619	3.006187
1176	-3423.176	-3588.716	165.54	1.204936	3.940278	0.4791386	0.648381	0.351619	2.710585
1182	-3425.322	-3589.56	164.2383	1.356871	4.075374	0.7564864	0.645776	0.354224	3.136336
1188	-3423.034	-3586.893	163.8588	1.318849	4.319643	0.7564864	0.604039	0.395961	3.336492
1194	-3412.787	-3578.436	165.6481	1.322546	3.18863	0.3673719	0.604039	0.395961	2.869451
1200	-3408.322	-3574.057	165.7357	1.411622	3.18863	0.3673719	0.639838	0.360162	2.76209
1206	-3405.804	-3572.069	166.2647	1.40254	3.471618	0.3673719	0.681963	0.318037	2.370332
1212	-3417.057	-3584.063	167.0056	1.661843	2.912272	0.4281652	0.611154	0.388846	1.781969
1218	-3414.399	-3581.338	166.9388	1.592452	2.912272	0.4941295	0.67672	0.32328	1.796354
1224	-3414.5	-3579.474	164.9745	1.279176	3.506673	0.5192491	0.60765	0.39235	3.061256
1230	-3416.133	-3581.636	165.5025	1.315869	3.694041	0.3330245	0.569188	0.430812	2.888937
1236	-3415.711	-3580.921	165.2091	1.39489	2.807299	0.5256583	0.757749	0.242251	3.016628
1242	-3412.542	-3578.455	165.9127	1.397751	2.70368	0.469429	0.681228	0.318772	2.673204
1248	-3416.629	-3582.71	166.081	1.484137	2.70368	0.5198848	0.595779	0.404221	2.46285
1254	-3423.697	-3590.518	166.8211	1.665256	2.70368	0.5198848	0.535439	0.464561	1.86252
1260	-3422.821	-3589.397	166.5759	1.665256	3.498433	0.5536047	0.61908	0.38092	1.767326
1266	-3417.941	-3584.467	166.5267	1.603451	3.997856	0.3714318	0.653716	0.346284	1.941104
1272	-3413.432	-3579.767	166.3349	1.566846	3.24978	0.3714318	0.551434	0.448566	2.270422
1278	-3414.771	-3581.08	166.3089	1.574076	3.44865	0.4537826	0.540688	0.459312	2.131825
1284	-3417.255	-3583.62	166.3647	1.557294	3.44865	0.4013914	0.675492	0.324508	2.169305
1290	-3414.178	-3580.967	166.7892	1.557294	3.417006	0.4013914	0.675492	0.324508	1.895702
1296	-3421.829	-3588.463	166.6342	1.5129	3.562626	0.4733859	0.63536	0.36464	1.905112
1302	-3415.814	-3582.673	166.8595	1.457008	2.866787	0.5304559	0.713638	0.286362	1.916522
1308	-3414.374	-3581	166.6261	1.573291	2.866787	0.5619313	0.674036	0.325964	1.962474
1314	-3402.966	-3569.47	166.5041	1.568439	2.866787	0.6248439	0.609171	0.390829	1.985652
1320	-3407.386	-3573.427	166.0411	1.566772	2.897021	0.6248439	0.55869	0.44131	2.28061
1326	-3397.503	-3563.891	166.3875	1.603685	2.913812	0.5916891	0.56457	0.43543	2.057745
1332	-3404.442	-3570.185	165.743	1.508299	2.913812	0.5916891	0.606206	0.393794	2.531233
1338	-3415.612	-3581.174	165.5618	1.363628	3.142664	0.4979504	0.606206	0.393794	2.762717
1344	-3407.297	-3573.22	165.9229	1.324713	3.497695	0.3635463	0.605331	0.394669	2.631397
1350	-3413.208	-3579.309	166.1013	1.45577	3.128483	0.3584771	0.620201	0.379799	2.535902
1356	-3407.283	-3573.962	166.6786	1.45577	2.513282	0.3841456	0.620201	0.379799	2.312884
1362	-3419.256	-3585.753	166.4972	1.475939	2.553944	0.4207159	0.640023	0.359977	2.358229
1368	-3430.831	-3597.265	166.4343	1.475939	3.789372	0.4207159	0.618953	0.381047	2.071608
1374	-3428.618	-3595.284	166.6652	1.491319	3.792975	0.4161526	0.673398	0.326602	1.912051
1380	-3416.899	-3582.797	165.8973	1.469318	3.040243	0.5473482	0.488934	0.511066	2.467146
1386	-3416.138	-3581.441	165.3031	1.455886	2.881998	0.4102608	0.679346	0.320654	3.023956
1392	-3423.734	-3590.523	166.789	1.423132	2.681686	0.4102608	0.657383	0.342617	2.178665
1398	-3411.965	-3578.668	166.7025	1.552613	3.608862	0.4947072	0.7178	0.2822	1.794701
1404	-3413.862	-3579.512	165.6503	1.340777	3.608862	0.3873406	0.695919	0.304081	2.734344
1410	-3419.172	-3585.246	166.0744	1.379162	3.50912	0.3117113	0.695919	0.304081	2.570566
1416	-3420.175	-3585.806	165.631	1.406626	3.541435	0.5192671	0.653619	0.346381	2.576621
1422	-3409.135	-3574.792	165.6568	1.367634	3.660502	0.4497293	0.624412	0.375588	2.630525
1428	-3426.539	-3592.785	166.2459	1.406903	4.366071	0.4387015	0.643233	0.356767	2.093395
1434	-3416.897	-3582.371	165.474	1.419237	4.291051	0.4303549	0.631578	0.368422	2.601223
1440	-3419.842	-3584.911	165.069	1.281987	4.291051	0.3275251	0.593142	0.406858	3.055967
1446	-3412.49	-3577.483	164.9936	1.208942	3.63003	0.3113474	0.603117	0.396883	3.298894
1452	-3416.949	-3581.62	164.6709	1.120582	4.405868	0.3083347	0.657803	0.342197	3.391265
1458	-3417.774	-3582.722	164.9482	1.290287	3.841492	0.4503467	0.657803	0.342197	3.067764
1464	-3424.807	-3588.733	163.9264	1.188898	2.67259	0.4503467	0.51074	0.48926	3.995714
1470	-3416.786	-3581.653	164.8662	1.143331	2.67259	0.4040659	0.589311	0.410689	3.529187
1476	-3415.267	-3580.627	165.36	1.292065	2.592719	0.3420468	0.582279	0.417721	3.24792
1482	-3409.383	-3574.377	164.9943	1.235994	3.197259	0.4824377	0.583282	0.416718	3.183006
1488	-3414.69	-3579.763	165.0734	1.225488	3.86307	0.4408224	0.67859	0.32141	3.037351
1494	-3406.765	-3570.555	163.7899	1.254202	3.429039	0.4408224	0.682864	0.317136	3.863895
1500	-3423.152	-3587.003	163.8516	1.15293	3.429039	0.4631829	0.682864	0.317136	3.863895
1506	-3418.813	-3582.245	163.4318	1.082387	2.805687	0.5494884	0.529987	0.470013	4.209792
1512	-3409.891	-3574.695	164.804	1.253094	3.135743	0.4057529	0.641373	0.358627	3.381209
1518	-3419.461	-3584.127	164.6656	1.243881	3.590729	0.3908228	0.680258	0.319742	3.381209
1524	-3425.469	-3590.884	165.4145	1.268251	3.539022	0.2929385	0.638983	0.361017	3.059165
1530	-3431.019	-3596.527	165.5082	1.349004	3.567966	0.2828473	0.624847	0.375153	2.962591
1536	-3413.443	-3578.155	164.7125	1.349004	3.567966	0.4331041	0.624847	0.375153	3.249555
1542	-3424.704	-3589.449	164.7449	1.417011	3.366816	0.6310013	0.645809	0.354191	3.047668
1548	-3426.356	-3591.239	164.8837	1.406056	2.89545	0.6310013	0.552659	0.447341	3.087038
1554	-3415.568	-3581.13	165.5618	1.384212	3.381589	0.428121	0.609119	0.390881	2.766621
1560	-3419.453	-3585.778	166.3254	1.445408	3.381589	0.428121	0.644442	0.355558	2.251108
1566	-3425.024	-3590.859	165.8346	1.405733	2.304432	0.428121	0.58399	0.41601	2.880618
1572	-3422.022	-3586.111	164.089	1.327175	3.143547	0.8142609	0.590439	0.409561	3.403267
1578	-3416.73	-3581.116	164.3859	1.362229	4.443739	0.5505954	0.574823	0.425177	3.143478
1584	-3408.518	-3574.11	165.5916	1.432032	3.689078	0.5496169	0.654493	0.345507	2.52196
1590	-3412.055	-3577.201	165.1464	1.476973	4.017148	0.6552806	0.595665	0.404335	2.604539
1596	-3419.276	-3584.864	165.588	1.544336	4.017148	0.6552806	0.670708	0.329292	2.284502
1602	-3412.23	-3578.662	166.4323	1.580709	4.172736	0.4186311	0.786856	0.213144	1.919172
1608	-3423.121	-3590.036	166.9149	1.624415	4.172736	0.4186311	0.579119	0.420881	1.54881
1614	-3427.74	-3594.457	166.7174	1.522263	3.473148	0.4186311	0.76127	0.23873	1.931455
1620	-3430.808	-3596.448	165.6399	1.352157	3.118095	0.576566	0.583014	0.416986	2.652181
1626	-3429.14	-3594.462	165.3219	1.376285	2.689159	0.5198494	0.603404	0.396596	2.997996
1632	-3430.287	-3597.43	167.1427	1.509	2.317558	0.413153	0.739783	0.260217	2.004018
1638	-3419.94	-3587.055	167.1149	1.861065	2.317558	0.6386138	0.61258	0.38742	1.523258
1644	-3420.298	-3587.298	167.0007	1.637952	3.835686	0.3806876	0.65825	0.34175	1.612593
1650	-3419.458	-3586.191	166.7331	1.695633	3.835686	0.3806876	0.65825	0.34175	1.761852
1656	-3422.408	-3588.794	166.3864	1.482875	4.274346	0.4211662	0.646755	0.353245	1.990558
1662	-3415.354	-3581.926	166.5715	1.515305	3.976535	0.4211662	0.669179	0.330821	1.910015
1668	-3414.586	-3581.733	167.1475	1.56223	3.034415	0.4211662	0.681853	0.318147	1.72489
1674	-3418.074	-3584.756	166.6825	1.571612	3.034415	0.5241759	0.623548	0.376452	1.916643
1680	-3405.455	-3572.215	166.7601	1.613079	2.599072	0.4852842	0.712965	0.287035	2.010336
1686	-3396.888	-3562.405	165.5173	1.336826	3.416239	0.4852842	0.515304	0.484696	2.753107
1692	-3411.411	-3577.087	165.6758	1.383404	4.136377	0.5579048	0.601666	0.398334	2.395335
1698	-3413.227	-3579.182	165.9553	1.415548	3.770624	0.3548489	0.54222	0.45778	2.504399
1704	-3407.382	-3573.428	166.0461	1.397564	2.607405	0.4363654	0.597429	0.402571	2.655011
1710	-3416.37	-3582.081	165.7108	1.446956	3.001504	0.5220696	0.597429	0.402571	2.632078
1716	-3405.42	-3571.268	165.8487	1.406023	2.59905	0.5519616	0.653939	0.346061	2.654859
1722	-3408.311	-3574.731	166.4192	1.437483	3.27988	0.4159733	0.507375	0.492625	2.235954
1728	-3419.856	-3586.867	167.0105	1.469152	3.079807	0.4288539	0.667615	0.332385	1.861402
1734	-3420.951	-3587.699	166.7477	1.629677	3.373813	0.4742102	0.543158	0.456842	1.795228
1740	-3405.439	-3572.452	167.0125	1.607378	3.373813	0.3484349	0.592134	0.407866	1.792705
1746	-3411.285	-3578.223	166.9378	1.681446	3.122807	0.3983	0.676719	0.323281	1.792705
1752	-3407.039	-3573.349	166.3092	1.599163	3.059855	0.3680167	0.63833	0.36167	2.320212
1758	-3410.811	-3577.609	166.7977	1.533744	3.202315	0.3445328	0.63833	0.36167	2.039346
1764	-3420.133	-3587.242	167.1086	1.659387	3.202315	0.4276571	0.641562	0.358438	1.625493
1770	-3434.727	-3600.7	165.9731	1.477813	2.379524	0.6962532	0.610249	0.389751	2.473289
1776	-3420.26	-3585.224	164.9638	1.270917	3.648105	0.5436489	0.64273	0.35727	3.018232
1782	-3423.639	-3588.205	164.5651	1.271129	4.129421	0.4250175	0.64273	0.35727	3.276064
1788	-3416.222	-3581.819	165.5963	1.384911	4.041544	0.2701809	0.699734	0.300266	2.805869
1794	-3407.836	-3573.979	166.1436	1.35623	3.533119	0.2778787	0.71053	0.28947	2.585764
1800	-3409.825	-3575.402	165.5768	1.379446	3.533119	0.3217885	0.595939	0.404061	2.856097
1806	-3407.567	-3573.853	166.2859	1.515049	2.852516	0.3217885	0.627426	0.372574	2.506305
1812	-3409.954	-3576.056	166.102	1.471723	3.341013	0.4942077	0.61559	0.38441	2.313329
1818	-3415.38	-3580.8	165.4206	1.390572	3.846313	0.3087727	0.553134	0.446866	2.893479
1824	-3425.828	-3591.318	165.4899	1.514348	3.566502	0.2699006	0.57906	0.42094	2.893479
1830	-3412.036	-3577.89	165.854	1.460356	3.676136	0.2699006	0.57906	0.42094	2.680069
1836	-3416.522	-3582.442	165.9201	1.505448	3.676136	0.2883054	0.721702	0.278298	2.583706
1842	-3413.246	-3579.676	166.4297	1.622679	2.962913	0.4237361	0.664096	0.335904	2.184445
1848	-3416.24	-3581.929	165.6895	1.4442	2.962913	0.4163515	0.616456	0.383544	2.769305
1854	-3409.28	-3575.114	165.8334	1.300353	2.962913	0.4163515	0.596593	0.403407	2.769305
1860	-3417.101	-3581.487	164.3863	1.129139	2.962913	0.4484471	0.596593	0.403407	3.692999
1866	-3418.626	-3583.316	164.69	1.155761	2.477526	0.416582	0.639972	0.360028	3.664941
1872	-3410.869	-3575.391	164.5214	1.140309	3.386318	0.5578141	0.639972	0.360028	3.402705
1878	-3412.311	-3577.463	165.1517	1.313872	3.386318	0.3437247	0.639972	0.360028	3.155131
1884	-3419.474	-3584.217	164.7425	1.370606	3.56954	0.4324728	0.639972	0.360028	3.219383
1890	-3415.201	-3580.611	165.4108	1.323335	3.56954	0.5088055	0.620224	0.379776	2.767318
1896	-3419.947	-3586.033	166.0869	1.41807	2.696276	0.5009982	0.541161	0.458839	2.521849
1902	-3423.841	-3588.95	165.1093	1.354937	3.336498	0.5009982	0.541161	0.458839	2.991909
1908	-3432.581	-3598.295	165.7141	1.47352	3.336498	0.5009982	0.625123	0.374877	2.550391
1914	-3419.33	-3585.868	166.5384	1.497675	3.336498	0.4146808	0.595207	0.404793	2.106543
1920	-3423.687	-3589.692	166.0049	1.573241	3.624795	0.4115717	0.648749	0.351251	2.335706
1926	-3425.529	-3591.655	166.1267	1.505193	2.761727	0.4115717	0.648749	0.351251	2.522403
1932	-3417.3	-3583.454	166.1544	1.416887	2.761727	0.4077015	0.634142	0.365858	2.564734
1938	-3432.847	-3598.586	165.7381	1.529359	3.151037	0.3175134	0.746728	0.253272	2.763195
1944	-3421.536	-3588.053	166.5171	1.338237	2.587366	0.4947346	0.597364	0.402636	2.340082
1950	-3440.718	-3606.197	165.4795	1.358041	3.25724	0.4038792	0.674437	0.325563	2.889736
1956	-3432.173	-3598.498	166.3257	1.440012	2.767272	0.407136	0.652582	0.347418	2.442353
1962	-3429.937	-3596.282	166.3452	1.428289	2.767272	0.3841741	0.652582	0.347418	2.465451
1968	-3413.197	-3578.247	165.05	1.312365	2.437926	0.5095499	0.494313	0.505687	3.279735
1974	-3422.839	-3587.825	164.9853	1.312365	3.349934	0.432513	0.665556	0.334444	3.159251
1980	-3415.365	-3581.273	165.9082	1.608246	3.390945	0.5672305	0.589068	0.410932	2.263397
1986	-3418.507	-3584.774	166.2668	1.464526	3.718994	0.5255819	0.568984	0.431016	2.086938
1992	-3408.752	-3573.456	164.7043	1.314028	3.718994	0.4559959	0.651937	0.348063	3.218391
1998	-3419.814	-3584.692	164.8789	1.250244	2.95763	0.4559959	0.520727	0.479273	3.328699
2004	-3431.355	-3596.248	164.8928	1.231777	3.430935	0.3581242	0.582122	0.417878	3.328699
2010	-3422.113	-3587.803	165.6898	1.366664	3.479417	0.295827	0.766792	0.233208	2.843498
2016	-3423.542	-3588.078	164.5365	1.246755	2.979571	0.5089557	0.681418	0.318582	3.473271
2022	-3409.53	-3573.054	163.5243	1.207028	3.527564	0.3281934	0.62892	0.37108	4.149222
2028	-3414.941	-3580.238	165.2971	1.254836	2.667572	0.3421765	0.606617	0.393383	3.286022
2034	-3417.312	-3583.626	166.3141	1.382508	2.667572	0.3343887	0.605482	0.394518	2.60618
2040	-3416.262	-3580.237	163.9756	1.189801	3.979687	0.4028202	0.663871	0.336129	3.720994
2046	-3413.942	-3578.457	164.5142	1.198085	3.657247	0.4494767	0.6036	0.3964	3.418438
2052	-3418.485	-3583.217	164.732	1.19681	3.059047	0.3590532	0.6036	0.3964	3.529053
2058	-3429.901	-3594.219	164.3188	1.174181	2.565516	0.3539566	0.697176	0.302824	3.91475
2064	-3409.998	-3574.668	164.6704	1.234531	3.09488	0.3539566	0.698239	0.301761	3.54046
2070	-3412.588	-3577.422	164.8343	1.317199	3.09488	0.3469736	0.698239	0.301761	3.405035
2076	-3413.328	-3577.394	164.0656	1.303228	3.09488	0.3626956	0.73788	0.26212	3.840027
2082	-3417.975	-3582.474	164.4991	1.406375	4.145043	0.3840161	0.70182	0.29818	3.278469
2088	-3420.917	-3586.802	165.8854	1.424688	3.287713	0.3532791	0.684646	0.315354	2.655842
2094	-3420.227	-3585.871	165.6439	1.36375	3.287713	0.3532791	0.561406	0.438594	2.840713
2100	-3416.689	-3583.087	166.3978	1.456284	3.123403	0.5249971	0.561406	0.438594	2.156449
2106	-3410.909	-3577.969	167.0603	1.705585	2.693822	0.4801236	0.548097	0.451903	1.71735
2112	-3424.018	-3591.241	167.2233	1.715391	3.804621	0.3035764	0.6205	0.3795	1.521649
2118	-3433.326	-3600.626	167.2999	1.796452	3.264877	0.2714247	0.6205	0.3795	1.610172
2124	-3423.323	-3590.235	166.9124	1.587471	3.890037	0.3544118	0.562353	0.437647	1.736377
2130	-3415.091	-3581.805	166.714	1.601829	3.544971	0.3634392	0.71347	0.28653	1.934866
2136	-3420.678	-3586.409	165.7315	1.457303	3.544971	0.5029072	0.581827	0.418173	2.498256
2142	-3417.728	-3583.727	165.9998	1.392045	3.544971	0.3896747	0.650548	0.349452	2.498256
2148	-3418.938	-3584.724	165.7854	1.362417	3.544971	0.3565676	0.621637	0.378363	2.690852
2154	-3424.265	-3590.059	165.7944	1.429223	3.345523	0.3565676	0.621637	0.378363	2.690852
2160	-3421.656	-3586.802	165.1459	1.19673	3.274423	0.3565676	0.621637	0.378363	3.23783
2166	-3424.548	-3588.501	163.9529	1.210334	3.274423	0.3319688	0.529956	0.470044	3.953635
2172	-3430.211	-3593.962	163.7516	1.175057	3.358212	0.4343195	0.5907	0.4093	3.953635
2178	-3423.053	-3587.132	164.0781	1.164968	2.869571	0.4161161	0.567843	0.432157	3.907249
2184	-3423.155	-3586.896	163.7412	1.157641	3.097571	0.5625945	0.628367	0.371633	3.907249
2190	-3428.381	-3593.488	165.107	1.267597	2.61294	0.7109377	0.609578	0.390422	3.04907
2196	-3426.355	-3592.362	166.0068	1.460582	3.603889	0.4263695	0.642516	0.357484	2.393292
2202	-3429.123	-3595.495	166.3722	1.600602	2.686495	0.5958272	0.694603	0.305397	2.132898
2208	-3421.406	-3587.282	165.8763	1.433232	2.99811	0.5862001	0.68958	0.31042	2.477249
2214	-3424.192	-3589.464	165.2723	1.27203	2.99811	0.4587538	0.682655	0.317345	3.069457
2220	-3424.306	-3590.32	166.014	1.50894	2.56106	0.8179554	0.632273	0.367727	2.275701
2226	-3430.091	-3594.158	164.0668	1.471016	3.433193	0.881977	0.540943	0.459057	3.219171
2232	-3418.128	-3582.701	164.5731	1.134259	2.936405	0.50093	0.713207	0.286793	3.536039
2238	-3410.141	-3573.61	163.4685	1.061102	3.454619	0.5027032	0.511214	0.488786	4.091639
2244	-3421.058	-3584.489	163.4309	1.14688	3.546106	0.5194061	0.625692	0.374308	4.029099
2250	-3405.679	-3569.441	163.7622	1.23532	3.546106	0.3934319	0.566657	0.433343	3.916321
2256	-3419.007	-3583.032	164.0245	1.270039	3.535876	0.2611795	0.540916	0.459084	3.916321
2262	-3412.821	-3577.383	164.5626	1.290492	3.998713	0.2545338	0.671414	0.328586	3.508742
2268	-3416.364	-3580.038	163.6737	1.333845	3.713987	0.6122971	0.704837	0.295163	3.665887
2274	-3415.307	-3578.747	163.4393	1.199982	3.244991	0.4098516	0.553946	0.446054	4.168852
2280	-3415.159	-3578.978	163.8192	1.117839	3.244991	0.3715874	0.644097	0.355903	4.041979
2286	-3411.678	-3575.847	164.1686	1.278557	3.244991	0.3870711	0.607253	0.392747	3.731482
2292	-3411.188	-3577.033	165.8453	1.343741	3.507421	0.5310862	0.561214	0.438786	2.478337
2298	-3419.95	-3584.598	164.6484	1.189554	2.546099	0.5310862	0.684624	0.315376	3.535546
2304	-3429.375	-3594.598	165.2224	1.254332	2.170758	0.5500617	0.604183	0.395817	3.257054
2310	-3428.965	-3593.561	164.5963	1.10459	2.170758	0.5427726	0.650128	0.349872	3.716648
2316	-3416.343	-3580.688	164.3449	1.170363	2.313615	0.5818949	0.650128	0.349872	3.745182
2322	-3429.896	-3594.549	164.6528	1.297522	2.313615	0.4574908	0.577813	0.422187	3.609601
2328	-3432.964	-3597.89	164.9255	1.164757	2.179133	0.4574908	0.608034	0.391966	3.570141
2334	-3438.279	-3603.486	165.2069	1.271742	2.229366	0.378925	0.68049	0.31951	3.413395
2340	-3423.07	-3588.523	165.453	1.350805	3.100842	0.378925	0.583417	0.416583	2.977714
2346	-3424.154	-3588.963	164.8091	1.426917	3.100842	0.6127421	0.583417	0.416583	3.082422
2352	-3415.491	-3580.57	165.0796	1.341392	4.013022	0.530901	0.62999	0.37001	2.841288
2358	-3431.335	-3596.457	165.1221	1.44426	4.161654	0.3452596	0.687875	0.312125	2.928689
2364	-3422.346	-3588.636	166.2899	1.368238	3.180195	0.4196649	0.696187	0.303813	2.383734
2370	-3424.784	-3589.891	165.1073	1.416937	3.239432	0.4121029	0.592285	0.407715	3.072837
2376	-3420.132	-3585.733	165.601	1.4088	3.975583	0.3470939	0.602759	0.397241	2.694161
2382	-3420.142	-3586.894	166.752	1.495081	2.800653	0.3399993	0.620295	0.379705	2.212565
2388	-3417.079	-3583.815	166.7361	1.480713	3.188851	0.3162081	0.641138	0.358862	2.158912
2394	-3420.445	-3585.886	165.4411	1.419834	3.318491	0.4908289	0.641661	0.358339	2.766351
2400	-3412.508	-3578.87	166.3619	1.402724	2.789823	0.4908289	0.641661	0.358339	2.342163
2406	-3447.281	-3612.905	165.6237	1.402724	3.150868	0.5391207	0.587273	0.412727	2.658051
2412	-3434.302	-3600.38	166.078	1.464584	2.135091	0.5175679	0.547021	0.452979	2.658051
2418	-3408.036	-3573.446	165.4103	1.349256	2.18543	0.5826941	0.547021	0.452979	3.054871
2424	-3424.504	-3589.192	164.6879	1.195163	3.124626	0.5427144	0.547021	0.452979	3.347584
2430	-3421.612	-3585.997	164.3845	1.230762	3.291939	0.4875039	0.634733	0.365267	3.517262
2436	-3410.063	-3574.747	164.6832	1.281211	3.291939	0.4818343	0.515105	0.484895	3.31841
2442	-3418.955	-3583.329	164.3746	1.334042	3.006537	0.4273124	0.607028	0.392972	3.592481
2448	-3419.713	-3584.65	164.9369	1.200305	2.717156	0.4273124	0.564695	0.435305	3.417024
2454	-3410.483	-3575.238	164.7549	1.308728	3.033683	0.4273124	0.540296	0.459704	3.378521
2460	-3417.743	-3582.664	164.9209	1.218988	3.033683	0.3578221	0.566093	0.433907	3.413454
2466	-3418.613	-3583.327	164.714	1.311732	2.633511	0.3264598	0.595511	0.404489	3.62295
2472	-3423.454	-3587.836	164.3821	1.186866	3.653038	0.2751527	0.671039	0.328961	3.71354
2478	-3410.324	-3574.124	163.8003	1.192889	3.653038	0.4381089	0.621059	0.378941	3.848148
2484	-3414.725	-3578.584	163.8582	1.185063	3.653038	0.4537776	0.568107	0.431893	3.803189
2490	-3418.105	-3583.792	165.687	1.184658	2.707834	0.4206727	0.685428	0.314572	2.991652
2496	-3419.333	-3584.677	165.3443	1.29216	3.417641	0.4406048	0.629131	0.370869	2.932168
2502	-3411.113	-3575.861	164.7482	1.227515	4.371115	0.5137981	0.569834	0.430166	3.056022
2508	-3416.052	-3581.809	165.757	1.42732	3.037538	0.5137981	0.629777	0.370223	2.61453
2514	-3405.424	-3571.331	165.9067	1.452886	3.628069	0.4545265	0.629777	0.370223	2.423629
2520	-3412.592	-3579.015	166.4236	1.582367	3.628069	0.3699701	0.636632	0.363368	2.111506
2526	-3412.338	-3579.379	167.0406	1.723588	3.628069	0.3699701	0.601885	0.398115	1.590773
2532	-3401.932	-3568.574	166.6415	1.660759	3.631304	0.5072292	0.662381	0.337619	1.741701
2538	-3401.221	-3568.049	166.8285	1.671805	3.490641	0.423352	0.662381	0.337619	1.741701
2544	-3417.206	-3584.186	166.9808	1.674944	3.490641	0.4698377	0.602616	0.397384	1.570752
2550	-3418.149	-3585.355	167.2057	1.644361	2.872659	0.4698377	0.689026	0.310974	1.612123
2556	-3430.611	-3597.241	166.6297	1.686561	4.302448	0.4698377	0.595654	0.404346	1.614189
2562	-3424.859	-3591.682	166.8232	1.686561	4.120347	0.3961626	0.701311	0.298689	1.614189
2568	-3433.127	-3600.237	167.1098	1.686561	3.053252	0.4535458	0.662247	0.337753	1.615448
2574	-3424.945	-3591.86	166.9151	1.694219	3.719526	0.4535458	0.645989	0.354011	1.564208
2580	-3422.334	-3589.372	167.0381	1.639989	3.491909	0.383534	0.643375	0.356625	1.669591
2586	-3436.397	-3602.973	166.5752	1.639989	3.491909	0.5833375	0.643027	0.356973	1.755796
2592	-3415.76	-3582.605	166.8447	1.717245	3.491909	0.5148287	0.682159	0.317841	1.584059
2598	-3412.098	-3579.176	167.0776	1.750914	3.330086	0.5198837	0.690288	0.309712	1.424637
2604	-3415.005	-3581.701	166.6956	1.604417	3.572286	0.5198837	0.716817	0.283183	1.744036
2610	-3417.91	-3584.032	166.1215	1.484234	2.365339	0.5198837	0.598259	0.401741	2.540378
2616	-3407.254	-3573.72	166.4662	1.484234	2.365339	0.5047392	0.535363	0.464637	2.339088
2622	-3412.454	-3577.41	164.9558	1.155353	3.632108	0.3287274	0.677395	0.322605	3.329409
2628	-3403.15	-3568.56	165.4102	1.339216	3.662797	0.3287274	0.657135	0.342865	2.943033
2634	-3417.1	-3582.055	164.9551	1.264881	3.488502	0.3287274	0.657135	0.342865	3.296623
2640	-3413.209	-3577.344	164.1348	1.267688	3.488502	0.5013103	0.657135	0.342865	3.58363
2646	-3416	-3581.299	165.2992	1.226373	3.488502	0.5013103	0.657135	0.342865	2.919654
2652	-3429.832	-3593.474	163.6421	1.160615	2.961047	0.3825422	0.60322	0.39678	4.17283
2658	-3428.405	-3592.208	163.8037	1.086932	3.672578	0.5716991	0.544891	0.455109	3.776433
2664	-3405.512	-3568.556	163.0438	1.037045	3.387556	0.4669347	0.544891	0.455109	4.394785
2670	-3411.894	-3575.592	163.6979	1.178447	3.212413	0.3366132	0.609442	0.390558	4.125655
2676	-3413.901	-3578.723	164.8226	1.126733	3.212413	0.4855347	0.653188	0.346812	3.342192
2682	-3408.15	-3574.576	166.4262	1.434492	3.223221	0.3490083	0.630427	0.369573	2.333103
2688	-3406.566	-3572.979	166.4134	1.468439	3.199628	0.5290214	0.674685	0.325315	2.113848
2694	-3399.954	-3565.98	166.0258	1.425936	3.264633	0.5238121	0.653566	0.346434	2.37916
2700	-3409.077	-3573.737	164.6602	1.307787	3.662252	0.5630019	0.593216	0.406784	3.156553
2706	-3406.146	-3572.122	165.9757	1.37431	3.004993	0.3519006	0.617522	0.382478	2.704169
2712	-3417.341	-3583.276	165.9352	1.37431	3.004993	0.3715658	0.617522	0.382478	2.704169
2718	-3413.333	-3578.36	165.0267	1.257189	2.352248	0.5611078	0.730959	0.269041	3.303796
2724	-3409.277	-3573.711	164.4339	1.129833	2.943163	0.3835208	0.612157	0.387843	3.740504
2730	-3419.714	-3583.514	163.7995	1.245112	3.120455	0.5599663	0.571957	0.428043	3.820424
2736	-3410.815	-3574.7	163.8845	1.154325	3.313985	0.3975625	0.603421	0.396579	3.938802
2742	-3415.796	-3580.143	164.3462	1.155439	3.214871	0.4060961	0.603421	0.396579	3.685633
2748	-3418.431	-3582.459	164.0287	1.20721	3.214871	0.416881	0.707363	0.292637	3.82714
2754	-3414.302	-3578.647	164.3453	1.241964	2.980345	0.416881	0.660289	0.339711	3.680508
2760	-3407.704	-3572.341	164.6367	1.151276	3.10991	0.416964	0.675513	0.324487	3.532338
2766	-3416.676	-3581.652	164.9757	1.253022	3.10991	0.5031941	0.665871	0.334129	3.184515
2772	-3414.629	-3579.863	165.2344	1.205038	3.10991	0.5044952	0.588994	0.411006	3.057737
2778	-3415.604	-3580.477	164.8729	1.297323	2.797086	0.3858894	0.554837	0.445163	3.422702
2784	-3411.618	-3576.995	165.3777	1.28275	3.376259	0.4971404	0.582906	0.417094	2.868165
2790	-3422.21	-3587.618	165.4081	1.323942	2.852832	0.4119548	0.598729	0.401271	3.045823
2796	-3416.022	-3581.575	165.5529	1.319731	2.549041	0.4119548	0.670824	0.329176	3.045823
2802	-3409.761	-3574.829	165.0678	1.319731	3.267821	0.4765376	0.665252	0.334748	3.078607
2808	-3415.041	-3580.615	165.5744	1.383081	3.267821	0.5688323	0.614454	0.385546	2.643307
2814	-3415.165	-3581.105	165.94	1.432568	4.302339	0.472038	0.614454	0.385546	2.250243
2820	-3407.14	-3573.499	166.3587	1.378023	3.305776	0.3056665	0.739573	0.260427	2.451113
2826	-3402.303	-3568.403	166.0997	1.461818	3.664589	0.491007	0.739573	0.260427	2.246825
2832	-3414.173	-3580.405	166.2319	1.604745	3.060634	0.4569889	0.689106	0.310894	2.258242
2838	-3405.693	-3572.549	166.8564	1.564719	3.036222	0.3998047	0.547114	0.452886	1.950502
2844	-3418.792	-3585.375	166.5829	1.545371	3.036222	0.3998047	0.536628	0.463372	2.144278
2850	-3410.947	-3578.04	167.093	1.535416	3.036222	0.3998047	0.606416	0.393584	1.809271
2856	-3424.066	-3591.15	167.0839	1.535416	3.060135	0.3984209	0.552986	0.447014	1.810477
2862	-3412.486	-3579.291	166.8054	1.575801	2.510521	0.3984209	0.674864	0.325136	2.136536
2868	-3410.966	-3577.548	166.5825	1.47455	3.792634	0.3984209	0.678765	0.321235	2.00162
2874	-3417.878	-3584.75	166.8725	1.481078	3.021505	0.3984209	0.579219	0.420781	2.00162
2880	-3414.682	-3581.426	166.7439	1.481759	2.938511	0.4365423	0.591906	0.408094	2.062621
2886	-3414.992	-3581.759	166.7672	1.591118	2.938511	0.4365423	0.598199	0.401801	1.974491
2892	-3408.015	-3574.54	166.5252	1.445315	3.266506	0.4365423	0.606392	0.393608	2.141
2898	-3409.643	-3576.05	166.4078	1.387456	2.909195	0.3756187	0.608341	0.391659	2.422853
2904	-3419.927	-3586.245	166.318	1.4713	3.500875	0.2711266	0.631732	0.368268	2.422853
2910	-3416.395	-3582.569	166.1743	1.489905	2.87283	0.3788437	0.631033	0.368967	2.510953
2916	-3413.898	-3579.887	165.9892	1.388704	2.725177	0.439102	0.631033	0.368967	2.658591
2922	-3417.365	-3583.386	166.0211	1.388704	2.725177	0.4461782	0.66007	0.33993	2.631055
2928	-3419.588	-3585.791	166.2032	1.342509	2.725177	0.420207	0.682806	0.317194	2.576337
2934	-3414.349	-3580.487	166.1375	1.400115	3.313012	0.3804427	0.583358	0.416642	2.47386
2940	-3417.063	-3583.636	166.5737	1.591786	2.526168	0.4619831	0.66959	0.33041	2.195962
2946	-3418.372	-3585.04	166.6673	1.591261	3.113733	0.4372404	0.673666	0.326334	1.990895
2952	-3412.4	-3579.225	166.8251	1.584102	2.671491	0.4614342	0.614407	0.385593	1.990895
2958	-3424.563	-3591.244	166.6811	1.54015	2.726612	0.3271505	0.581409	0.418591	2.268799
2964	-3435.249	-3601.718	166.4699	1.570616	2.607797	0.5192039	0.675008	0.324992	2.189272
2970	-3430.514	-3597.094	166.5799	1.523925	2.867456	0.5617355	0.699816	0.300184	2.026237
2976	-3436.515	-3603.229	166.7143	1.630343	3.79174	0.4203617	0.651033	0.348967	1.777894
2982	-3430.913	-3598.24	167.3267	1.632252	2.589944	0.4203617	0.598429	0.401571	1.690559
2988	-3422.314	-3589.005	166.6906	1.558061	3.110741	0.3653776	0.666588	0.333412	2.089922
2994	-3428.102	-3593.812	165.7099	1.326345	2.571532	0.5408842	0.68312	0.31688	2.807185
3000	-3415.32	-3580.778	165.4583	1.387171	3.088627	0.3874119	0.614889	0.385111	2.945561
3006	-3424.841	-3591.399	166.5571	1.509818	2.573545	0.4367609	0.626808	0.373192	2.273605
3012	-3426.263	-3592.077	165.8131	1.525306	2.573545	0.6700727	0.662337	0.337663	2.505218
3018	-3418.78	-3584.907	166.1275	1.39135	2.573545	0.5990333	0.653858	0.346142	2.454406
3024	-3426.883	-3593.291	166.4078	1.502875	2.278133	0.5990333	0.619665	0.380335	2.30053
3030	-3429.405	-3595.442	166.0367	1.433759	2.278133	0.6308759	0.649486	0.350514	2.549229
3036	-3416.006	-3582.842	166.8363	1.474039	2.954498	0.3309212	0.6669	0.3331	2.14034
3042	-3418.422	-3584.926	166.504	1.474639	2.954498	0.4045372	0.577773	0.422227	2.25771
3048	-3425.125	-3589.744	164.6189	1.138913	3.906171	0.475235	0.531716	0.468284	3.313762
3054	-3420.718	-3585.305	164.5869	1.174034	3.390849	0.4255894	0.631203	0.368797	3.473448
3060	-3412.889	-3577.193	164.3046	1.239108	3.99706	0.5871396	0.641832	0.358168	3.317015
3066	-3417.123	-3580.727	163.6044	1.248964	4.232667	0.5871396	0.499445	0.500555	3.674614
3072	-3428.431	-3592.482	164.0516	1.362978	3.269108	0.8534707	0.55026	0.44974	3.348165
3078	-3424.767	-3589.804	165.037	1.27489	3.089866	0.6029798	0.55026	0.44974	3.048249
3084	-3409.131	-3574.95	165.8189	1.417639	2.804136	0.6282518	0.692582	0.307418	2.537862
3090	-3411.983	-3577.53	165.547	1.416209	3.212916	0.4742933	0.708009	0.291991	2.746563
3096	-3421.19	-3587.313	166.1227	1.457417	3.212916	0.5537909	0.642269	0.357731	2.280655
3102	-3414.658	-3580.594	165.9368	1.466491	2.896859	0.5537909	0.683916	0.316084	2.47645
3108	-3416.302	-3582.113	165.8106	1.381383	3.350271	0.4121464	0.609697	0.390303	2.641397
3114	-3407.154	-3572.535	165.3812	1.382104	3.350271	0.4595369	0.540573	0.459427	2.850782
3120	-3411.343	-3576.268	164.9249	1.360435	3.109709	0.4595369	0.65546	0.34454	3.194969
3126	-3422.715	-3588.198	165.4831	1.347625	2.63427	0.6285334	0.636588	0.363412	2.834958
3132	-3414.365	-3580.003	165.6374	1.372136	3.900638	0.4638937	0.583968	0.416032	2.571919
3138	-3404.992	-3571.238	166.2458	1.562536	2.639275	0.4638937	0.619344	0.380656	2.38757
3144	-3409.438	-3575.176	165.7389	1.405073	2.645103	0.4638937	0.571278	0.428722	2.797625
3150	-3424.18	-3590.028	165.8485	1.475168	2.742548	0.4542204	0.560796	0.439204	2.670423
3156	-3420.104	-3586.22	166.1166	1.50582	2.359281	0.5846512	0.668772	0.331228	2.4695
3162	-3414.051	-3580.287	166.2357	1.566737	2.176671	0.4789673	0.628442	0.371558	2.522408
3168	-3424.957	-3591.193	166.2354	1.525374	3.157835	0.4933282	0.729053	0.270947	2.2412
3174	-3417.326	-3584.239	166.9127	1.553972	2.808415	0.3306432	0.719602	0.280398	2.080346
3180	-3410.329	-3576.706	166.377	1.576303	2.592784	0.2851883	0.723066	0.276934	2.538547
3186	-3416.249	-3583.116	166.8674	1.594272	2.592784	0.2851883	0.703678	0.296322	2.216528
3192	-3414.792	-3581.316	166.5239	1.52428	2.592784	0.4932052	0.508639	0.491361	2.216528
3198	-3416.857	-3582.94	166.0829	1.440208	2.513155	0.4932052	0.581306	0.418694	2.572845
3204	-3409.416	-3575.774	166.3583	1.440208	2.477448	0.4932052	0.701871	0.298129	2.411561
3210	-3421.308	-3587.659	166.3507	1.463119	2.477448	0.4878822	0.581468	0.418532	2.407536
3216	-3418.598	-3584.718	166.1196	1.408998	3.058646	0.5005542	0.581468	0.418532	2.407536
3222	-3427.966	-3593.94	165.9738	1.476275	4.156036	0.3984996	0.590668	0.409332	2.316559
3228	-3429.837	-3595.525	165.688	1.365892	4.156036	0.3753023	0.7307	0.2693	2.5941
3234	-3418.906	-3584.507	165.601	1.382194	3.282996	0.4163382	0.630054	0.369946	2.780769
3240	-3414.578	-3580.259	165.6804	1.382194	2.963355	0.3896838	0.667358	0.332642	2.843578
3246	-3428.875	-3594.509	165.6345	1.42804	2.963355	0.3896838	0.582031	0.417969	2.843578
3252	-3414.999	-3580.27	165.271	1.273045	2.472553	0.5411681	0.586194	0.413806	3.131991
3258	-3415.896	-3581.221	165.3248	1.353045	3.371624	0.4980382	0.586194	0.413806	2.857787
3264	-3430.683	-3597.001	166.3189	1.678088	2.999252	0.4973493	0.652943	0.347057	2.126434
3270	-3422.136	-3586.166	164.0304	1.112606	2.991797	0.4022954	0.589337	0.410663	3.949304
3276	-3420.789	-3585.292	164.5033	1.260733	2.916083	0.4584823	0.598011	0.401989	3.550234
3282	-3419.274	-3583.327	164.0524	1.256348	2.784919	0.540856	0.59396	0.40604	3.768531
3288	-3419.861	-3585.27	165.409	1.308438	3.161953	0.4582912	0.618244	0.381756	2.92514
3294	-3421.303	-3586.76	165.4566	1.275874	3.161953	0.351972	0.618244	0.381756	3.038563
3300	-3404.297	-3570.164	165.867	1.359012	3.161953	0.3743407	0.618244	0.381756	2.711897
3306	-3415.59	-3581.521	165.9315	1.40075	3.161953	0.3715794	0.608606	0.391394	2.650017
3312	-3411.766	-3576.668	164.9026	1.348733	2.907593	0.4510574	0.58279	0.41721	3.274616
3318	-3415.66	-3580.569	164.9093	1.182111	2.907593	0.4418296	0.576373	0.423627	3.378405
3324	-3415.96	-3581.114	165.1542	1.186011	3.638465	0.4138222	0.577952	0.422048	3.090028
3330	-3421.952	-3588.445	166.4931	1.624698	3.233509	0.445697	0.609442	0.390558	2.041978
3336	-3422.364	-3588.727	166.3635	1.586849	3.314259	0.445697	0.605074	0.394926	2.131103
3342	-3419.647	-3585.775	166.1279	1.604865	3.314259	0.445697	0.605074	0.394926	2.271873
3348	-3419.906	-3585.628	165.7225	1.545675	3.7387	0.3976777	0.685756	0.314244	2.521822
3354	-3417.986	-3583.107	165.1212	1.315272	3.153875	0.4008796	0.697302	0.302698	3.158406
3360	-3410.935	-3576.553	165.6176	1.316922	3.43693	0.4008796	0.67687	0.32313	2.791955
3366	-3411.557	-3577.313	165.7562	1.371012	3.53269	0.3981251	0.67687	0.32313	2.655098
3372	-3423.903	-3590.524	166.6209	1.538198	2.717781	0.3324916	0.615808	0.384192	2.303645
3378	-3415.261	-3581.907	166.6463	1.475012	2.717781	0.3543683	0.683709	0.316291	2.297956
3384	-3423.879	-3590.106	166.2264	1.46916	3.984381	0.4201869	0.622663	0.377337	2.168793
3390	-3426.19	-3592.019	165.8286	1.576257	3.984381	0.4147584	0.660808	0.339192	2.361834
3396	-3415.979	-3582.985	167.0055	1.665903	3.065637	0.4147584	0.513616	0.486384	1.750977
3402	-3420.525	-3587.126	166.6011	1.716899	3.557431	0.451509	0.608593	0.391407	1.815699
3408	-3415.737	-3581.98	166.2428	1.328577	3.74298	0.3488292	0.608593	0.391407	2.392477
3414	-3419.274	-3584.91	165.6369	1.431755	2.720777	0.5624742	0.664263	0.335737	2.724276
3420	-3422.207	-3586.944	164.7365	1.261211	3.013995	0.4941743	0.682144	0.317856	3.353327
3426	-3428.812	-3594.349	165.5368	1.305013	3.022712	0.5380476	0.5512	0.4488	2.804644
3432	-3418.876	-3583.807	164.9314	1.440438	3.941346	0.6389943	0.58858	0.41142	2.788421
3438	-3414.214	-3580.003	165.7898	1.331308	2.709541	0.3860582	0.641495	0.358505	2.880804
3444	-3419.075	-3584.121	165.0468	1.341456	2.47782	0.498021	0.563968	0.436032	3.263906
3450	-3420.014	-3585.786	165.7724	1.427744	2.894632	0.3813446	0.531861	0.468139	2.788064
3456	-3426.13	-3591.865	165.7352	1.424634	3.227645	0.501398	0.531861	0.468139	2.593953
3462	-3421.923	-3588.545	166.6222	1.46044	2.56448	0.501398	0.657359	0.342641	2.194258
3468	-3412.845	-3579.465	166.6199	1.46044	2.56448	0.4870228	0.657359	0.342641	2.211192
3474	-3417.485	-3583.854	166.3692	1.5936	2.56448	0.4870228	0.581672	0.418328	2.2868
3480	-3411.605	-3578.296	166.6909	1.676752	2.808421	0.5639321	0.584577	0.415423	1.864045
3486	-3404.696	-3571.999	167.303	1.764399	2.808421	0.4109234	0.648884	0.351116	1.551878
3492	-3411.239	-3578.232	166.9923	1.648211	3.402294	0.4109234	0.633101	0.366899	1.682861
3498	-3405.319	-3572.203	166.8838	1.731046	3.402294	0.5042435	0.587153	0.412847	1.582839
3504	-3403.811	-3570.808	166.9973	1.720513	3.315934	0.5038933	0.587153	0.412847	1.532119
3510	-3415.155	-3582.227	167.0725	1.724327	3.315934	0.4517482	0.651553	0.348447	1.539564
3516	-3413.229	-3580.564	167.3353	1.885578	3.398581	0.4215801	0.651553	0.348447	1.224366
3522	-3419.798	-3587.153	167.3546	1.935772	3.398581	0.3853195	0.693456	0.306544	1.224366
3528	-3416.118	-3583.691	167.5733	1.844036	2.846255	0.414422	0.704815	0.295185	1.261651
3534	-3412.896	-3580.335	167.4385	1.857494	3.382713	0.414422	0.704815	0.295185	1.176704
3540	-3407.846	-3574.907	167.0613	1.767791	3.943324	0.3829359	0.563112	0.436888	1.440044
3546	-3399.958	-3567.191	167.2331	1.757675	3.256414	0.4305334	0.642655	0.357345	1.440044
3552	-3416.991	-3584.384	167.3926	1.762894	3.256414	0.3390235	0.697251	0.302749	1.452823
3558	-3405.037	-3572.026	166.9892	1.61702	3.187462	0.4895552	0.670167	0.329833	1.667893
3564	-3407.895	-3574.91	167.0144	1.617998	2.336072	0.5208004	0.638796	0.361204	1.884599
3570	-3420.011	-3586.951	166.94	1.514375	2.336072	0.5701359	0.588252	0.411748	1.953073
3576	-3401.132	-3567.729	166.5975	1.558251	2.605198	0.5701359	0.763038	0.236962	2.062854
3582	-3405.37	-3571.146	165.7757	1.506467	3.378049	0.6142381	0.583251	0.416749	2.371874
3588	-3412.309	-3578.632	166.3225	1.548635	3.064045	0.626439	0.579991	0.420009	2.061681
3594	-3408.017	-3574.956	166.9394	1.580359	3.064045	0.3851271	0.579991	0.420009	1.895305
3600	-3411.526	-3578.473	166.947	1.651342	2.936339	0.5858393	0.523201	0.476799	1.640137
3606	-3421.046	-3587.985	166.9385	1.659857	2.936339	0.5858393	0.666817	0.333183	1.640137
3612	-3416.369	-3583.867	167.4976	1.706216	2.58693	0.4200501	0.627771	0.372229	1.513957
3618	-3412.954	-3580.61	167.6567	1.808525	2.83388	0.4053116	0.627771	0.372229	1.240709
3624	-3414.883	-3582.362	167.4786	1.815022	2.969348	0.4053116	0.616133	0.383867	1.332733
3630	-3415.1	-3581.684	166.5837	1.671766	2.969348	0.6056574	0.616133	0.383867	1.85032
3636	-3412.704	-3579.768	167.0645	1.638624	2.828594	0.4355424	0.756676	0.243324	1.773362
3642	-3419.64	-3586.724	167.0846	1.732267	2.446076	0.6194422	0.636699	0.363301	1.611643
3648	-3411.32	-3578.502	167.1824	1.707622	3.140443	0.3868389	0.644215	0.355785	1.611643
3654	-3415.708	-3583.177	167.4697	1.699342	2.16153	0.5116971	0.654777	0.345223	1.583134
3660	-3412.526	-3579.497	166.9713	1.699342	2.643729	0.5887243	0.707426	0.292574	1.679777
3666	-3413.938	-3581.377	167.4384	1.84275	2.260782	0.5613307	0.636292	0.363708	1.39945
3672	-3410.661	-3577.875	167.2144	1.745755	3.793845	0.3696216	0.601525	0.398475	1.39945
3678	-3401.437	-3568.606	167.1688	1.791368	3.793845	0.3696216	0.629914	0.370086	1.39945
3684	-3401.718	-3568.321	166.6039	1.591417	3.169735	0.5068519	0.655446	0.344554	1.937525
3690	-3415.347	-3581.98	166.633	1.569063	3.153188	0.5068519	0.557885	0.442115	1.937525
3696	-3407.837	-3574.484	166.6469	1.611581	3.229984	0.4542203	0.668381	0.331619	1.938904
3702	-3422.248	-3589.255	167.0062	1.52077	2.76242	0.4583523	0.527778	0.472222	1.887004
3708	-3431.156	-3597.555	166.3999	1.453198	3.118651	0.4053838	0.735011	0.264989	2.292871
3714	-3419.182	-3585.565	166.3836	1.51621	2.899458	0.5192355	0.567083	0.432917	2.19436
3720	-3417.478	-3583.063	165.5848	1.319198	2.899458	0.4280483	0.605861	0.394139	2.912206
3726	-3423.161	-3587.928	164.7672	1.241552	3.636967	0.4280483	0.678183	0.321817	3.271232
3732	-3423.726	-3588.787	165.0616	1.250227	2.927398	0.408946	0.566177	0.433823	3.279448
3738	-3425.983	-3591.954	165.9712	1.364095	2.45142	0.408946	0.548535	0.451465	2.799105
3744	-3419.438	-3585.162	165.7241	1.341973	2.45142	0.3631625	0.709432	0.290568	3.016298
3750	-3419.329	-3583.467	164.1384	1.252973	3.276349	0.3800808	0.638396	0.361604	3.764501
3756	-3424.131	-3588.989	164.8575	1.251515	2.862636	0.4081214	0.670557	0.329443	3.416226
3762	-3410.39	-3575.077	164.6873	1.282464	3.791699	0.3730506	0.753503	0.246497	3.324101
3768	-3402.826	-3567.297	164.4708	1.245747	3.43125	0.4033137	0.621957	0.378043	3.514769
3774	-3404.096	-3568.305	164.2082	1.280063	2.7681	0.2836351	0.686809	0.313191	3.953694
3780	-3404.353	-3568.258	163.9048	1.278431	3.300409	0.4652027	0.571562	0.428438	3.787715
3786	-3403.246	-3567.079	163.8335	1.228033	3.300409	0.3809437	0.594449	0.405551	3.947527
3792	-3398.51	-3563.638	165.1279	1.231648	2.454904	0.3747495	0.641183	0.358817	3.419623
3798	-3401.495	-3567.196	165.7006	1.306742	2.784278	0.5701887	0.676012	0.323988	2.736916
3804	-3415.589	-3581.732	166.1432	1.316643	2.823127	0.4638326	0.645069	0.354931	2.55332
3810	-3403.932	-3569.957	166.0247	1.406164	2.928154	0.4638326	0.645069	0.354931	2.54263
3816	-3400.019	-3566.19	166.1706	1.35748	3.09164	0.37482	0.538416	0.461584	2.54263
3822	-3408.14	-3574.373	166.2327	1.423742	3.318616	0.4454964	0.528011	0.471989	2.319808
3828	-3415.624	-3581.948	166.3235	1.498001	3.168385	0.4454964	0.598415	0.401585	2.252551
3834	-3410.788	-3577.018	166.2298	1.443036	3.140734	0.5633653	0.666694	0.333306	2.230518
3840	-3408.726	-3575.016	166.2903	1.350482	2.025603	0.3453608	0.652245	0.347755	2.830226
3846	-3420.505	-3586.074	165.5685	1.384534	2.864198	0.6836017	0.544623	0.455377	2.65012
3852	-3406.12	-3570.583	164.4629	1.292966	3.098722	0.4768252	0.541521	0.458479	3.491375
3858	-3407.843	-3572.019	164.1754	1.213469	3.098722	0.4768252	0.54116	0.45884	3.704448
3864	-3405.917	-3571.082	165.1654	1.207163	3.098722	0.4416098	0.674968	0.325032	3.164772
3870	-3413.377	-3578.558	165.181	1.203117	3.243446	0.4416098	0.618906	0.381094	3.122962
3876	-3420.616	-3585.091	164.4749	1.181167	3.12996	0.4154542	0.763415	0.236585	3.605877
3882	-3415.205	-3580.033	164.8276	1.273625	2.914019	0.3943147	0.718958	0.281042	3.423163
3888	-3406.766	-3571.708	164.9419	1.32441	2.914019	0.6025492	0.550601	0.449399	3.120361
3894	-3405.669	-3571.001	165.3324	1.314313	3.187691	0.3494671	0.650035	0.349965	3.086715
3900	-3408.204	-3573.638	165.4336	1.401356	3.988859	0.3494671	0.646176	0.353824	2.795228
3906	-3408.402	-3574.08	165.6787	1.364625	3.40902	0.3494671	0.646176	0.353824	2.795228
3912	-3415.607	-3581.639	166.0325	1.391871	3.40902	0.4394563	0.666661	0.333339	2.451351
3918	-3433.157	-3598.942	165.7852	1.391871	3.386454	0.3447552	0.647301	0.352699	2.724966
3924	-3419.291	-3584.256	164.9652	1.31406	3.386454	0.4949093	0.622368	0.377632	3.097046
3930	-3422.415	-3587.947	165.5324	1.398854	3.386454	0.5010643	0.620099	0.379901	2.696742
3936	-3417.327	-3582.719	165.3914	1.323187	3.465903	0.5010643	0.625893	0.374107	2.810603
3942	-3420.27	-3585.459	165.1887	1.377389	2.607942	0.6216385	0.647296	0.352704	3.008039
3948	-3417.488	-3583.258	165.7693	1.405308	3.136014	0.4342045	0.647296	0.352704	2.679563
3954	-3414.382	-3580.646	166.2638	1.442245	3.136014	0.451055	0.632888	0.367112	2.328484
3960	-3405.929	-3572.509	166.5795	1.420723	3.136014	0.3771749	0.661517	0.338483	2.229284
3966	-3416.045	-3581.7	165.6548	1.547164	2.50565	0.6108949	0.620646	0.379354	2.66121
3972	-3421.937	-3587.758	165.8211	1.416447	2.536404	0.5722487	0.633458	0.366542	2.664989
3978	-3428.812	-3594.658	165.846	1.39033	3.799061	0.5304352	0.633458	0.366542	2.382687
3984	-3410.485	-3576.505	166.0201	1.456602	2.653488	0.5080673	0.604581	0.395419	2.544669
3990	-3427.833	-3593.831	165.9981	1.549294	3.255879	0.6308473	0.656671	0.343329	2.217876
3996	-3422.098	-3588.377	166.2784	1.59337	2.855829	0.4880879	0.62509	0.37491	2.257847
4002	-3407.305	-3574.188	166.8827	1.709133	2.855829	0.5427689	0.51557	0.48443	1.716495
4008	-3406.882	-3572.474	165.5921	1.45728	2.573312	0.6290857	0.685767	0.314233	2.718862
4014	-3412.658	-3579.067	166.4097	1.495463	2.284381	0.4801009	0.685767	0.314233	2.420511
4020	-3409.472	-3575.385	165.9127	1.486161	2.907445	0.5787459	0.560705	0.439295	2.452644
4026	-3408.701	-3575.346	166.6452	1.532092	2.907445	0.3920398	0.560705	0.439295	2.158105
4032	-3414.707	-3580.178	165.4709	1.359169	2.886915	0.4702308	0.602319	0.397681	2.914756
4038	-3413.341	-3578.558	165.2166	1.345489	2.886915	0.4454586	0.514596	0.485404	3.101576
4044	-3401.845	-3567.144	165.2993	1.240322	3.185499	0.4135785	0.514596	0.485404	3.0749
4050	-3409.298	-3574.179	164.8815	1.240322	3.185499	0.4135785	0.581933	0.418067	3.322553
4056	-3409.948	-3575.474	165.5267	1.30891	3.209095	0.4070193	0.672724	0.327276	2.898877
4062	-3405.708	-3571.358	165.6508	1.289511	3.045559	0.4070193	0.672724	0.327276	2.876234
4068	-3417.758	-3583.18	165.4219	1.488976	4.290441	0.6269367	0.550893	0.449107	2.393599
4074	-3409.841	-3574.891	165.0505	1.543149	4.276951	0.6510645	0.615259	0.384741	2.573858
4080	-3414.761	-3580.756	165.9952	1.642126	3.041953	0.6886553	0.699957	0.300043	2.16542
4086	-3409.347	-3576.296	166.9494	1.71727	2.986703	0.4507609	0.567887	0.432113	1.731577
4092	-3410.576	-3577.893	167.3164	1.769551	2.986703	0.4049881	0.617358	0.382642	1.488382
4098	-3412.05	-3579.243	167.1936	1.902813	3.11548	0.5115845	0.723311	0.276689	1.291323
4104	-3406.115	-3573.344	167.2288	1.824213	3.11548	0.3992552	0.596481	0.403519	1.480861
4110	-3403.141	-3570.554	167.4135	1.720392	3.11548	0.3572076	0.721339	0.278661	1.483323
4116	-3413	-3579.84	166.8396	1.669091	3.48604	0.3572076	0.666313	0.333687	1.827259
4122	-3414.22	-3581.528	167.3077	1.609697	2.741655	0.3572076	0.664655	0.335345	1.757374
4128	-3401.604	-3569.016	167.412	1.650548	2.730101	0.3810484	0.661163	0.338837	1.623673
4134	-3405.149	-3571.945	166.7966	1.46727	3.159926	0.3683113	0.661163	0.338837	2.062677
4140	-3415.085	-3581.479	166.3937	1.524337	3.161891	0.3683113	0.657989	0.342011	2.28673
4146	-3415.113	-3580.506	165.3938	1.247144	3.432772	0.4719159	0.519957	0.480043	2.892617
4152	-3431.444	-3595.766	164.3225	1.195107	3.585026	0.4991015	0.554654	0.445346	3.497821
4158	-3418.972	-3584.091	165.118	1.261887	3.115301	0.3809475	0.571059	0.428941	3.224436
4164	-3418.478	-3583.874	165.3955	1.366282	3.222215	0.4132747	0.642654	0.357346	2.933088
4170	-3412.682	-3578.627	165.9448	1.358235	3.008057	0.4819416	0.658083	0.341917	2.581446
4176	-3418.266	-3584.306	166.0393	1.535052	2.75097	0.3946112	0.688012	0.311988	2.581446
4182	-3421.431	-3586.314	164.8831	1.327245	3.102152	0.4653185	0.537548	0.462452	3.235222
4188	-3409.33	-3575.171	165.8412	1.407154	3.102152	0.4653185	0.537548	0.462452	2.608562
4194	-3405.428	-3571.675	166.2468	1.531509	3.102152	0.4653185	0.620717	0.379283	2.275217
4200	-3412.036	-3578.361	166.325	1.526525	3.430092	0.4758636	0.533226	0.466774	2.131889
4206	-3402.958	-3569.298	166.3403	1.50371	3.033867	0.5800926	0.659161	0.340839	2.131889
4212	-3397.078	-3563.451	166.3726	1.554378	3.033867	0.410654	0.638683	0.361317	2.261725
4218	-3406.773	-3573.079	166.3063	1.448968	3.998623	0.2854141	0.624454	0.375546	2.310246
4224	-3406.881	-3572.466	165.5851	1.407248	3.998623	0.4640636	0.695005	0.304995	2.561721
4230	-3417.122	-3582.417	165.2949	1.395933	2.584336	0.5710152	0.54984	0.45016	2.984294
4236	-3407.017	-3572.954	165.937	1.312717	3.169645	0.3826353	0.525561	0.474439	2.685246
4242	-3409.839	-3575.014	165.1751	1.347007	2.798997	0.6264282	0.591517	0.408483	2.977381
4248	-3408.897	-3575.053	166.1554	1.422907	2.798997	0.4938936	0.624757	0.375243	2.454063
4254	-3415.713	-3579.914	164.2011	1.288455	3.577418	0.5535786	0.685715	0.314285	3.465093
4260	-3422.623	-3587.178	164.5551	1.321047	3.390193	0.5520257	0.614097	0.385903	3.28099
4266	-3420.687	-3586	165.3128	1.337353	2.643284	0.4543877	0.562617	0.437383	3.105527
4272	-3419.057	-3585.057	166.0002	1.33332	2.326523	0.536612	0.564114	0.435886	2.704526
4278	-3406.451	-3572.84	166.3887	1.41365	3.632222	0.4462451	0.646264	0.353736	2.148677
4284	-3419.938	-3584.879	164.9405	1.367082	3.92889	0.5241495	0.551532	0.448468	2.93356
4290	-3412.978	-3579.26	166.2821	1.292116	2.562055	0.3749919	0.553119	0.446881	2.660224
4296	-3416.006	-3581.412	165.4056	1.35043	2.978713	0.3495719	0.641845	0.358155	3.073198
4302	-3415.949	-3581.596	165.6471	1.43007	2.978713	0.3495719	0.679815	0.320185	2.880179
4308	-3406.29	-3571.031	164.7417	1.283469	3.463354	0.3479429	0.673258	0.326742	3.392351
4314	-3409.295	-3575.868	166.5725	1.455226	2.920261	0.4466659	0.673258	0.326742	2.185326
4320	-3403.031	-3569.112	166.0811	1.468337	3.094963	0.4483645	0.748666	0.251334	2.441288
4326	-3409.921	-3576.493	166.5719	1.543837	3.236787	0.4185188	0.650839	0.349161	2.07531
4332	-3412.138	-3578.524	166.3863	1.536265	2.60527	0.4606324	0.634506	0.365494	2.328928
4338	-3410.913	-3577.021	166.1081	1.71434	3.4528	0.4606324	0.646278	0.353722	2.162402
4344	-3418.18	-3585.198	167.0181	1.733844	3.465493	0.4606324	0.648412	0.351588	1.518462
4350	-3415.238	-3582.608	167.3698	1.787982	2.877879	0.486813	0.688393	0.311607	1.356173
4356	-3414.695	-3581.684	166.9887	1.756881	2.719352	0.5214917	0.59107	0.40893	1.674929
4362	-3426.367	-3593.706	167.3385	1.807634	2.719352	0.3847054	0.59107	0.40893	1.560995
4368	-3425.504	-3592.812	167.3072	1.805786	2.719352	0.4442478	0.592998	0.407002	1.502409
4374	-3422.88	-3588.933	166.0525	1.768237	3.667113	0.6042332	0.641576	0.358424	1.960598
4380	-3421.912	-3588.056	166.1443	1.531032	4.074672	0.4854683	0.611176	0.388824	2.086608
4386	-3429.02	-3595.962	166.9415	1.606513	4.105669	0.3186225	0.665625	0.334375	1.705805
4392	-3415.731	-3583.078	167.3474	1.725763	2.757459	0.4570573	0.538873	0.461127	1.502123
4398	-3410.904	-3577.902	166.9981	1.711899	3.654889	0.4570573	0.634436	0.365564	1.502123
4404	-3414.999	-3582.371	167.3723	1.711899	2.93895	0.4423611	0.614481	0.385519	1.452739
4410	-3420.518	-3587.624	167.1063	1.682337	2.858555	0.4672652	0.614548	0.385452	1.66396
4416	-3417.053	-3584.35	167.2963	1.750226	2.858555	0.4672652	0.757606	0.242394	1.474628
4422	-3418.953	-3586.383	167.4302	1.750768	2.447816	0.4544137	0.567458	0.432542	1.53519
4428	-3406.979	-3573.968	166.9889	1.647249	3.030698	0.4310541	0.613894	0.386106	1.76477
4434	-3414.071	-3581.206	167.1351	1.722061	3.087814	0.4310541	0.645107	0.354893	1.590204
4440	-3408.591	-3575.675	167.0832	1.681849	2.701774	0.4547165	0.630471	0.369529	1.746288
4446	-3411.553	-3578.216	166.6632	1.602095	3.344051	0.5479445	0.630471	0.369529	1.797652
4452	-3427.781	-3594.052	166.2701	1.602095	3.58404	0.4838999	0.516218	0.483782	2.071536
4458	-3414.775	-3581.218	166.4438	1.520655	3.221426	0.4123027	0.591483	0.408517	2.185836
4464	-3401.347	-3567.854	166.5066	1.530732	3.303689	0.4123027	0.639339	0.360661	2.117092
4470	-3417.827	-3584.218	166.3912	1.512404	3.016794	0.5583647	0.566827	0.433173	2.119102
4476	-3417.556	-3583.972	166.4162	1.522071	2.463423	0.4846912	0.545066	0.454934	2.336489
4482	-3404.196	-3570.418	166.2224	1.552278	3.269249	0.4846912	0.610345	0.389655	2.212662
4488	-3417.85	-3584.268	166.4185	1.425252	3.277496	0.4694242	0.614034	0.385966	2.182742
4494	-3418.884	-3584.378	165.4936	1.337819	2.293364	0.5347063	0.648601	0.351399	3.021133
4500	-3409.032	-3574.713	165.6814	1.399677	2.293364	0.5689165	0.686976	0.313024	2.838781
4506	-3411.919	-3577.424	165.5049	1.319244	2.187749	0.4980924	0.607112	0.392888	3.094731
4512	-3423.708	-3589.453	165.7444	1.429739	2.979502	0.4816311	0.475178	0.524822	2.668854
4518	-3426.623	-3592.489	165.8668	1.408497	2.979502	0.4245384	0.502541	0.497459	2.668854
4524	-3416.656	-3583.273	166.6168	1.45082	3.048369	0.330656	0.502541	0.497459	2.271883
4530	-3416.729	-3583.272	166.5429	1.524817	3.587333	0.4058607	0.502541	0.497459	2.034085
4536	-3409.082	-3574.313	165.2316	1.34358	3.587333	0.6012389	0.668862	0.331138	2.773564
4542	-3418.598	-3583.31	164.713	1.374625	4.211899	0.6012389	0.59176	0.40824	2.938769
4548	-3402.989	-3568.297	165.308	1.34776	3.256582	0.4588931	0.59176	0.40824	2.938769
4554	-3406.666	-3571.162	164.4961	1.239496	3.256582	0.4588931	0.556205	0.443795	3.483893
4560	-3411.687	-3574.997	163.3099	1.13816	2.331916	0.3519236	0.677808	0.322192	4.575765
4566	-3418.258	-3582.428	164.1705	1.13816	2.331916	0.5373436	0.676819	0.323181	3.897696
4572	-3418.196	-3582.469	164.2732	1.22893	3.087746	0.5373436	0.582288	0.417712	3.584012
4578	-3408.234	-3573.66	165.4259	1.304628	3.087746	0.335328	0.694088	0.305912	3.079131
4584	-3411.262	-3577.336	166.0745	1.387472	3.04609	0.3472482	0.68977	0.31023	2.630676
4590	-3408.448	-3574.577	166.1285	1.373116	2.929252	0.3520356	0.629727	0.370273	2.630676
4596	-3410.292	-3576.235	165.9437	1.369374	3.506002	0.337061	0.653517	0.346483	2.623505
4602	-3424.346	-3590.385	166.0393	1.478357	3.114013	0.3141753	0.653517	0.346483	2.623505
4608	-3425.394	-3591.143	165.7494	1.416669	3.114013	0.4966238	0.588009	0.411991	2.623505
4614	-3411.099	-3576.946	165.8472	1.439332	3.218099	0.4650026	0.749068	0.250932	2.555951
4620	-3417.687	-3582.958	165.2711	1.361315	3.218099	0.6800182	0.634644	0.365356	2.758422
4626	-3429.36	-3594.142	164.7814	1.451793	3.933963	0.6800182	0.654735	0.345265	2.840359
4632	-3428.547	-3594.776	166.2288	1.509536	4.277252	0.2934106	0.543661	0.456339	2.250381
4638	-3410.59	-3576.982	166.3913	1.539205	4.277252	0.293616	0.578789	0.421211	2.125541
4644	-3416.003	-3582.376	166.3732	1.506518	2.910698	0.5201568	0.669332	0.330668	2.203223
4650	-3402.361	-3568.763	166.4012	1.512661	2.702458	0.4101913	0.534952	0.465048	2.363858
4656	-3417.936	-3583.086	165.15	1.48199	2.702458	0.6617246	0.524506	0.475494	2.908312
4662	-3406.029	-3571.53	165.5007	1.335675	2.927993	0.5278349	0.545866	0.454134	2.842345
4668	-3417.909	-3583.339	165.4298	1.38512	2.927993	0.5414318	0.575906	0.424094	2.842345
4674	-3419.229	-3584.856	165.6276	1.436626	2.844012	0.3995853	0.595085	0.404915	2.862461
4680	-3411.011	-3577.019	166.0077	1.416405	2.844012	0.3967282	0.595085	0.404915	2.645963
4686	-3419.875	-3585.901	166.0261	1.357241	2.937093	0.3967282	0.710089	0.289911	2.645963
4692	-3425.329	-3592.026	166.6967	1.513678	2.532616	0.3967282	0.64033	0.35967	2.242392
4698	-3434.337	-3599.249	164.912	1.350928	2.532616	0.4397753	0.579533	0.420467	3.381165
4704	-3421.526	-3586.212	164.6855	1.254878	3.717733	0.364971	0.614346	0.385654	3.36647
4710	-3413.351	-3577.933	164.5822	1.264301	2.983126	0.364971	0.547393	0.452607	3.588502
4716	-3416.348	-3581.139	164.7909	1.317389	2.983126	0.3656386	0.547393	0.452607	3.435073
4722	-3416.333	-3581.617	165.2845	1.342463	3.535041	0.3496127	0.503469	0.496531	3.017738
4728	-3420.707	-3585.745	165.0381	1.331726	5.021833	0.3397445	0.511558	0.488442	2.897896
4734	-3417.581	-3581.763	164.182	1.282649	5.000035	0.3131993	0.511558	0.488442	3.473406
4740	-3428.448	-3593.215	164.7666	1.274073	5.000035	0.3288373	0.495203	0.504797	3.113214
4746	-3431.856	-3596.727	164.8703	1.337942	3.487468	0.2653773	0.5045	0.4955	3.391227
4752	-3417.751	-3584.256	166.5053	1.354383	2.458914	0.4767232	0.646825	0.353175	2.396326
4758	-3414.905	-3581.897	166.9914	1.720341	3.136705	0.3999097	0.650235	0.349765	1.721883
4764	-3415.976	-3582.766	166.7896	1.613097	3.136705	0.5834987	0.641041	0.358959	1.721883
4770	-3433.091	-3600.09	166.9982	1.590135	3.405904	0.3930973	0.702983	0.297017	1.742878
4776	-3422.492	-3589.973	167.4805	1.852925	2.975225	0.339412	0.584822	0.415178	1.404513
4782	-3420.7	-3587.819	167.1189	1.806982	3.210752	0.391182	0.692516	0.307484	1.558348
4788	-3416.442	-3583.857	167.4155	1.806982	2.961058	0.3678244	0.692516	0.307484	1.448825
4794	-3412.317	-3579.66	167.3429	1.81607	2.961058	0.3377723	0.704911	0.295089	1.543886
4800	-3418.457	-3584.166	165.7088	1.416348	3.053673	0.5286107	0.567591	0.432409	2.632172
4806	-3432.388	-3598.398	166.0102	1.416348	3.053673	0.3615086	0.60664	0.39336	2.632172
4812	-3410.408	-3576.541	166.1324	1.413818	3.282187	0.3615086	0.640108	0.359892	2.50008
4818	-3408.937	-3574.294	165.3572	1.386739	3.557409	0.3784355	0.701846	0.298154	2.906758
4824	-3427.745	-3592.43	164.6853	1.317486	2.748411	0.3784355	0.712877	0.287123	3.541961
4830	-3414.742	-3580.689	165.9473	1.414455	3.476491	0.4140803	0.730884	0.269116	2.503812
4836	-3417.756	-3583.777	166.0212	1.309525	2.796514	0.3580297	0.707535	0.292465	2.763829
4842	-3415.794	-3581.86	166.0658	1.496702	3.237672	0.3583084	0.670115	0.329885	2.505123
4848	-3425.24	-3591.156	165.9169	1.394452	2.825345	0.5193704	0.731148	0.268852	2.587185
4854	-3421.603	-3587.948	166.3456	1.377313	2.825345	0.385156	0.56286	0.43714	2.479546
4860	-3423.153	-3589.032	165.8785	1.424508	2.400878	0.4303363	0.578604	0.421396	2.809947
4866	-3417.266	-3583.832	166.566	1.546361	2.943495	0.4303363	0.682861	0.317139	2.142991
4872	-3416.574	-3583.807	167.2337	1.70409	3.4587	0.3801546	0.677169	0.322831	1.493758
4878	-3414.988	-3582.142	167.1546	1.693709	3.596676	0.399515	0.671641	0.328359	1.493758
4884	-3414.102	-3580.697	166.5954	1.614059	3.457374	0.4802165	0.671641	0.328359	1.881554
4890	-3412.746	-3578.676	165.9308	1.546364	3.580149	0.4100762	0.692854	0.307146	2.411859
4896	-3421.374	-3588.205	166.8306	1.68155	2.472211	0.423776	0.649461	0.350539	2.031232
4902	-3411.477	-3577.626	166.1494	1.581439	3.114728	0.3663743	0.665302	0.334698	2.420413
4908	-3421.133	-3586.248	165.1146	1.374928	3.664544	0.3513543	0.621056	0.378944	3.069376
4914	-3423.796	-3588.357	164.5615	1.218911	3.116849	0.4360347	0.699278	0.300722	3.514568
4920	-3429.103	-3593.443	164.3401	1.321573	3.375755	0.5369366	0.480273	0.519727	3.424074
4926	-3435.636	-3600.414	164.7781	1.281872	4.083886	0.564311	0.601983	0.398017	3.013441
4932	-3431.405	-3596.56	165.1553	1.295392	3.033866	0.564311	0.664465	0.335535	3.013441
4938	-3430.231	-3595.837	165.6058	1.351214	2.433569	0.3726324	0.633956	0.366044	3.075316
4944	-3421.857	-3586.836	164.9786	1.241913	2.330994	0.441183	0.508341	0.491659	3.463873
4950	-3422.926	-3586.726	163.8006	1.27292	2.950074	0.5018275	0.594562	0.405438	3.897996
4956	-3428.443	-3592.959	164.5159	1.15763	2.261031	0.689475	0.595726	0.404274	3.582591
4962	-3410.807	-3574.622	163.8149	1.261794	3.134951	0.6978183	0.535352	0.464648	3.686458
4968	-3415.294	-3579.931	164.6377	1.208754	2.347169	0.5518922	0.532302	0.467698	3.569553
4974	-3419.657	-3583.301	163.6441	1.101774	3.410243	0.4031049	0.610672	0.389328	4.078723
4980	-3406.019	-3570.451	164.4315	1.166002	3.13664	0.4012753	0.592536	0.407464	3.653886
4986	-3419.375	-3583.35	163.9747	1.171454	2.828755	0.4012753	0.663656	0.336344	3.989233
4992	-3427.752	-3592.947	165.1946	1.358009	2.869115	0.5250735	0.59431	0.40569	3.031513
4998	-3422.374	-3586.416	164.0418	1.279094	2.696859	0.6365938	0.512802	0.487198	3.703193
5004	-3426.323	-3590.447	164.1233	1.149245	3.626356	0.4311186	0.531157	0.468843	3.700092
5010	-3433.702	-3598.42	164.7181	1.137591	3.010373	0.5604036	0.569128	0.430872	3.375649
5016	-3425.28	-3590.944	165.6644	1.254814	3.010373	0.3439906	0.639599	0.360401	2.974434
5022	-3416.937	-3583.927	166.9901	1.492008	2.301095	0.5824855	0.713394	0.286606	1.934214
5028	-3421.514	-3587.96	166.4461	1.464185	2.727007	0.4974595	0.657823	0.342177	2.260325
5034	-3417.797	-3583.969	166.172	1.463824	2.455228	0.5056524	0.691092	0.308908	2.507706
5040	-3411.484	-3577.541	166.056	1.396333	3.463892	0.4861953	0.691984	0.308016	2.369001
5046	-3406.272	-3571.346	165.0739	1.291956	3.463892	0.4114053	0.739205	0.260795	3.11602
5052	-3410.698	-3576.423	165.7251	1.333312	3.463892	0.4114053	0.645519	0.354481	2.697644
5058	-3409.877	-3574.914	165.0366	1.310571	3.245764	0.5092221	0.629933	0.370067	3.075348
5064	-3412.441	-3577.295	164.8533	1.263428	3.110424	0.3726026	0.704881	0.295119	3.390515
5070	-3414.657	-3580.724	166.0667	1.370715	3.110424	0.3726026	0.73106	0.26894	2.596838
5076	-3424.868	-3589.165	164.2976	1.305839	4.05534	0.5571343	0.568501	0.431499	3.296863
5082	-3416.287	-3580.119	163.8317	1.19089	4.05534	0.5375903	0.521831	0.478169	3.653868
5088	-3423.032	-3588.442	165.4099	1.389282	4.05534	0.4084672	0.542783	0.457217	2.731452
5094	-3414.929	-3580.796	165.8671	1.455669	4.05534	0.428686	0.63656	0.36344	2.382346
5100	-3420.713	-3586.264	165.5514	1.473924	2.884886	0.3681754	0.609608	0.390392	2.912733
5106	-3410.015	-3575.986	165.9719	1.370961	2.72104	0.3373751	0.60657	0.39343	2.803994
5112	-3415.222	-3578.7	163.4779	1.230269	2.72104	0.3978915	0.60657	0.39343	4.269807
5118	-3416.998	-3581.318	164.3198	1.194651	2.72104	0.6374089	0.60657	0.39343	3.58392
5124	-3413.562	-3578.067	164.5053	1.201609	2.72104	0.4656162	0.660052	0.339948	3.626799
5130	-3413.226	-3576.394	163.1681	1.144131	3.753115	0.4656162	0.640884	0.359116	4.188704
5136	-3413.243	-3578.177	164.9341	1.174437	2.498838	0.3825706	0.540875	0.459125	3.544332
5142	-3400.854	-3566.168	165.3144	1.198612	3.435508	0.4928543	0.563674	0.436326	2.947748
5148	-3410.937	-3577.449	166.5115	1.376214	2.166425	0.4266703	0.617623	0.382377	2.530538
5154	-3403.444	-3569.226	165.7824	1.277576	2.166425	0.4938062	0.606419	0.393581	2.964744
5160	-3415.648	-3580.49	164.8428	1.144514	2.903755	0.4938062	0.620342	0.379658	3.387619
5166	-3414.224	-3578.911	164.6875	1.273823	2.903755	0.5095652	0.574179	0.425821	3.387619
5172	-3419.938	-3583.364	163.4262	1.116533	2.826442	0.3846227	0.507531	0.492469	4.351107
5178	-3422.507	-3585.747	163.2404	1.096419	3.506095	0.3496881	0.658163	0.341837	4.351107
5184	-3432.151	-3596.937	164.7862	1.263195	3.350965	0.5095652	0.613572	0.386428	3.227367
5190	-3415.843	-3580.536	164.6928	1.314259	3.350965	0.4586259	0.618289	0.381711	3.303259
5196	-3413.058	-3578.466	165.4081	1.233733	3.350965	0.4293747	0.604344	0.395656	2.956692
5202	-3415.402	-3581.612	166.2109	1.471747	3.350965	0.3798833	0.591877	0.408123	2.3739
5208	-3419.825	-3586.171	166.3464	1.53562	3.461323	0.3798833	0.55959	0.44041	2.219342
5214	-3422.062	-3588.511	166.4492	1.560838	3.461323	0.3798833	0.64138	0.35862	2.136276
5220	-3413.196	-3579.555	166.3591	1.545915	4.102167	0.3824738	0.65147	0.34853	2.053318
5226	-3411.49	-3578.305	166.8145	1.713074	3.784295	0.3944946	0.694812	0.305188	1.68571
5232	-3412.192	-3578.958	166.7663	1.762116	2.811306	0.3944946	0.554128	0.445872	1.950902
5238	-3427.716	-3594.621	166.9056	1.527076	2.811306	0.3767178	0.634666	0.365334	2.038189
5244	-3410.114	-3576.751	166.6361	1.534151	2.811306	0.4759081	0.582973	0.417027	2.090292
5250	-3408.269	-3573.624	165.3547	1.292147	2.650902	0.3431428	0.561138	0.438862	3.233322
5256	-3419.523	-3584.505	164.9819	1.292147	2.756504	0.5187039	0.576133	0.423867	3.233322
5262	-3415.691	-3580.857	165.1662	1.365609	2.666174	0.5187039	0.521174	0.478826	3.105026
5268	-3420.934	-3586.719	165.7851	1.303153	2.154773	0.4816629	0.634871	0.365129	2.963904
5274	-3429.525	-3594.189	164.6644	1.135474	2.553581	0.5195092	0.687826	0.312174	3.566338
5280	-3412.487	-3578.339	165.8523	1.454806	2.632341	0.4228675	0.50934	0.49066	2.746781
5286	-3410.521	-3575.845	165.3241	1.318574	2.632341	0.4073254	0.563625	0.436375	3.164389
5292	-3422.804	-3589.278	166.474	1.472028	2.592227	0.4038534	0.605641	0.394359	2.383937
5298	-3434.849	-3599.677	164.8282	1.298395	2.592227	0.3023938	0.758088	0.241912	3.60738
5304	-3425.65	-3591.57	165.9202	1.52301	3.626985	0.4072393	0.727734	0.272266	2.425836
5310	-3417.823	-3583.001	165.1778	1.386056	3.57167	0.4122473	0.71111	0.28889	2.972514
5316	-3414.501	-3580.349	165.8488	1.386056	3.264428	0.3826624	0.665847	0.334153	2.67098
5322	-3419.305	-3585.411	166.106	1.479245	3.552849	0.295669	0.61885	0.38115	2.501519
5328	-3413.638	-3580.015	166.3764	1.630442	3.316187	0.4022446	0.68424	0.31576	2.146258
5334	-3422.562	-3588.199	165.6371	1.498137	2.627148	0.4966095	0.682481	0.317519	2.774204
5340	-3401.261	-3567.001	165.7395	1.385438	3.108636	0.5285307	0.682481	0.317519	2.618279
5346	-3417.403	-3583.875	166.4718	1.40428	2.976747	0.3943781	0.538841	0.461159	2.3297
5352	-3417.067	-3583.229	166.1623	1.53161	3.586905	0.3646346	0.675611	0.324389	2.3297
5358	-3427.477	-3593.197	165.7192	1.43888	3.586905	0.4970128	0.63136	0.36864	2.513819
5364	-3409.623	-3574.892	165.2688	1.475464	3.162479	0.5848454	0.643785	0.356215	2.785274
5370	-3416.467	-3582.732	166.2656	1.576509	3.162479	0.5269226	0.643785	0.356215	2.151854
5376	-3415.708	-3581.292	165.5833	1.435893	2.952281	0.6226894	0.748819	0.251181	2.637062
5382	-3413.174	-3578.936	165.7617	1.288902	2.952281	0.4011397	0.652501	0.347499	2.840263
5388	-3411.551	-3576.346	164.7953	1.217912	3.720086	0.3893781	0.572639	0.427361	3.2943
5394	-3411.438	-3576.523	165.0851	1.278742	2.620428	0.3807016	0.572639	0.427361	3.362948
5400	-3421.482	-3583.733	162.2518	1.053537	3.450778	0.4004261	0.573759	0.426241	4.883953
5406	-3421.468	-3584.299	162.8314	1.215127	2.65442	0.4004261	0.489084	0.510916	4.657061
5412	-3415.34	-3579.649	164.3092	1.301853	2.65442	0.4456082	0.578557	0.421443	3.720602
5418	-3419.485	-3583.714	164.2294	1.255315	3.047475	0.7496797	0.578557	0.421443	3.431834
5424	-3415.745	-3579.865	164.1192	1.275629	2.964536	0.7496797	0.667275	0.332725	3.50495
5430	-3422.376	-3587.22	164.8441	1.209328	3.296117	0.295034	0.66503	0.33497	3.482661
5436	-3419.934	-3584.865	164.9315	1.282321	3.296117	0.610003	0.502412	0.497588	3.050942
5442	-3424.495	-3589.653	165.158	1.225472	3.178312	0.3457479	0.684898	0.315102	3.249916
5448	-3415.245	-3580.261	165.0161	1.207136	2.974531	0.3457479	0.684898	0.315102	3.394194
5454	-3423.094	-3587.908	164.8136	1.263778	3.070644	0.4173405	0.634263	0.365737	3.372233
5460	-3424.833	-3590.388	165.5547	1.331889	3.420993	0.3471878	0.683894	0.316106	2.890446
5466	-3439.337	-3604.873	165.5357	1.333456	2.80175	0.4931532	0.59002	0.40998	2.890446
5472	-3438.269	-3603.425	165.1565	1.305688	3.862608	0.3638978	0.614925	0.385075	3.028229
5478	-3430.911	-3595.658	164.7468	1.305688	3.00533	0.4725155	0.613648	0.386352	3.344874
5484	-3440.712	-3605.488	164.7759	1.345782	3.00533	0.7304796	0.688526	0.311474	3.080195
5490	-3417.178	-3582.729	165.5503	1.449667	2.397232	0.5679694	0.632131	0.367869	2.856256
5496	-3418.376	-3584.495	166.1188	1.449667	2.68899	0.3517696	0.727862	0.272138	2.656182
5502	-3429.075	-3594.849	165.7738	1.442227	2.515167	0.4926512	0.622783	0.377217	2.761788
5508	-3427.594	-3593.124	165.53	1.287284	2.922439	0.4926512	0.616245	0.383755	2.890139
5514	-3416.008	-3581.963	165.955	1.36067	3.045655	0.5465064	0.54831	0.45169	2.498472
5520	-3412.409	-3577.389	164.9802	1.382802	3.202549	0.4621321	0.611198	0.388802	3.123611
5526	-3427.263	-3593.585	166.3219	1.523895	2.732896	0.5015001	0.437447	0.562553	2.295618
5532	-3414.782	-3581.185	166.4028	1.617585	2.620165	0.5495282	0.559032	0.440968	2.167506
5538	-3412.662	-3579.255	166.5928	1.633727	3.154743	0.32458	0.661448	0.338552	2.149418
5544	-3411.59	-3578.339	166.7487	1.571295	3.154743	0.32458	0.744297	0.255703	2.088248
5550	-3414.518	-3580.258	165.7399	1.297848	3.154743	0.3438915	0.616843	0.383157	2.866805
5556	-3411.278	-3576.616	165.3379	1.329141	3.154743	0.3738468	0.632566	0.367434	3.05251
5562	-3410.633	-3575.866	165.2335	1.353091	2.753578	0.4462214	0.557936	0.442064	3.121652
5568	-3415.823	-3581.081	165.2583	1.501839	3.980049	0.5191437	0.577289	0.422711	2.652211
5574	-3413.281	-3578.324	165.0429	1.412526	3.980049	0.4129091	0.610153	0.389847	2.950287
5580	-3421.318	-3587.292	165.9744	1.435514	3.770929	0.4033935	0.673156	0.326844	2.418883
5586	-3421.149	-3586.217	165.0674	1.282915	3.270113	0.4608912	0.673156	0.326844	3.116373
5592	-3431.38	-3596.836	165.4553	1.373016	2.989898	0.4475392	0.49109	0.50891	2.912974
5598	-3422.934	-3588.705	165.7705	1.402676	2.908427	0.502306	0.465466	0.534534	2.667027
5604	-3417.149	-3582.807	165.6577	1.516766	2.908427	0.560829	0.620143	0.379857	2.609015
5610	-3414.998	-3578.611	163.613	1.15046	3.129822	0.560829	0.575278	0.424722	3.97872
5616	-3419.229	-3583.381	164.1519	1.16361	3.129822	0.4190322	0.632607	0.367393	3.798935
5622	-3416.236	-3581.479	165.2433	1.282232	3.129822	0.5979867	0.475227	0.524773	2.914345
5628	-3432.873	-3597.027	164.1538	1.299261	3.270886	0.5065344	0.576836	0.423164	3.598078
5634	-3429.244	-3594.288	165.043	1.252976	3.253309	0.5065344	0.610624	0.389376	3.10669
5640	-3424.782	-3589.819	165.0377	1.252976	3.157021	0.5087201	0.63037	0.36963	3.130845
5646	-3426.638	-3591.887	165.2495	1.280219	3.417227	0.3380422	0.631798	0.368202	3.117162
5652	-3428.144	-3593.586	165.4424	1.308769	3.704405	0.4733814	0.618242	0.381758	2.763224
5658	-3422.681	-3587.937	165.2563	1.236827	2.720799	0.4733814	0.628899	0.371101	3.157851
5664	-3423.346	-3587.777	164.4305	1.37784	3.002262	0.4479382	0.651457	0.348543	3.513743
5670	-3431.113	-3596.135	165.0221	1.299392	3.134119	0.5040988	0.590187	0.409813	3.122547
5676	-3426.782	-3592.931	166.1487	1.357583	2.750743	0.3805606	0.591953	0.408047	2.640761
5682	-3402.676	-3568.08	165.4044	1.336974	2.750743	0.4480717	0.577158	0.422842	3.028026
5688	-3412.052	-3577.971	165.9188	1.375669	2.951933	0.4093417	0.577158	0.422842	2.681875
5694	-3414.08	-3580.72	166.6392	1.498621	2.951933	0.4151004	0.58659	0.41341	2.142469
5700	-3426.797	-3593.423	166.6258	1.537476	2.347446	0.6469607	0.637536	0.362464	2.069176
5706	-3418.5	-3585.18	166.6798	1.524705	2.553579	0.5127868	0.627558	0.372442	2.106087
5712	-3423.033	-3590.187	167.1541	1.539898	2.36354	0.4328404	0.618905	0.381095	1.93522
5718	-3419.843	-3586.987	167.1446	1.60005	2.36354	0.4328404	0.593188	0.406812	1.900943
5724	-3421.11	-3587.967	166.8575	1.585369	2.693545	0.5147656	0.716163	0.283837	1.900943
5730	-3417.151	-3584.032	166.8811	1.583769	2.651135	0.5147656	0.621948	0.378052	1.899436
5736	-3416.278	-3583.404	167.1261	1.616202	2.651135	0.5520842	0.621948	0.378052	1.665512
5742	-3407.467	-3574.354	166.8872	1.616202	3.201152	0.5520842	0.660282	0.339718	1.665512
5748	-3415.666	-3582.559	166.893	1.652724	3.421822	0.3612568	0.737609	0.262391	1.812758
5754	-3408.757	-3575.826	167.0688	1.639746	3.049777	0.4904898	0.587728	0.412272	1.63404
5760	-3414.407	-3580.825	166.4174	1.534391	3.075084	0.4904898	0.718006	0.281994	2.142589
5766	-3425.518	-3591.403	165.885	1.385893	3.118589	0.4642944	0.658225	0.341775	2.5915
5772	-3421.499	-3587.381	165.8822	1.306347	2.654292	0.4560319	0.632585	0.367415	2.776261
5778	-3420.122	-3586.716	166.594	1.532205	2.629086	0.5430747	0.632585	0.367415	2.10221
5784	-3414.769	-3580.793	166.0231	1.424564	2.629086	0.5633363	0.530417	0.469583	2.515628
5790	-3412.751	-3579.473	166.7222	1.467565	3.047878	0.4170427	0.639592	0.360408	2.079311
5796	-3402.209	-3568.873	166.6635	1.505958	3.047878	0.3301044	0.667739	0.332261	2.207218
5802	-3403.546	-3570.348	166.8025	1.566898	3.047878	0.3920052	0.544383	0.455617	1.992035
5808	-3407.081	-3574.124	167.0437	1.578587	3.047878	0.3477972	0.5391	0.4609	1.882144
5814	-3432.503	-3598.983	166.48	1.57957	3.70944	0.3426383	0.773096	0.226904	2.094391
5820	-3413.001	-3579.606	166.6042	1.430715	3.122959	0.4236233	0.641505	0.358495	2.152285
5826	-3416.509	-3583.038	166.5285	1.466021	2.6233	0.5092502	0.535805	0.464195	2.224729
5832	-3405.979	-3572.502	166.5236	1.345367	2.6233	0.4435421	0.624176	0.375824	2.37678
5838	-3408.836	-3575.254	166.418	1.494979	2.6233	0.4199052	0.660058	0.339942	2.376279
5844	-3410.707	-3576.766	166.0591	1.404876	2.802734	0.4199052	0.647531	0.352469	2.605486
5850	-3411.966	-3577.845	165.8791	1.358581	3.236553	0.4237605	0.517777	0.482223	2.627447
5856	-3401.15	-3566.691	165.5407	1.352945	3.047952	0.4455737	0.517777	0.482223	2.860752
5862	-3421.081	-3584.84	163.7589	1.343051	3.047952	0.6414482	0.500537	0.499463	3.736503
5868	-3412.308	-3576.768	164.46	1.284446	3.063953	0.6208894	0.500537	0.499463	3.375497
5874	-3407.101	-3570.966	163.8654	1.178126	3.510052	0.5210668	0.662936	0.337064	3.768123
5880	-3413.327	-3578.278	164.9515	1.336041	2.415904	0.5210668	0.718586	0.281414	3.319363
5886	-3420.625	-3584.68	164.0553	1.22696	3.390124	0.5210668	0.554619	0.445381	3.656484
5892	-3410.9	-3576.083	165.1827	1.365547	3.301132	0.5556265	0.566148	0.433852	2.897294
5898	-3415.083	-3580.978	165.8951	1.466129	3.251262	0.5556265	0.620478	0.379522	2.408247
5904	-3409.108	-3575.032	165.9245	1.409408	2.892199	0.6216463	0.575089	0.424911	2.458409
5910	-3423.411	-3589.899	166.4882	1.428034	2.98845	0.4175246	0.596592	0.403408	2.272634
5916	-3420.457	-3586.841	166.3838	1.487038	3.465413	0.4175246	0.630747	0.369253	2.178558
5922	-3413.52	-3579.148	165.6287	1.389827	3.465413	0.475411	0.639825	0.360175	2.651016
5928	-3416.18	-3581.083	164.9032	1.356284	3.465413	0.475411	0.634754	0.365246	3.110497
5934	-3413.384	-3577.866	164.4816	1.288826	2.654941	0.5208913	0.639112	0.360888	3.554101
5940	-3412.124	-3576.372	164.2477	1.342127	2.977381	0.7019576	0.564013	0.435987	3.423123
5946	-3419.315	-3585.338	166.0225	1.488221	2.977381	0.5646979	0.574588	0.425412	2.376397
5952	-3409.257	-3573.539	164.2814	1.224608	2.628251	0.5646979	0.574588	0.425412	3.675158
5958	-3410.654	-3573.472	162.8184	1.130205	2.47597	0.5646979	0.552536	0.447464	4.60326
5964	-3417.869	-3581.048	163.1794	1.007179	2.8592	0.5561203	0.523278	0.476722	4.375923
5970	-3421.861	-3585.556	163.6953	1.077222	2.543197	0.5542041	0.650133	0.349867	4.128406
5976	-3417.095	-3581.4	164.3056	1.21083	3.572861	0.4663869	0.480493	0.519507	3.53346
5982	-3416.973	-3581.124	164.1513	1.3532	3.429941	0.4575986	0.55143	0.44857	3.580524
5988	-3420.704	-3584.598	163.8943	1.364421	3.16276	0.6896186	0.509925	0.490075	3.580524
5994	-3424.603	-3588.535	163.9324	1.303944	3.16276	0.6370087	0.509925	0.490075	3.634837
6000	-3434.356	-3598.936	164.581	1.180088	3.324418	0.4169421	0.601605	0.398395	3.497832
6006	-3420.271	-3584.883	164.6125	1.292459	2.694962	0.3847129	0.643272	0.356728	3.605826
6012	-3424.587	-3587.875	163.2886	1.098751	3.140328	0.3847129	0.600955	0.399045	4.363061
6018	-3418.519	-3582.667	164.1477	1.131206	3.357573	0.394617	0.536337	0.463663	3.794459
6024	-3418.772	-3584.122	165.3504	1.28883	2.73009	0.394617	0.614728	0.385272	3.153932
6030	-3419.466	-3584.332	164.8654	1.178656	2.874066	0.394617	0.642204	0.357796	3.466426
6036	-3418.72	-3582.676	163.9562	1.140318	2.834489	0.394617	0.703859	0.296141	4.023486
6042	-3405.578	-3570.564	164.9857	1.279097	2.949996	0.4800138	0.709079	0.290921	3.226068
6048	-3412.246	-3577.971	165.7249	1.279097	3.254364	0.3709125	0.724972	0.275028	2.828895
6054	-3413.553	-3579.323	165.7701	1.443379	3.844267	0.3413773	0.747862	0.252138	2.603886
6060	-3409.36	-3575.765	166.4057	1.5114	3.01316	0.3413773	0.595879	0.404121	2.362549
6066	-3406.569	-3572.542	165.9731	1.461487	3.01316	0.3820431	0.69926	0.30074	2.612036
6072	-3425.01	-3591.098	166.0879	1.445551	2.419804	0.7290833	0.462812	0.537188	2.381841
6078	-3410.58	-3577.025	166.4448	1.472297	2.311884	0.4098328	0.563323	0.436677	2.483081
6084	-3409.586	-3574.637	165.0504	1.389408	3.08651	0.5348304	0.517464	0.482536	3.03414
6090	-3422.14	-3587.609	165.4698	1.344525	2.644063	0.5348304	0.466985	0.533015	2.926473
6096	-3418.51	-3584.592	166.0815	1.346389	2.644063	0.4752239	0.648956	0.351044	2.611761
6102	-3431.277	-3597.749	166.4717	1.600799	3.129355	0.3576364	0.51487	0.48513	2.210091
6108	-3414.366	-3581.094	166.7281	1.577505	3.129355	0.3576364	0.644159	0.355841	2.057898
6114	-3421.186	-3587.44	166.2538	1.551954	3.129355	0.3835018	0.612961	0.387039	2.34739
6120	-3419.055	-3585.247	166.1923	1.422176	3.022529	0.4386716	0.620106	0.379894	2.43039
6126	-3417.832	-3583.191	165.3591	1.285448	3.310773	0.4386716	0.738676	0.261324	2.954295
6132	-3415.038	-3580.406	165.3678	1.26867	3.104504	0.49108	0.732689	0.267311	2.954295
6138	-3404.82	-3570.165	165.3453	1.236982	3.104504	0.3795224	0.623605	0.376395	3.108652
6144	-3417.19	-3583.212	166.022	1.394292	3.037842	0.3696554	0.594929	0.405071	2.632289
6150	-3423.095	-3588.835	165.7403	1.316448	3.995659	0.3696554	0.594929	0.405071	2.632289
6156	-3402.541	-3567.883	165.3424	1.369819	2.918435	0.4221658	0.645182	0.354818	3.029074
6162	-3394.081	-3560.193	166.1118	1.449296	2.918435	0.4329667	0.645182	0.354818	2.498373
6168	-3417.255	-3582.974	165.7191	1.449137	4.092459	0.3418331	0.645182	0.354818	2.579171
6174	-3419.719	-3585.329	165.6103	1.420179	3.970505	0.5635404	0.760967	0.239033	2.442836
6180	-3419.458	-3585.229	165.7714	1.508402	3.948013	0.5441152	0.544179	0.455821	2.308676
6186	-3420.174	-3586.231	166.057	1.39973	3.321589	0.4966282	0.682983	0.317017	2.389871
6192	-3416.081	-3582.172	166.0912	1.533013	3.321589	0.4161207	0.653838	0.346162	2.373718
6198	-3406.573	-3572.633	166.0606	1.523685	3.04336	0.4791408	0.690424	0.309576	2.399139
6204	-3411.834	-3578.372	166.538	1.456132	3.04336	0.4430798	0.516736	0.483264	2.1772
6210	-3417.073	-3583.174	166.1014	1.47828	3.314013	0.636289	0.566946	0.433054	2.1772
6216	-3419.424	-3585.601	166.1774	1.4758	3.314013	0.636289	0.566946	0.433054	2.129361
6222	-3419.276	-3586.262	166.986	1.676644	3.314013	0.3192321	0.658129	0.341871	1.823148
6228	-3410.78	-3577.474	166.6945	1.577576	3.630262	0.4008211	0.650715	0.349285	1.892923
6234	-3410.416	-3577.223	166.8061	1.536551	3.630262	0.4718529	0.650715	0.349285	1.755298
6240	-3413.225	-3578.602	165.377	1.506699	3.211286	0.5727918	0.585111	0.414889	2.698927
6246	-3416.391	-3581.735	165.3442	1.409086	3.747005	0.539386	0.612159	0.387841	2.686326
6252	-3407.128	-3572.441	165.3129	1.205355	2.713743	0.539386	0.612159	0.387841	3.080337
6258	-3418.23	-3582.995	164.7652	1.347764	2.713743	0.539386	0.733523	0.266477	3.320534
6264	-3420.908	-3586.301	165.3931	1.336628	2.652522	0.6900078	0.576746	0.423254	2.840352
6270	-3424.834	-3592.059	167.2249	1.753085	2.717615	0.3978861	0.592484	0.407516	1.664773
6276	-3424.945	-3591.905	166.9606	1.723456	3.172309	0.3950816	0.592484	0.407516	1.737724
6282	-3426.069	-3590.937	164.8674	1.263454	2.249056	0.5140553	0.654661	0.345339	3.468737
6288	-3426.843	-3591.642	164.7989	1.16067	2.57067	0.4722903	0.636267	0.363733	3.514291
6294	-3424.145	-3588.395	164.2504	1.211505	2.759991	0.6152296	0.582978	0.417022	3.622271
6300	-3419.138	-3584.484	165.3452	1.361396	3.000771	0.4193869	0.556604	0.443396	3.014314
6306	-3407.498	-3572.784	165.2859	1.294795	3.309136	0.4193869	0.610542	0.389458	3.014314
6312	-3424.577	-3589.529	164.9522	1.362513	2.687623	0.4193869	0.643109	0.356891	3.329461
6318	-3411.552	-3576.599	165.0473	1.175851	2.644888	0.4342939	0.556035	0.443965	3.378851
6324	-3410.989	-3576.542	165.5532	1.356128	2.644888	0.4342939	0.556035	0.443965	2.971506
6330	-3410.643	-3575.993	165.3497	1.245893	2.622981	0.4342939	0.528061	0.471939	3.165123
6336	-3417.61	-3582.924	165.3138	1.146663	2.622981	0.4342939	0.531161	0.468839	3.245191
6342	-3405.934	-3570.745	164.8112	1.243883	2.622981	0.4677736	0.52224	0.47776	3.448524
6348	-3406.713	-3572.064	165.3516	1.267689	2.499832	0.4677736	0.52224	0.47776	3.151007
6354	-3427.518	-3593.224	165.7057	1.454255	3.585959	0.3719925	0.52224	0.47776	2.654639
6360	-3428.915	-3594.415	165.4999	1.256577	2.769291	0.4313079	0.705186	0.294814	3.032059
6366	-3421.189	-3587.289	166.0999	1.447564	3.152731	0.4313079	0.658886	0.341114	2.446953
6372	-3410.339	-3576.499	166.1601	1.387419	3.152731	0.4313079	0.658886	0.341114	2.446953
6378	-3419.015	-3584.66	165.6445	1.427778	4.727539	0.3958971	0.658886	0.341114	2.446953
6384	-3415.623	-3581.701	166.0788	1.396438	4.161114	0.2771527	0.625946	0.374054	2.465996
6390	-3410.296	-3575.1	164.8033	1.295715	3.771646	0.4230144	0.676619	0.323381	3.194814
6396	-3427.198	-3592.453	165.2546	1.216374	3.771646	0.4112509	0.726084	0.273916	2.986087
6402	-3429.552	-3594.668	165.1159	1.325356	2.408445	0.3967483	0.623878	0.376122	3.359927
6408	-3418.321	-3584.014	165.6929	1.240371	2.408445	0.4352945	0.598632	0.401368	3.025286
6414	-3424.51	-3589.081	164.5707	1.162366	2.408445	0.4352945	0.604271	0.395729	3.730109
6420	-3428.277	-3593.019	164.742	1.272577	2.408445	0.4170392	0.675818	0.324182	3.586587
6426	-3419.938	-3584.688	164.7502	1.144231	2.971789	0.3458995	0.650664	0.349336	3.586587
6432	-3435.617	-3599.554	163.937	1.069451	2.971789	0.4553455	0.710028	0.289972	3.976457
6438	-3419.219	-3582.983	163.7639	1.077877	2.6239	0.3962855	0.658589	0.341411	4.221537
6444	-3427.516	-3590.092	162.5761	1.02696	2.6239	0.3962855	0.68818	0.31182	4.91714
6450	-3400.551	-3564.562	164.0112	1.105633	2.646345	0.5163415	0.597027	0.402973	3.937879
6456	-3415.442	-3579.24	163.7982	1.102218	2.806836	0.5163415	0.655406	0.344594	4.019521
6462	-3421.194	-3585.826	164.6329	1.207802	2.806836	0.5308568	0.688019	0.311981	3.463302
6468	-3423.473	-3587.787	164.3136	1.270275	3.91732	0.4785035	0.688019	0.311981	3.410409
6474	-3422.728	-3587.673	164.9451	1.356243	3.91732	0.4785035	0.542968	0.457032	2.985033
6480	-3418.204	-3584	165.7969	1.345511	2.370713	0.3755811	0.542968	0.457032	2.979826
6486	-3412.851	-3578.32	165.4694	1.461064	3.241478	0.3595527	0.692143	0.307857	2.89065
6492	-3414.165	-3579.315	165.1506	1.354215	2.979988	0.3693256	0.663484	0.336516	3.197939
6498	-3411.865	-3576.871	165.0059	1.476238	3.47718	0.7360487	0.663484	0.336516	2.744474
6504	-3414.536	-3580.659	166.1233	1.476425	2.434814	0.4396851	0.663484	0.336516	2.60704
6510	-3434.619	-3598.476	163.8575	1.182454	3.453501	0.5320465	0.679542	0.320458	3.772364
6516	-3422.972	-3588.514	165.5414	1.496977	3.453501	0.5043959	0.580057	0.419943	2.611568
6522	-3414.992	-3581.525	166.5333	1.477161	2.851013	0.3336234	0.678875	0.321125	2.358426
6528	-3422.249	-3589.177	166.9279	1.518261	2.581692	0.4233717	0.651335	0.348665	2.040145
6534	-3415.047	-3581.796	166.7496	1.566113	2.581692	0.491435	0.691005	0.308995	2.047128
6540	-3413.427	-3579.548	166.1216	1.464001	2.931681	0.63047	0.601405	0.398595	2.28012
6546	-3409.171	-3575.251	166.0792	1.364101	2.887048	0.4838375	0.583622	0.416378	2.524623
6552	-3409.6	-3575.812	166.2126	1.41025	2.887048	0.4838375	0.656184	0.343816	2.412062
6558	-3424.123	-3590.113	165.9901	1.472034	3.774074	0.4838375	0.526526	0.473474	2.2932
6564	-3414.452	-3580.589	166.1364	1.521393	3.198047	0.496678	0.66994	0.33006	2.2932
6570	-3415.82	-3581.909	166.0893	1.370697	3.198047	0.4329231	0.607062	0.392938	2.488438
6576	-3402.16	-3568.437	166.2767	1.487283	3.198047	0.4160026	0.570613	0.429387	2.316272
6582	-3403.316	-3568.543	165.2266	1.316035	3.198047	0.4480557	0.630947	0.369053	3.032281
6588	-3409.107	-3574.145	165.0377	1.207923	3.08927	0.4480557	0.711491	0.288509	3.235494
6594	-3398.804	-3563.781	164.9768	1.310036	3.03555	0.4480557	0.562425	0.437575	3.22436
6600	-3408.708	-3574.706	165.9978	1.377218	2.982944	0.4323363	0.678252	0.321748	2.597552
6606	-3410.872	-3577.025	166.1525	1.474102	2.628974	0.4323363	0.678252	0.321748	2.53997
6612	-3410.844	-3577.33	166.4866	1.443424	2.628974	0.4413092	0.639568	0.360432	2.338871
6618	-3425.035	-3590.605	165.5698	1.428238	3.647958	0.4669922	0.695536	0.304464	2.630945
6624	-3418.207	-3583.15	164.9432	1.316194	2.632424	0.497337	0.758245	0.241755	3.296544
6630	-3413.808	-3579.239	165.4311	1.292004	2.632424	0.497337	0.697974	0.302026	3.021058
6636	-3411.76	-3577.344	165.584	1.376363	2.847998	0.497337	0.604693	0.395307	2.81842
6642	-3399.519	-3565.004	165.4847	1.376363	3.26387	0.497337	0.6842	0.3158	2.772772
6648	-3404.286	-3570.04	165.7538	1.376363	2.467701	0.4492593	0.636232	0.363768	2.873681
6654	-3411.608	-3577.784	166.1757	1.495078	2.293771	0.4492593	0.61292	0.38708	2.597292
6660	-3423.071	-3588.861	165.7902	1.375767	2.507724	0.4319312	0.754028	0.245972	2.859007
6666	-3412.975	-3578.495	165.5199	1.272982	2.622089	0.2893607	0.617041	0.382959	3.226688
6672	-3416.546	-3580.767	164.2207	1.288779	3.779665	0.4398994	0.604689	0.395311	3.521399
6678	-3417.629	-3582.664	165.0353	1.288779	2.842351	0.5023836	0.709987	0.290013	3.196644
6684	-3410.16	-3575.269	165.1095	1.27774	3.044817	0.4166527	0.670701	0.329299	3.196644
6690	-3414.974	-3579.983	165.0089	1.287619	3.044817	0.3603555	0.602994	0.397006	3.315666
6696	-3419.597	-3584.503	164.9054	1.187336	3.141072	0.3980111	0.602994	0.397006	3.367752
6702	-3421.924	-3588.049	166.1256	1.350563	3.028361	0.3530303	0.716023	0.283977	2.618956
6708	-3415.818	-3582.779	166.9613	1.668722	2.438177	0.5212763	0.716023	0.283977	1.850091
6714	-3417.653	-3584.655	167.0015	1.553401	2.50054	0.5212763	0.518522	0.481478	1.88026
6720	-3416.809	-3584.086	167.2769	1.511712	2.50054	0.4595953	0.688399	0.311601	1.790768
6726	-3410.553	-3577.246	166.6929	1.535059	2.760729	0.4595953	0.630541	0.369459	2.085884
6732	-3423.399	-3590.436	167.0372	1.458254	2.182598	0.4712741	0.601767	0.398233	2.085884
6738	-3410.881	-3577.814	166.9332	1.52995	2.182598	0.4902996	0.56259	0.43741	2.085884
6744	-3410.566	-3577.34	166.7739	1.452786	2.963212	0.4112169	0.718915	0.281085	2.085884
6750	-3421.394	-3586.006	164.6121	1.288652	2.852001	0.4187496	0.57276	0.42724	3.52889
6756	-3414.732	-3578.534	163.8023	1.174837	2.852001	0.4187496	0.57276	0.42724	4.060904
6762	-3417.147	-3581.463	164.3159	1.195483	2.733473	0.3512076	0.664997	0.335003	3.862285
6768	-3415.749	-3580.124	164.3743	1.055463	2.916432	0.3512076	0.559177	0.440823	3.862285
6774	-3408.332	-3572.511	164.1785	1.237238	2.777028	0.3885075	0.554194	0.445806	3.862285
6780	-3410.633	-3572.918	162.285	1.144119	2.777028	0.5469843	0.674101	0.325899	4.829376
6786	-3416.943	-3580.627	163.684	1.148823	2.148499	0.5469843	0.615962	0.384038	4.216667
6792	-3426.225	-3592.291	166.0659	1.548528	3.27451	0.4084038	0.738765	0.261235	2.400838
6798	-3430.325	-3596.729	166.4039	1.548528	2.796849	0.3893153	0.737419	0.262581	2.33761
6804	-3415.34	-3579.728	164.3879	1.164492	3.026791	0.5458805	0.722061	0.277939	3.561893
6810	-3404.207	-3569.292	165.0855	1.296374	2.886916	0.4184007	0.564246	0.435754	3.237964
6816	-3416.35	-3582.215	165.8651	1.467322	3.308887	0.4184007	0.569893	0.430107	2.557183
6822	-3426.598	-3592.713	166.1157	1.451524	3.308887	0.2993979	0.545319	0.454681	2.565277
6828	-3431.796	-3596.913	165.1171	1.311505	3.308887	0.4185642	0.545319	0.454681	3.106188
6834	-3399.933	-3564.981	165.0481	1.315281	3.239505	0.377593	0.615722	0.384278	3.208354
6840	-3406.786	-3571.004	164.2174	1.262512	3.317445	0.4253969	0.627883	0.372117	3.653707
6846	-3412.034	-3575.328	163.2935	1.224779	3.984889	0.5134337	0.676937	0.323063	3.979859
6852	-3408.993	-3575.601	166.6075	1.562383	3.053612	0.3498102	0.681165	0.318835	2.177977
6858	-3408.646	-3575.544	166.8983	1.784775	3.302426	0.2335378	0.681165	0.318835	1.955931
6864	-3408.503	-3575.481	166.9775	1.784144	2.965097	0.2335378	0.687021	0.312979	1.996008
6870	-3404.605	-3571.447	166.842	1.660382	2.965097	0.2981462	0.687021	0.312979	2.059974
6876	-3407.123	-3573.349	166.2269	1.568391	2.965097	0.2981462	0.687021	0.312979	2.512874
6882	-3403.189	-3569.365	166.1761	1.444569	2.917535	0.3894363	0.694257	0.305743	2.512874
6888	-3404.003	-3570.645	166.6418	1.549463	2.638764	0.4018235	0.679786	0.320214	2.215601
6894	-3403.023	-3569.686	166.6628	1.551717	2.762854	0.4722038	0.679786	0.320214	2.079728
6900	-3425.868	-3592.46	166.5914	1.48271	2.26169	0.4946018	0.679786	0.320214	2.305483
6906	-3421.474	-3587.275	165.8017	1.352389	2.720465	0.4946018	0.597509	0.402491	2.738188
6912	-3427.555	-3592.599	165.0443	1.229035	2.720465	0.482299	0.573114	0.426886	3.279012
6918	-3435.377	-3600.264	164.8874	1.287888	2.949685	0.482299	0.573114	0.426886	3.276726
6924	-3418.704	-3583.298	164.5946	1.380205	2.476042	0.482299	0.573114	0.426886	3.522374
6930	-3421.681	-3585.127	163.4455	1.175756	3.118261	0.4568047	0.581662	0.418338	4.159552
6936	-3415.462	-3577.888	162.4257	1.046722	3.118261	0.4568047	0.581662	0.418338	4.806202
6942	-3413.928	-3576.513	162.5851	0.963393	2.284	0.4568047	0.603077	0.396923	4.979805
6948	-3416.304	-3580.953	164.6492	1.245505	3.870796	0.4568047	0.595795	0.404205	3.259074
6954	-3419.198	-3584.989	165.7913	1.415136	2.625451	0.6375332	0.530965	0.469035	2.59958
6960	-3416.718	-3582.426	165.7077	1.50085	2.945599	0.4352593	0.645202	0.354798	2.706698
6966	-3414.188	-3580.425	166.2373	1.506152	2.825149	0.4810125	0.571855	0.428145	2.356113
6972	-3403.411	-3567.956	164.5445	1.222821	2.941518	0.4539165	0.558941	0.441059	3.546612
6978	-3410.044	-3573.881	163.8365	1.310784	2.941518	0.6608443	0.609358	0.390642	3.721092
6984	-3411.324	-3575.746	164.4221	1.337312	2.7354	0.3191169	0.62849	0.37151	3.759064
6990	-3415.148	-3580.447	165.2995	1.291796	2.308612	0.3191169	0.657661	0.342339	3.396844
6996	-3417.318	-3582.961	165.6424	1.372768	2.308612	0.5254801	0.654541	0.345459	2.914594
7002	-3424.728	-3588.967	164.2385	1.175423	3.062594	0.5254801	0.491646	0.508354	3.652198
7008	-3414.869	-3579.298	164.4286	1.193029	3.065414	0.4810557	0.617177	0.382823	3.573373
7014	-3409.757	-3573.951	164.1944	1.109802	3.065414	0.4556283	0.673964	0.326036	3.782582
7020	-3416.088	-3580.59	164.5025	1.186079	3.466104	0.4150459	0.673964	0.326036	3.510418
7026	-3420.719	-3585.319	164.6002	1.228061	3.466104	0.4150459	0.676174	0.323826	3.428812
7032	-3418.512	-3584.039	165.527	1.292374	3.772351	0.3485241	0.584655	0.415345	2.8513
7038	-3429.577	-3594.691	165.114	1.33398	3.772351	0.426535	0.646061	0.353939	2.982572
7044	-3425.753	-3591.351	165.598	1.341281	1.800801	0.6018046	0.648301	0.351699	3.066198
7050	-3411.921	-3577.333	165.412	1.320627	2.579668	0.4621301	0.542896	0.457104	3.066198
7056	-3413.998	-3577.916	163.9177	1.225911	2.669847	0.5626595	0.596254	0.403746	3.874527
7062	-3418.196	-3582.935	164.7394	1.230896	2.669847	0.431525	0.621872	0.378128	3.522808
7068	-3404.287	-3569.317	165.0296	1.160515	2.508171	0.4271735	0.572099	0.427901	3.444312
7074	-3408.813	-3574.58	165.7669	1.36899	2.508171	0.4975058	0.698809	0.301191	2.807768
7080	-3418.682	-3583.869	165.1872	1.36899	2.508171	0.6480036	0.433235	0.566765	3.020772
7086	-3419.361	-3585.212	165.851	1.428766	2.508171	0.4122356	0.65995	0.34005	2.812022
7092	-3412.633	-3578.421	165.7883	1.428766	2.995522	0.3727437	0.657598	0.342402	2.761729
7098	-3414.834	-3580.124	165.2908	1.269789	2.315575	0.5673159	0.45094	0.54906	3.14574
7104	-3416.605	-3581.158	164.5534	1.240206	3.113313	0.4269935	0.710278	0.289722	3.517417
7110	-3403.019	-3567.901	164.882	1.157244	3.253829	0.3826113	0.537941	0.462059	3.390114
7116	-3411.795	-3578.049	166.2534	1.335431	3.296852	0.4418275	0.638797	0.361203	2.372369
7122	-3429.828	-3595.908	166.0802	1.401647	2.953236	0.308996	0.728264	0.271736	2.694509
7128	-3437.554	-3602.957	165.4026	1.351095	2.935075	0.3460999	0.722393	0.277607	3.090122
7134	-3425.705	-3592.471	166.7662	1.659323	2.576765	0.575049	0.562586	0.437414	1.88636
7140	-3423.194	-3589.699	166.5043	1.562618	2.869722	0.5449216	0.562586	0.437414	2.067124
7146	-3422.181	-3588.474	166.2934	1.562618	2.631895	0.5174518	0.757234	0.242766	2.302438
7152	-3415.266	-3581.754	166.4878	1.544645	3.057084	0.5638209	0.617063	0.382937	2.017474
7158	-3419.459	-3585.995	166.5363	1.544645	3.346204	0.5058365	0.741562	0.258438	1.9683
7164	-3410.907	-3577.513	166.6061	1.653427	2.793805	0.4486973	0.621743	0.378257	2.067992
7170	-3416.388	-3583.237	166.8495	1.619077	2.784515	0.3978243	0.743448	0.256552	1.994727
7176	-3417.713	-3584.609	166.896	1.570528	2.688509	0.3840142	0.633092	0.366908	2.043233
7182	-3425.009	-3592.246	167.2373	1.561159	2.450893	0.3840142	0.667615	0.332385	1.897409
7188	-3413.451	-3580.271	166.8201	1.561159	3.041081	0.3840142	0.654334	0.345666	1.996506
7194	-3418.093	-3585.638	167.5448	1.744335	2.341672	0.4836735	0.616581	0.383419	1.456529
7200	-3413.04	-3580.495	167.4549	1.7174	2.576106	0.4836735	0.51977	0.48023	1.456529
7206	-3423.944	-3591.385	167.4412	1.738441	2.695546	0.4485496	0.51977	0.48023	1.454527
7212	-3425.278	-3592.326	167.0485	1.826538	3.005456	0.6401126	0.582317	0.417683	1.351281
7218	-3418.279	-3585.114	166.835	1.826538	3.005456	0.6401126	0.556587	0.443413	1.51533
7224	-3408.552	-3575.824	167.2714	1.781081	3.005456	0.4450778	0.680996	0.319004	1.451508
7230	-3416.664	-3583.861	167.197	1.79068	3.005456	0.4219822	0.602644	0.397356	1.531959
7236	-3412.71	-3579.998	167.2877	1.676431	3.005456	0.4219822	0.765163	0.234837	1.5494
7242	-3412.618	-3579.873	167.2549	1.775961	3.019382	0.3841342	0.559865	0.440135	1.5494
7248	-3407.26	-3574.303	167.0429	1.80054	3.354339	0.415168	0.559865	0.440135	1.543363
7254	-3418.029	-3585.349	167.3197	1.890942	3.354339	0.3640376	0.59544	0.40456	1.338895
7260	-3418.745	-3586.06	167.315	1.780968	2.935788	0.3640376	0.640707	0.359293	1.557608
7266	-3415.087	-3582.133	167.0458	1.803713	3.552181	0.3640376	0.625538	0.374462	1.557608
7272	-3412.553	-3579.751	167.1987	1.713718	3.175813	0.3888628	0.625538	0.374462	1.581951
7278	-3410.48	-3577.52	167.0401	1.713718	3.175813	0.3955304	0.722151	0.277849	1.686859
7284	-3406.774	-3573.683	166.9082	1.749062	3.813856	0.3955304	0.58931	0.41069	1.583414
7290	-3406.629	-3573.56	166.9307	1.608908	3.496732	0.3955304	0.673104	0.326896	1.749604
7296	-3415.47	-3582.527	167.057	1.639151	3.750143	0.3023087	0.626107	0.373893	1.713298
7302	-3414.592	-3581.735	167.1438	1.719509	3.487452	0.3722255	0.648137	0.351863	1.552981
7308	-3421.504	-3588.566	167.0619	1.701618	3.487452	0.4237481	0.732224	0.267776	1.552981
7314	-3425.212	-3592.286	167.0738	1.803031	3.487452	0.3710729	0.622151	0.377849	1.544705
7320	-3420.584	-3585.793	165.2088	1.374054	3.896421	0.3183272	0.61161	0.38839	3.007501
7326	-3451.403	-3614.824	163.4205	1.2929	3.449534	0.3741169	0.61383	0.38617	4.121147
7332	-3434.803	-3602.069	167.2652	1.784934	3.013055	0.3567642	0.578117	0.421883	1.577983
7338	-3419.663	-3586.852	167.1889	1.726143	3.12853	0.3567642	0.704425	0.295575	1.641089
7344	-3413.931	-3580.362	166.4318	1.635673	4.610842	0.3917968	0.583664	0.416336	1.823689
7350	-3421.045	-3587.484	166.4393	1.575801	3.95471	0.4563485	0.54304	0.45696	1.920502
7356	-3418.102	-3585.137	167.0353	1.646294	4.373042	0.2860713	0.747425	0.252575	1.602669
7362	-3416.32	-3583.01	166.6907	1.646294	3.927487	0.3408545	0.579085	0.420915	1.860192
7368	-3428.154	-3595.056	166.9021	1.602275	3.927487	0.3582254	0.609446	0.390554	1.718606
7374	-3419.923	-3586.166	166.2435	1.379003	3.572793	0.3582254	0.596597	0.403403	2.386682
7380	-3404.165	-3569.991	165.8261	1.379205	3.572793	0.3429389	0.659111	0.340889	2.666838
7386	-3413.604	-3579.577	165.9729	1.28979	2.669602	0.448151	0.550832	0.449168	2.735103
7392	-3413.561	-3579.049	165.4887	1.308587	3.025431	0.448151	0.550832	0.449168	2.921974
7398	-3412.363	-3576.998	164.6351	1.209096	3.025431	0.3898807	0.513524	0.486476	3.550392
7404	-3412.378	-3578.933	166.5555	1.52018	2.925225	0.4435559	0.611885	0.388115	2.156414
7410	-3410.483	-3576.921	166.4379	1.602303	3.206802	0.4435559	0.671656	0.328344	2.102701
7416	-3412.548	-3579.289	166.7405	1.666647	3.206802	0.4435355	0.671656	0.328344	1.857188
7422	-3405.486	-3572.004	166.5189	1.542926	2.369261	0.4435355	0.550386	0.449614	2.333786
7428	-3413.843	-3580.493	166.6502	1.378229	2.541517	0.4515191	0.625111	0.374889	2.291155
7434	-3424.275	-3590.982	166.707	1.534967	2.589098	0.4169586	0.654106	0.345894	2.179462
7440	-3422.995	-3590.115	167.1194	1.595288	2.699378	0.4169586	0.645636	0.354364	1.829708
7446	-3425.259	-3592.036	166.7767	1.540009	3.173238	0.3161093	0.669088	0.330912	2.097886
7452	-3425.789	-3590.752	164.9625	1.353365	3.632183	0.2971386	0.662437	0.337563	3.250937
7458	-3421.608	-3588.071	166.4627	1.547702	3.656951	0.2822533	0.672667	0.327333	2.227998
7464	-3419.519	-3586.171	166.6518	1.656007	3.224769	0.3436197	0.555569	0.444431	2.050349
7470	-3419.349	-3586.322	166.9727	1.61079	3.905855	0.4097863	0.668184	0.331816	1.594008
7476	-3417.311	-3584.865	167.5537	1.706943	3.241931	0.3926032	0.629969	0.370031	1.2881
7482	-3426.265	-3593.69	167.425	1.899911	3.241931	0.4899111	0.634158	0.365842	1.079946
7488	-3428.129	-3595.282	167.1529	1.891233	2.858796	0.4899111	0.621318	0.378682	1.44704
7494	-3417.556	-3584.841	167.2843	1.66429	3.008456	0.4676607	0.666891	0.333109	1.499032
7500	-3417.575	-3585.09	167.5158	1.735438	2.359298	0.4676607	0.547196	0.452804	1.499032
7506	-3408.912	-3576.474	167.5619	1.706815	2.361672	0.4364564	0.617612	0.382388	1.526398
7512	-3415.315	-3582.348	167.0324	1.733553	2.402929	0.5068311	0.638317	0.361683	1.784747
7518	-3406.033	-3572.777	166.7435	1.61235	2.402929	0.5706147	0.559319	0.440681	1.995558
7524	-3417.866	-3584.965	167.0995	1.56636	2.402929	0.544803	0.559319	0.440681	1.812117
7530	-3409.249	-3575.297	166.048	1.5142	2.855089	0.5876219	0.582611	0.417389	2.355732
7536	-3416.404	-3582.326	165.9217	1.452134	2.821182	0.5112804	0.569325	0.430675	2.557651
7542	-3421.233	-3587.728	166.4955	1.508882	2.821182	0.471459	0.569325	0.430675	2.200558
7548	-3414.676	-3579.556	164.8796	1.325457	3.432215	0.471459	0.630509	0.369491	3.154402
7554	-3419.852	-3585.772	165.92	1.436247	3.202882	0.5532263	0.630509	0.369491	2.425898
7560	-3418.296	-3583.39	165.0938	1.320614	3.288271	0.5532263	0.647233	0.352767	2.983222
7566	-3422.711	-3588.256	165.5446	1.39349	2.718152	0.5532263	0.580395	0.419605	2.813318
7572	-3439.003	-3604.352	165.3494	1.260073	3.214486	0.6464922	0.609076	0.390924	2.800953
7578	-3419.729	-3584.042	164.3122	1.230631	3.799991	0.4250789	0.617252	0.382748	3.513567
7584	-3415.545	-3580.295	164.7498	1.184893	2.859579	0.4055973	0.573026	0.426974	3.521663
7590	-3409.203	-3573.717	164.5138	1.137917	3.629626	0.3115974	0.755518	0.244482	3.620646
7596	-3413.175	-3577.557	164.3816	1.253297	3.629626	0.3115974	0.625862	0.374138	3.630415
7602	-3427.831	-3590.788	162.9565	1.113204	3.550524	0.5173732	0.686018	0.313982	4.31866
7608	-3426.737	-3590.418	163.6804	1.051774	3.188805	0.5113216	0.547426	0.452574	4.027399
7614	-3412.167	-3576.719	164.552	1.448042	3.466849	0.6245493	0.680869	0.319131	3.126824
7620	-3421.355	-3586.266	164.9112	1.282488	2.717376	0.6696503	0.51786	0.48214	3.160209
7626	-3427.536	-3592.588	165.0519	1.339196	2.679071	0.6696503	0.63292	0.36708	3.053087
7632	-3412.382	-3577.956	165.5739	1.36296	3.646223	0.391097	0.689654	0.310346	2.754632
7638	-3400.139	-3565.329	165.1901	1.262724	3.126697	0.4270088	0.643026	0.356974	3.126017
7644	-3404.557	-3569.469	164.9125	1.195223	2.973405	0.55375	0.632874	0.367126	3.242503
7650	-3415.613	-3579.807	164.1949	1.203267	2.973405	0.3983041	0.648646	0.351354	3.811759
7656	-3417.633	-3581.832	164.1993	1.140991	2.697712	0.400746	0.662784	0.337216	3.912701
7662	-3418.344	-3582.038	163.6942	1.137375	3.325237	0.4094482	0.639634	0.360366	4.041768
7668	-3420.063	-3583.831	163.7683	1.063702	3.325237	0.4092219	0.630562	0.369438	4.041768
7674	-3422.927	-3587.764	164.8371	1.072944	3.379697	0.4092219	0.624918	0.375082	3.406697
7680	-3424.721	-3588.081	163.3594	1.103249	3.379697	0.4092219	0.644615	0.355385	4.239754
7686	-3423.674	-3587.367	163.6933	1.101973	3.206466	0.5398889	0.71111	0.28889	3.961223
7692	-3443.249	-3606.785	163.536	1.247926	2.571634	0.5908309	0.602773	0.397227	4.082768
7698	-3434.827	-3598.68	163.8536	1.019644	2.920699	0.4380378	0.556181	0.443819	4.082768
7704	-3414.309	-3577.762	163.4522	1.133831	3.021611	0.5443981	0.46741	0.53259	4.120062
7710	-3417.613	-3581.655	164.0414	1.207793	3.142582	0.4746391	0.501912	0.498088	3.776846
7716	-3415.749	-3579.704	163.9552	1.112888	4.286712	0.4113899	0.501912	0.498088	3.70962
7722	-3418.376	-3582.851	164.4752	1.129739	3.087932	0.3865428	0.572553	0.427447	3.67781
7728	-3416.727	-3581.116	164.3892	1.161592	3.087932	0.5578243	0.556136	0.443864	3.537179
7734	-3423.179	-3587.917	164.7376	1.19266	3.022288	0.4412463	0.759387	0.240613	3.444582
7740	-3417.667	-3583.015	165.3478	1.272787	3.022288	0.4749256	0.575761	0.424239	3.000921
7746	-3414.326	-3580.849	166.5235	1.381231	2.601304	0.4749256	0.542379	0.457621	2.325751
7752	-3406.96	-3572.337	165.3769	1.352268	3.193506	0.4543198	0.660188	0.339812	2.914601
7758	-3398.77	-3565.147	166.3766	1.405378	3.692078	0.3352184	0.677687	0.322313	2.288633
7764	-3404.698	-3569.002	164.3041	1.21719	3.692078	0.3352184	0.735742	0.264258	3.65275
7770	-3412.726	-3578.123	165.3964	1.299721	3.692078	0.327858	0.703881	0.296119	2.969875
7776	-3412.898	-3579.028	166.1307	1.3705	3.731526	0.327858	0.655185	0.344815	2.467691
7782	-3416.485	-3583.218	166.7328	1.512951	3.315022	0.3147237	0.568921	0.431079	2.109399
7788	-3421.973	-3588.729	166.756	1.523759	2.988022	0.4787119	0.676976	0.323024	1.963176
7794	-3423.16	-3589.81	166.6493	1.550461	2.988022	0.4071977	0.665387	0.334613	2.101623
7800	-3442.137	-3608.995	166.8572	1.56114	2.988022	0.4071977	0.53568	0.46432	1.956549
7806	-3435.155	-3601.439	166.2842	1.611284	2.988022	0.4071977	0.712277	0.287723	2.298519
7812	-3436.506	-3602.852	166.346	1.451025	2.871681	0.3674234	0.594002	0.405998	2.442526
7818	-3442.607	-3609.225	166.6176	1.474184	2.261504	0.3674234	0.609752	0.390248	2.442526
7824	-3421.418	-3588.122	166.7036	1.711815	2.689146	0.59822	0.666064	0.333936	1.833652
7830	-3422.081	-3588.801	166.721	1.37683	2.970781	0.4663266	0.645466	0.354534	2.102839
7836	-3411.183	-3577.529	166.3459	1.448211	2.923913	0.5036817	0.734932	0.265068	2.271916
7842	-3410.891	-3576.537	165.6466	1.321256	2.360364	0.5036817	0.551444	0.448556	2.948236
7848	-3414.651	-3580.277	165.6262	1.284983	2.638459	0.5150348	0.620688	0.379312	2.888695
7854	-3424.865	-3589.893	165.0288	1.339749	3.034907	0.3047367	0.563451	0.436549	3.347091
7860	-3421.279	-3586.084	164.8046	1.442658	3.034907	0.3384732	0.569847	0.430153	3.374211
7866	-3420.171	-3584.702	164.5314	1.289716	3.034907	0.2496965	0.683086	0.316914	3.744442
7872	-3430.756	-3595.21	164.4536	1.417253	2.990096	0.6222435	0.616465	0.383535	3.31836
7878	-3424.096	-3588.92	164.8233	1.352001	2.981007	0.5212876	0.616465	0.383535	3.230771
7884	-3421.328	-3585.923	164.5947	1.446132	2.981007	0.5212876	0.616465	0.383535	3.31016
7890	-3416.74	-3582.732	165.9925	1.436015	2.392775	0.4233678	0.566228	0.433772	2.743718
7896	-3426.003	-3591.468	165.4652	1.436015	2.693948	0.6088584	0.584536	0.415464	2.792166
7902	-3418.91	-3584.883	165.9731	1.436015	2.470934	0.4229271	0.558202	0.441798	2.732072
7908	-3432.846	-3598.541	165.6947	1.424943	3.222129	0.4037397	0.558202	0.441798	2.726791
7914	-3422.221	-3588.266	166.0456	1.368591	3.545415	0.356195	0.655123	0.344877	2.52645
7920	-3418.582	-3585.009	166.4264	1.59692	3.925789	0.3469863	0.704464	0.295536	2.062335
7926	-3419.953	-3586.279	166.3261	1.526648	3.925789	0.4303475	0.669747	0.330253	2.066628
7932	-3418.24	-3584.008	165.768	1.384966	2.774441	0.5110756	0.519514	0.480486	2.707196
7938	-3429.478	-3595.37	165.8912	1.473307	4.189051	0.3561899	0.767408	0.232592	2.417786
7944	-3416.859	-3581.544	164.6849	1.270997	4.317057	0.562753	0.651719	0.348281	3.03203
7950	-3418.742	-3583.257	164.5155	1.295225	3.377846	0.5348413	0.656165	0.343835	3.338065
7956	-3417.086	-3582.593	165.5066	1.226237	2.724344	0.3766808	0.60638	0.39362	3.120927
7962	-3413.995	-3579.323	165.3284	1.294589	2.724344	0.434108	0.617752	0.382248	3.120927
7968	-3422.461	-3588.026	165.5656	1.267473	3.231621	0.5278008	0.607125	0.392875	2.767518
7974	-3415.261	-3581.143	165.8827	1.30546	3.231621	0.5278008	0.630812	0.369188	2.548802
7980	-3417.312	-3583.681	166.3686	1.381493	2.905046	0.3655206	0.604508	0.395492	2.465253
7986	-3430.296	-3594.827	164.5315	1.294601	2.92456	0.3655206	0.594426	0.405574	3.614289
7992	-3414.79	-3580.784	165.994	1.508485	3.943226	0.4602557	0.652429	0.347571	2.255737
7998	-3416.417	-3582.575	166.1578	1.501478	3.943226	0.4457632	0.652429	0.347571	2.171055
8004	-3410.241	-3575.455	165.2143	1.362713	3.498276	0.5438659	0.652429	0.347571	2.845054
8010	-3414.996	-3581.458	166.462	1.4894	3.028685	0.3733932	0.652429	0.347571	2.294134
8016	-3410.691	-3576.61	165.919	1.532722	3.028685	0.3733932	0.501085	0.498915	2.60813
8022	-3412.652	-3578.773	166.1201	1.428915	3.586245	0.3733932	0.622354	0.377646	2.410369
8028	-3423.197	-3589.015	165.8181	1.299934	3.18897	0.3598736	0.504371	0.495629	2.789235
8034	-3422.468	-3587.625	165.1569	1.235376	3.08241	0.2988501	0.649895	0.350105	3.329531
8040	-3428.527	-3593.87	165.3433	1.406479	3.183837	0.4921184	0.688741	0.311259	2.865248
8046	-3424.127	-3589.51	165.3833	1.440417	3.594563	0.534203	0.563063	0.436937	2.681831
8052	-3418.796	-3584.825	166.0291	1.56587	2.795128	0.4897215	0.627672	0.372328	2.449076
8058	-3424.332	-3590.79	166.458	1.521794	3.002039	0.4897215	0.562322	0.437678	2.145191
8064	-3425.503	-3592.585	167.0814	1.521794	2.411807	0.3832034	0.667557	0.332443	2.042503
8070	-3414.096	-3580.859	166.7623	1.498477	2.402535	0.3832034	0.571708	0.428292	2.268524
8076	-3416.273	-3583.208	166.9346	1.586355	2.402535	0.4569105	0.7238	0.2762	2.008848
8082	-3425.108	-3591.682	166.5746	1.519968	3.554298	0.5564664	0.642991	0.357009	1.851208
8088	-3417.345	-3582.773	165.4278	1.327257	3.554298	0.5564664	0.682343	0.317657	2.711856
8094	-3420.827	-3585.985	165.1584	1.224966	3.554298	0.531156	0.629131	0.370869	2.961442
8100	-3420.522	-3585.565	165.0425	1.335376	3.857427	0.444087	0.675085	0.324915	2.987642
8106	-3421.408	-3587.259	165.8511	1.360654	3.766716	0.3019745	0.598369	0.401631	2.675916
8112	-3429.884	-3595.566	165.6822	1.47207	3.766716	0.2896161	0.645412	0.354588	2.728996
8118	-3428.1	-3593.417	165.3175	1.214643	4.179436	0.5025202	0.706938	0.293062	2.768131
8124	-3434.602	-3598.489	163.8867	1.080074	3.701503	0.3886699	0.552656	0.447344	3.906798
8130	-3425.072	-3591.5	166.4282	1.417371	2.674771	0.3987376	0.672514	0.327486	2.428979
8136	-3425.712	-3592.328	166.6159	1.445798	2.295793	0.3840828	0.625775	0.374225	2.428979
8142	-3421.852	-3588.63	166.7783	1.564159	3.761822	0.387877	0.673853	0.326147	1.829706
8148	-3411.72	-3578.621	166.9009	1.587366	2.659663	0.3698249	0.630663	0.369337	2.056532
8154	-3421.698	-3587.783	166.0857	1.317206	2.659663	0.4687275	0.630663	0.369337	2.629587
8160	-3418.618	-3583.728	165.1101	1.28299	1.919917	0.6080274	0.630663	0.369337	3.340679
8166	-3409.961	-3574.705	164.744	1.270785	2.389422	0.6080274	0.530318	0.469682	3.409853
8172	-3406.816	-3573.281	166.4651	1.478338	2.907257	0.3947712	0.578318	0.421682	2.305425
8178	-3403.354	-3570.215	166.8614	1.60435	2.736622	0.4650642	0.567775	0.432225	1.928505
8184	-3412.09	-3579.195	167.1043	1.681898	2.745458	0.4245156	0.572424	0.427576	1.755657
8190	-3409.162	-3575.682	166.5194	1.61976	3.431773	0.5172475	0.673366	0.326634	1.894269
8196	-3413.759	-3580.089	166.3299	1.528811	3.053915	0.5733927	0.545338	0.454662	2.123372
8202	-3424.002	-3590.593	166.5908	1.687915	2.657771	0.7032413	0.599859	0.400141	1.838515
8208	-3411.676	-3578.61	166.9335	1.687915	2.657771	0.4344445	0.592008	0.407992	1.884632
8214	-3418.252	-3584.971	166.7185	1.661801	2.851878	0.4344445	0.592008	0.407992	1.987662
8220	-3434.363	-3601.585	167.2221	1.487276	2.641667	0.3187232	0.592008	0.407992	1.987662
8226	-3429.087	-3595.369	166.2817	1.514783	2.641667	0.377605	0.707267	0.292733	2.495575
8232	-3410.799	-3576.782	165.9824	1.419602	4.126527	0.3798375	0.684111	0.315889	2.376517
8238	-3417.046	-3583.552	166.5058	1.400006	3.26412	0.3798375	0.655582	0.344418	2.25335
8244	-3414.018	-3579.886	165.868	1.455924	3.26412	0.3798375	0.606019	0.393981	2.619609
8250	-3416.802	-3582.344	165.5413	1.380143	3.424039	0.5779404	0.659442	0.340558	2.619609
8256	-3415.431	-3581.126	165.6947	1.461377	2.53157	0.4704869	0.694908	0.305092	2.816388
8262	-3404.923	-3569.126	164.2034	1.151156	2.835129	0.4704869	0.561116	0.438884	3.795741
8268	-3397.081	-3561.362	164.2817	1.200739	2.60118	0.4867196	0.561116	0.438884	3.768182
8274	-3405.257	-3570.567	165.3102	1.264401	2.997203	0.4763893	0.649465	0.350535	3.033358
8280	-3407.153	-3573.689	166.5366	1.512243	3.21926	0.3862885	0.647043	0.352957	2.164209
8286	-3404.442	-3570.945	166.5037	1.504862	3.21926	0.3862885	0.645834	0.354166	2.190337
8292	-3410.143	-3577.248	167.1048	1.694949	2.666732	0.3781422	0.693697	0.306303	1.83332
8298	-3420.164	-3587.433	167.2689	1.655921	3.056222	0.3781422	0.693697	0.306303	1.624178
8304	-3419.049	-3585.831	166.7827	1.626103	3.191987	0.5721631	0.62913	0.37087	1.713637
8310	-3420.761	-3586.089	165.3276	1.250076	2.353239	0.512662	0.621341	0.378659	3.174875
8316	-3416.396	-3581.342	164.9465	1.175834	2.353239	0.4451177	0.703921	0.296079	3.510352
8322	-3419.537	-3585.866	166.3287	1.587452	2.656309	0.6531776	0.675078	0.324922	2.126096
8328	-3411.294	-3577.549	166.2554	1.55413	2.656309	0.5292313	0.63132	0.36868	2.312753
8334	-3407.305	-3573.378	166.0732	1.453599	3.370988	0.5162331	0.557101	0.442899	2.312753
8340	-3408.023	-3574.546	166.5232	1.51885	2.647761	0.386471	0.597596	0.402404	2.327744
8346	-3412.522	-3577.74	165.2177	1.383559	3.465101	0.5513298	0.606622	0.393378	2.830897
8352	-3419.754	-3584.904	165.15	1.32194	2.903325	0.5513298	0.490367	0.509633	3.046138
8358	-3423.817	-3589.824	166.0067	1.426186	3.08573	0.5513298	0.606809	0.393191	2.409646
8364	-3422.314	-3588.926	166.6122	1.511258	2.38044	0.6072197	0.605778	0.394222	2.121023
8370	-3416.568	-3583.012	166.4445	1.558543	2.651664	0.6072197	0.605778	0.394222	2.112909
8376	-3410.118	-3576.442	166.3234	1.56711	2.651664	0.4916708	0.556248	0.443752	2.301544
8382	-3409.944	-3576.477	166.5334	1.588142	2.88307	0.659932	0.697553	0.302447	1.915237
8388	-3412.206	-3579.063	166.857	1.645608	3.767475	0.3209514	0.614547	0.385453	1.814504
8394	-3408.813	-3575.979	167.1662	1.68141	3.230792	0.3789635	0.644182	0.355818	1.627194
8400	-3405.164	-3571.839	166.6749	1.609341	2.814846	0.4992527	0.708398	0.291602	1.987686
8406	-3413.834	-3580.082	166.2478	1.514215	3.029086	0.4323781	0.625556	0.374444	2.342574
8412	-3416.74	-3582.655	165.9143	1.61221	3.511708	0.3347011	0.580535	0.419465	2.49271
8418	-3426.282	-3592.666	166.3842	1.502258	2.778643	0.3191912	0.709256	0.290744	2.477084
8424	-3413.385	-3579.234	165.8484	1.35785	2.926373	0.4448873	0.709256	0.290744	2.702574
8430	-3420.675	-3586.743	166.0677	1.50707	2.347213	0.5164001	0.678836	0.321164	2.568915
8436	-3423.293	-3590.111	166.8181	1.502807	2.304922	0.5164001	0.587142	0.412858	2.108014
8442	-3415.93	-3582.051	166.1211	1.56273	3.069842	0.5737344	0.635589	0.364411	2.232207
8448	-3409.105	-3575.714	166.6096	1.599677	3.249462	0.4061182	0.569994	0.430006	2.025611
8454	-3418.494	-3584.335	165.8414	1.55946	3.249462	0.3716442	0.602835	0.397165	2.58577
8460	-3419.562	-3584.985	165.4234	1.391261	2.913521	0.445671	0.533985	0.466015	2.943076
8466	-3416.939	-3583.662	166.7238	1.591279	2.617863	0.445671	0.638549	0.361451	2.088405
8472	-3411.756	-3578.341	166.5845	1.487214	2.729328	0.445671	0.660565	0.339435	2.213165
8478	-3419.18	-3585.812	166.6318	1.550523	2.729328	0.4372786	0.660565	0.339435	2.151193
8484	-3425.285	-3591.349	166.0645	1.644727	3.392732	0.5899272	0.571714	0.428286	2.116115
8490	-3414.213	-3580.247	166.0338	1.477548	3.392732	0.4923511	0.686428	0.313572	2.342226
8496	-3424.049	-3590.84	166.7907	1.648903	2.288868	0.4923511	0.579138	0.420862	2.061496
8502	-3416.728	-3583.752	167.0245	1.538577	2.288868	0.4923511	0.579138	0.420862	1.979464
8508	-3426.248	-3592.126	165.8783	1.4478	3.331272	0.4923511	0.675169	0.324831	2.474212
8514	-3415.398	-3581.453	166.0546	1.554322	4.923542	0.2961595	0.71806	0.28194	2.204353
8520	-3417.39	-3582.359	164.9691	1.456396	4.923542	0.4101369	0.668687	0.331313	2.794889
8526	-3411.037	-3577.365	166.3276	1.620094	3.661381	0.3022668	0.668687	0.331313	2.236796
8532	-3403.949	-3570.607	166.6579	1.568549	2.75001	0.3179472	0.633165	0.366835	2.271694
8538	-3413.641	-3580.226	166.5848	1.475308	2.516061	0.4697762	0.577401	0.422599	2.258317
8544	-3416.002	-3581.779	165.7764	1.498934	2.599991	0.4513032	0.536873	0.463127	2.744001
8550	-3413.38	-3578.983	165.6031	1.355732	2.71617	0.510381	0.536873	0.463127	2.842462
8556	-3422.221	-3587.847	165.6262	1.540938	3.121594	0.737266	0.549566	0.450434	2.40525
8562	-3425.914	-3590.509	164.5948	1.384789	2.709238	0.737266	0.549566	0.450434	3.237319
8568	-3412.049	-3578.249	166.2001	1.446798	2.709238	0.4809082	0.672737	0.327263	2.450339
8574	-3422.371	-3588.468	166.0974	1.494658	2.709238	0.4730934	0.59445	0.40555	2.49312
8580	-3418.468	-3584.646	166.1782	1.470857	2.877751	0.4730934	0.666032	0.333968	2.409653
8586	-3428.916	-3595.776	166.8601	1.577096	2.877751	0.4226438	0.627557	0.372443	1.956423
8592	-3422.937	-3589.718	166.7812	1.602055	3.21723	0.4189455	0.599392	0.400608	1.901284
8598	-3413.954	-3580.842	166.8886	1.686252	3.087106	0.425682	0.605302	0.394698	1.797806
8604	-3409.483	-3575.666	166.1824	1.582442	2.472422	0.4769184	0.54678	0.45322	2.451624
8610	-3408.375	-3574.555	166.1802	1.417518	3.253678	0.4231532	0.552601	0.447399	2.399137
8616	-3404.072	-3570.175	166.1029	1.402623	3.221117	0.4650628	0.607898	0.392102	2.418073
8622	-3405.67	-3571.4	165.7299	1.499343	3.147239	0.4573037	0.638046	0.361954	2.6176
8628	-3412.718	-3578.868	166.1497	1.420627	2.938746	0.4308974	0.53835	0.46165	2.489467
8634	-3410.696	-3577.34	166.6447	1.556889	3.160904	0.3244729	0.563203	0.436797	2.164135
8640	-3414.335	-3581.279	166.9433	1.625519	3.160904	0.4239368	0.645546	0.354454	1.783196
8646	-3415.268	-3582.412	167.1442	1.773085	3.127849	0.4926597	0.642615	0.357385	1.452904
8652	-3414.976	-3582.318	167.3421	1.917317	3.127849	0.4233077	0.636961	0.363039	1.279152
8658	-3403.043	-3570.361	167.3185	1.652946	2.551242	0.4895852	0.664616	0.335384	1.607184
8664	-3409.577	-3576.732	167.1551	1.627075	2.551242	0.4895852	0.642547	0.357453	1.742131
8670	-3390.696	-3557.546	166.85	1.643516	3.573925	0.4101071	0.674649	0.325351	1.742131
8676	-3411.769	-3578.102	166.3326	1.555955	3.184405	0.5036886	0.535666	0.464334	2.140284
8682	-3419.99	-3586.122	166.1319	1.341473	3.271236	0.5036886	0.625865	0.374135	2.384473
8688	-3420.261	-3585.465	165.2046	1.339133	3.370372	0.5023539	0.538729	0.461271	2.934851
8694	-3416.965	-3582.906	165.9416	1.268976	2.542853	0.5444401	0.624627	0.375373	2.705764
8700	-3426.628	-3592.027	165.3993	1.353756	2.340792	0.3807494	0.600195	0.399805	3.215048
8706	-3426.045	-3591.105	165.0609	1.317789	2.340792	0.3490894	0.600195	0.399805	3.473317
8712	-3421.913	-3586.736	164.8224	1.293604	4.275432	0.3370642	0.554794	0.445206	3.186485
8718	-3426.078	-3591.613	165.5356	1.409546	3.527876	0.4182604	0.655047	0.344953	2.744412
8724	-3416.138	-3580.348	164.2105	1.162736	3.491556	0.5559327	0.598132	0.401868	3.549481
8730	-3420.845	-3586.431	165.5854	1.449823	3.511758	0.4685729	0.607737	0.392263	2.637255
8736	-3416.212	-3581.946	165.7347	1.316295	3.523194	0.3930046	0.573968	0.426032	2.710243
8742	-3416.035	-3581.881	165.8452	1.366974	3.000362	0.4174834	0.676501	0.323499	2.710243
8748	-3417.297	-3583.277	165.9798	1.308925	3.401753	0.4288684	0.692418	0.307582	2.549893
8754	-3418.807	-3585.353	166.5463	1.522171	2.644449	0.4366514	0.692418	0.307582	2.251076
8760	-3420.929	-3587.638	166.7091	1.478808	2.779808	0.4366514	0.604933	0.395067	2.133311
8766	-3415.779	-3582.981	167.2021	1.730339	2.779808	0.3622979	0.718164	0.281836	1.727323
8772	-3431.848	-3598.22	166.3723	1.592949	3.395359	0.4805527	0.536782	0.463218	2.060733
8778	-3423.451	-3589.99	166.5391	1.559481	3.395359	0.363275	0.643059	0.356941	2.116874
8784	-3430.236	-3596.769	166.5334	1.56045	3.395359	0.4765101	0.635992	0.364008	1.979841
8790	-3409.712	-3576.343	166.6304	1.631965	3.118271	0.5254393	0.59921	0.40079	1.88598
8796	-3411.191	-3578.494	167.3024	1.661295	2.082289	0.4086372	0.60409	0.39591	1.88598
8802	-3412.367	-3579.5	167.1326	1.629891	3.080868	0.4476709	0.749416	0.250584	1.639102
8808	-3409.028	-3576.439	167.4114	1.612337	3.021088	0.3281262	0.679308	0.320692	1.639102
8814	-3412.002	-3579.017	167.0149	1.685839	3.021088	0.3601823	0.614154	0.385846	1.818356
8820	-3410.621	-3576.849	166.228	1.488349	2.490537	0.3601823	0.627481	0.372519	2.612682
8826	-3414.963	-3580.81	165.8463	1.385624	3.640934	0.3601823	0.627481	0.372519	2.612682
8832	-3407.35	-3573.66	166.3097	1.43799	3.030693	0.3601823	0.636089	0.363911	2.439844
8838	-3422.887	-3589.224	166.3372	1.522043	3.354199	0.4958149	0.569903	0.430097	2.123937
8844	-3428.556	-3594.551	165.9946	1.538298	2.963103	0.5671668	0.656227	0.343773	2.363857
8850	-3422.845	-3589.152	166.3069	1.487987	2.78275	0.5099964	0.636676	0.363324	2.304737
8856	-3412.12	-3578.7	166.5796	1.543866	2.814415	0.3790214	0.654207	0.345793	2.236132
8862	-3392.846	-3559.264	166.4181	1.564589	2.814415	0.4416018	0.541406	0.458594	2.250399
8868	-3391.481	-3557.772	166.2912	1.583953	3.284476	0.3936049	0.545438	0.454562	2.250399
8874	-3403.121	-3568.759	165.6373	1.451193	3.284476	0.4934878	0.608915	0.391085	2.632175
8880	-3410.788	-3576.534	165.7457	1.565635	3.375115	0.542435	0.592659	0.407341	2.421921
8886	-3416.051	-3582.239	166.1882	1.565635	3.375115	0.3384623	0.688355	0.311645	2.377211
8892	-3412.001	-3577.138	165.1374	1.255951	2.80692	0.4287071	0.539731	0.460269	3.240831
8898	-3426.246	-3591.193	164.9471	1.29301	2.901118	0.3516842	0.718391	0.281609	3.395544
8904	-3417.443	-3582.862	165.419	1.411027	3.172329	0.347557	0.627481	0.372519	2.983099
8910	-3412.8	-3578.596	165.7955	1.3867	3.022076	0.4993901	0.599614	0.400386	2.634402
8916	-3415.896	-3581.415	165.5192	1.3867	3.019337	0.4584035	0.582442	0.417558	2.846836
8922	-3426.515	-3591.166	164.6504	1.4643	3.019337	0.7428098	0.566721	0.433279	3.071584
8928	-3416.529	-3581.194	164.6647	1.497377	3.762498	0.8084317	0.566721	0.433279	2.822579
8934	-3402.446	-3567.624	165.1783	1.364177	3.762498	0.6375815	0.684449	0.315551	2.723326
8940	-3416.582	-3581.181	164.5986	1.300949	2.709833	0.6607707	0.67888	0.32112	3.343131
8946	-3411.214	-3576.028	164.8134	1.300949	3.015422	0.5475963	0.676745	0.323255	3.233596
8952	-3409.926	-3574.492	164.5663	1.322859	3.015422	0.4575898	0.541779	0.458221	3.4533
8958	-3404.041	-3569.773	165.732	1.466436	3.015422	0.3615847	0.593151	0.406849	2.781811
8964	-3412.118	-3577.555	165.4367	1.450571	3.225872	0.4819351	0.656581	0.343419	2.781811
8970	-3413.769	-3580.358	166.5896	1.49427	2.626342	0.4008411	0.548614	0.451386	2.289608
8976	-3413.009	-3579.067	166.058	1.367916	4.051043	0.3892959	0.645755	0.354245	2.365337
8982	-3413.555	-3579.419	165.8641	1.343318	4.403381	0.3835905	0.593355	0.406645	2.438777
8988	-3415.969	-3580.316	164.3469	1.361171	4.403381	0.4260846	0.593355	0.406645	3.298847
8994	-3412.798	-3577.252	164.454	1.394423	3.649344	0.4179195	0.593355	0.406645	3.374058
9000	-3408.197	-3574.07	165.8722	1.583673	4.356927	0.4179195	0.588107	0.411893	2.248046
9006	-3404.658	-3570.708	166.05	1.413426	4.177631	0.3838002	0.588107	0.411893	2.321915
9012	-3419.637	-3585.002	165.3651	1.359505	3.553676	0.5786527	0.673047	0.326953	2.710082
9018	-3423.217	-3588.453	165.2366	1.305766	2.728453	0.3960545	0.677993	0.322007	3.210194
9024	-3422.889	-3588.541	165.6526	1.362125	3.561621	0.4609078	0.582792	0.417208	2.646693
9030	-3413.322	-3579.313	165.9902	1.533403	3.539267	0.4609078	0.644246	0.355754	2.333398
9036	-3432.984	-3598.711	165.7265	1.3659	2.44908	0.3795207	0.61683	0.38317	2.981297
9042	-3429.735	-3596.098	166.3627	1.517028	3.068448	0.4110789	0.651675	0.348325	2.282187
9048	-3431.238	-3597.467	166.2284	1.337131	2.937611	0.4110789	0.668979	0.331021	2.515833
9054	-3430.899	-3597.122	166.2235	1.342026	2.937611	0.4110789	0.623592	0.376408	2.515833
9060	-3413.889	-3580.692	166.8032	1.505763	3.203223	0.3111492	0.623592	0.376408	2.102374
9066	-3420.934	-3587.51	166.576	1.514912	3.203223	0.4337051	0.706626	0.293374	2.082063
9072	-3423.469	-3588.888	165.4184	1.39014	3.203223	0.5008353	0.609789	0.390211	2.815994
9078	-3415.914	-3581.135	165.2207	1.27562	3.405613	0.4778882	0.586324	0.413676	2.979861
9084	-3414.731	-3579.494	164.7634	1.333227	3.815631	0.4778882	0.586324	0.413676	3.129102
9090	-3416.568	-3581.497	164.929	1.35347	2.83821	0.5298927	0.649556	0.350444	3.196002
9096	-3404.55	-3569.522	164.9723	1.319959	3.112274	0.375098	0.582752	0.417248	3.283897
9102	-3409.266	-3574.249	164.9823	1.192971	3.100415	0.4390046	0.51797	0.48203	3.283897
9108	-3421.933	-3587.406	165.474	1.265432	3.368465	0.4390046	0.698044	0.301956	2.883161
9114	-3415.358	-3581.544	166.1867	1.452875	3.686763	0.4390046	0.702883	0.297117	2.249615
9120	-3419.374	-3585.494	166.1207	1.518961	3.686763	0.4390046	0.616653	0.383347	2.249615
9126	-3415.891	-3582.509	166.6179	1.573077	3.686763	0.4390046	0.606789	0.393211	1.885696
9132	-3425.079	-3589.799	164.7204	1.232076	2.802459	0.4456592	0.668914	0.331086	3.482924
9138	-3420.359	-3585.009	164.6494	1.178297	3.270468	0.2685397	0.666207	0.333793	3.657195
9144	-3419.107	-3583.545	164.4383	1.140467	3.167258	0.4015341	0.628755	0.371245	3.657195
9150	-3421.75	-3588.886	167.136	1.689082	3.398286	0.3432245	0.68634	0.31366	1.649225
9156	-3414.803	-3581.543	166.7407	1.708461	3.512713	0.5241289	0.692346	0.307654	1.649225
9162	-3425.379	-3592.666	167.2872	1.708238	3.031415	0.4165025	0.601035	0.398965	1.525675
9168	-3419.128	-3585.764	166.6353	1.520854	3.467944	0.4233424	0.628846	0.371154	1.982918
9174	-3414.089	-3581.013	166.9235	1.691732	3.233096	0.3722349	0.689315	0.310685	1.800193
9180	-3414.326	-3580.872	166.5455	1.531392	4.249764	0.3722349	0.653082	0.346918	1.920111
9186	-3419.777	-3586.752	166.9757	1.78252	4.249764	0.3722349	0.702401	0.297599	1.433218
9192	-3413.366	-3579.681	166.3152	1.457549	3.919906	0.3584161	0.714901	0.285099	2.211608
9198	-3407.12	-3572.932	165.8119	1.399724	3.253707	0.3665831	0.692903	0.307097	2.707752
9204	-3408.58	-3574.397	165.8162	1.343269	3.077761	0.407902	0.69154	0.30846	2.733679
9210	-3406.521	-3572.385	165.8634	1.386828	2.575519	0.4908415	0.692028	0.307972	2.724853
9216	-3402.178	-3568.118	165.9402	1.500061	2.687669	0.35993	0.695098	0.304902	2.724853
9222	-3420.67	-3587.572	166.9026	1.608406	3.126537	0.3772737	0.702303	0.297697	1.894326
9228	-3432.74	-3600.145	167.405	1.658259	2.941531	0.3717656	0.604907	0.395093	1.568261
9234	-3413.387	-3579.849	166.4621	1.585882	3.231645	0.4313871	0.589051	0.410949	2.10558
9240	-3418.811	-3585.54	166.7288	1.715988	2.848088	0.5462404	0.661841	0.338159	1.817627
9246	-3431.744	-3597.661	165.9176	1.798458	3.588532	0.8676099	0.569937	0.430063	1.825189
9252	-3413.116	-3579.284	166.1676	1.64747	2.915531	0.5504591	0.575636	0.424364	2.212754
9258	-3425.309	-3591.491	166.1825	1.306123	2.603178	0.4215677	0.628668	0.371332	2.645341
9264	-3424.485	-3589.385	164.9004	1.415697	1.917146	0.5986572	0.612055	0.387945	3.394832
9270	-3415.175	-3580.489	165.314	1.395901	2.158694	0.4907284	0.623247	0.376753	3.17945
9276	-3432.257	-3596.92	164.6631	1.223467	3.301558	0.5773596	0.514694	0.485306	3.272463
9282	-3418.105	-3582.369	164.2639	1.242891	3.301558	0.4560498	0.676056	0.323944	3.609654
9288	-3420.654	-3585.355	164.7011	1.175589	2.737769	0.3857225	0.533732	0.466268	3.609654
9294	-3409.225	-3574.022	164.7967	1.215468	2.652337	0.3740949	0.659233	0.340767	3.567386
9300	-3422.366	-3587.585	165.2196	1.150143	2.652337	0.3740949	0.643905	0.356095	3.358423
9306	-3417.66	-3582.089	164.4283	1.135765	3.377494	0.3740949	0.672341	0.327659	3.648752
9312	-3419.141	-3584.264	165.1231	1.344513	3.377494	0.4484098	0.649792	0.350208	3.034402
9318	-3422.238	-3587.38	165.1426	1.313294	3.20469	0.3183243	0.63761	0.36239	3.236199
9324	-3415.753	-3580.42	164.6672	1.267978	3.20469	0.6627991	0.629401	0.370599	3.194701
9330	-3416.32	-3581.706	165.3852	1.47551	2.756377	0.5361281	0.729024	0.270976	2.86584
9336	-3414.304	-3578.852	164.5473	1.232764	2.883797	0.4925348	0.637873	0.362127	3.515157
9342	-3426.528	-3592.091	165.5632	1.232764	3.705746	0.2799094	0.677323	0.322677	2.973616
9348	-3430.782	-3595.741	164.9584	1.352237	3.801719	0.3791766	0.629328	0.370672	3.112921
9354	-3418.576	-3582.804	164.2287	1.21755	2.969101	0.3791766	0.606907	0.393093	3.806786
9360	-3422.144	-3585.957	163.8121	1.224076	2.969101	0.3791766	0.556249	0.443751	4.041764
9366	-3419.807	-3583.217	163.4092	1.129641	2.969101	0.4550009	0.506697	0.493303	4.243688
9372	-3419.687	-3583.313	163.6254	1.120731	2.7804	0.4550009	0.54096	0.45904	4.173156
9378	-3413.834	-3577.353	163.5193	1.123984	2.960965	0.3828709	0.52284	0.47716	4.262884
9384	-3411.982	-3576.47	164.488	1.174522	2.960965	0.3828709	0.67343	0.32657	3.679736
9390	-3401.192	-3566.805	165.6132	1.29128	2.84859	0.4507135	0.67343	0.32657	2.900665
9396	-3417.895	-3583.454	165.5587	1.274787	2.419025	0.5301312	0.587289	0.412711	2.985363
9402	-3409.188	-3574.225	165.0366	1.344279	4.010923	0.4468886	0.659527	0.340473	2.951324
9408	-3415.852	-3580.825	164.9731	1.30961	4.010923	0.4610281	0.532234	0.467766	2.995313
9414	-3418.296	-3584.738	166.4415	1.47594	2.925885	0.4610281	0.529462	0.470538	2.238575
9420	-3415.725	-3582.127	166.4012	1.600979	2.925885	0.410591	0.561113	0.438887	2.243108
9426	-3417.03	-3583.359	166.3287	1.52206	3.48799	0.4171315	0.644652	0.355348	2.18649
9432	-3417.859	-3584.417	166.5579	1.52036	3.48799	0.2843994	0.6834	0.3166	2.221066
9438	-3421.043	-3587.286	166.2426	1.495663	3.48799	0.4607504	0.587942	0.412058	2.208246
9444	-3440.337	-3606.738	166.4013	1.487395	3.48799	0.3801399	0.459617	0.540383	2.208246
9450	-3414.477	-3581.127	166.6505	1.558104	3.48799	0.4417789	0.513055	0.486945	1.919958
9456	-3414.034	-3580.693	166.6598	1.680415	3.48799	0.3978029	0.46091	0.53909	1.88634
9462	-3415.008	-3582.159	167.1502	1.731956	2.88615	0.3560514	0.624543	0.375457	1.738472
9468	-3410.184	-3577.202	167.018	1.681229	3.273465	0.4096074	0.734111	0.265889	1.678597
9474	-3404.001	-3571.016	167.0153	1.681229	2.933004	0.434181	0.536629	0.463371	1.747724
9480	-3413.893	-3580.71	166.8162	1.518818	3.114507	0.493354	0.464042	0.535958	1.873257
9486	-3407.672	-3574.382	166.7094	1.648787	3.114507	0.493354	0.585535	0.414465	1.857446
9492	-3419.484	-3586.413	166.9288	1.576535	3.154203	0.3106205	0.551038	0.448962	1.986367
9498	-3430.939	-3597.396	166.4567	1.688122	3.200167	0.3106205	0.566608	0.433392	2.210787
9504	-3411.551	-3578.087	166.5359	1.523465	3.417899	0.3106205	0.627464	0.372536	2.210787
9510	-3409.928	-3576.599	166.671	1.53319	3.417899	0.3160523	0.658769	0.341231	2.10852
9516	-3415.78	-3581.933	166.1526	1.53319	3.552229	0.4449369	0.58351	0.41649	2.244659
9522	-3423.75	-3589.838	166.0876	1.538754	3.552229	0.4775983	0.46336	0.53664	2.246127
9528	-3418.463	-3584.848	166.3853	1.531746	2.834934	0.4775983	0.696116	0.303884	2.246127
9534	-3417.739	-3584.313	166.5735	1.527952	2.955671	0.3586363	0.715751	0.284249	2.237139
9540	-3422.956	-3588.804	165.8482	1.531487	2.993236	0.5635253	0.456189	0.543811	2.455833
9546	-3413.644	-3579.19	165.5468	1.298497	3.095941	0.404134	0.664014	0.335986	2.924278
9552	-3400.22	-3565.931	165.711	1.342192	3.095941	0.404134	0.664014	0.335986	2.798328
9558	-3409.341	-3574.622	165.2812	1.251679	3.095941	0.4809435	0.664014	0.335986	3.028857
9564	-3403.009	-3568.043	165.0336	1.353668	3.252114	0.4809435	0.545218	0.454782	3.077983
9570	-3408.235	-3573.288	165.0529	1.316935	3.182752	0.5255969	0.612338	0.387662	3.061111
9576	-3417.176	-3581.357	164.1809	1.227957	3.130388	0.641336	0.511493	0.488507	3.538797
9582	-3408.649	-3574.249	165.5999	1.286433	2.431134	0.641336	0.692437	0.307563	2.850376
9588	-3411.279	-3575.124	163.8447	1.417585	3.092424	0.6713178	0.637248	0.362752	3.609383
9594	-3410.017	-3573.603	163.586	1.190807	2.53906	0.6332854	0.558115	0.441885	4.061069
9600	-3411.288	-3576.131	164.843	1.379838	3.264049	0.630551	0.635595	0.364405	3.035697
9606	-3412.595	-3578.045	165.4493	1.388213	3.06438	0.6018769	0.621245	0.378755	2.737808
9612	-3410.193	-3575.682	165.4895	1.31063	3.562848	0.3658853	0.621245	0.378755	2.886969
9618	-3401.932	-3568.302	166.3699	1.536705	3.562848	0.3601124	0.693461	0.306539	2.204917
9624	-3414.617	-3581.087	166.4701	1.536705	2.720034	0.4366193	0.693461	0.306539	2.268184
9630	-3404.012	-3570.252	166.2403	1.548087	3.537925	0.4093402	0.616896	0.383104	2.224237
9636	-3402.169	-3569.009	166.8399	1.559328	2.70993	0.4437091	0.653035	0.346965	2.006591
9642	-3397.027	-3563.879	166.852	1.540886	2.6496	0.5661291	0.572115	0.427885	1.894182
9648	-3417.39	-3584.046	166.656	1.60929	3.381391	0.227857	0.647268	0.352732	2.220693
9654	-3416.748	-3583.716	166.9673	1.710539	3.381391	0.274582	0.67211	0.32789	1.86665
9660	-3423.5	-3587.35	163.8494	1.168681	2.795298	0.5705834	0.677048	0.322952	3.906707
9666	-3409.759	-3574.158	164.3982	1.31964	2.795298	0.5949077	0.644303	0.355697	3.481122
9672	-3425.872	-3589.478	163.6063	1.150084	3.007183	0.3734558	0.617977	0.382023	4.198278
9678	-3412.854	-3576.433	163.5794	1.268034	3.007183	0.3387314	0.537456	0.462544	4.187668
9684	-3415.854	-3580.011	164.1569	1.151438	2.743911	0.552662	0.597821	0.402179	3.768959
9690	-3407.863	-3572.677	164.8146	1.211023	2.740139	0.4031478	0.655656	0.344344	3.502642
9696	-3410.699	-3576.143	165.4447	1.182185	2.740139	0.3393074	0.655656	0.344344	3.225583
9702	-3412.756	-3577.777	165.0219	1.260613	3.465236	0.3393074	0.676562	0.323438	3.251292
9708	-3410.151	-3575.474	165.323	1.354412	3.465236	0.3823604	0.676562	0.323438	2.962973
9714	-3405.888	-3572.055	166.167	1.508767	2.819142	0.3389338	0.598343	0.401657	2.570093
9720	-3412.791	-3578.234	165.4433	1.273495	3.646274	0.3741307	0.558213	0.441787	2.908741
9726	-3412.607	-3576.53	163.9232	1.144289	3.646274	0.3741307	0.632429	0.367571	3.877075
9732	-3408.812	-3572.776	163.9639	1.122534	2.51423	0.5013398	0.685921	0.314079	4.005521
9738	-3409.168	-3573.033	163.8641	1.223737	2.74144	0.5013398	0.619552	0.380448	3.943302
9744	-3402.166	-3567.263	165.0971	1.300753	3.684109	0.4632103	0.589356	0.410644	2.992113
9750	-3417.981	-3583.889	165.9079	1.412493	2.831045	0.3882059	0.713977	0.286023	2.723458
9756	-3405.463	-3572.067	166.604	1.449824	2.831045	0.3882059	0.602774	0.397226	2.264445
9762	-3410.243	-3576.707	166.4641	1.449824	2.967923	0.4304414	0.564836	0.435164	2.264445
9768	-3405.198	-3571.632	166.4339	1.452573	2.967923	0.4275057	0.65691	0.34309	2.285467
9774	-3418.534	-3585.806	167.2716	1.751357	2.958354	0.4994997	0.665793	0.334207	1.417733
9780	-3411.386	-3578.737	167.3502	1.751357	2.607783	0.4059729	0.654065	0.345935	1.601496
9786	-3413.199	-3580.791	167.5914	1.886378	2.607783	0.4059729	0.58297	0.41703	1.314776
9792	-3417.798	-3584.91	167.1118	1.847355	3.256931	0.5436943	0.714054	0.285946	1.314776
9798	-3416.121	-3583.189	167.0682	1.608744	2.961471	0.4545949	0.699458	0.300542	1.727104
9804	-3422.799	-3589.651	166.8523	1.702819	2.961471	0.4675517	0.687092	0.312908	1.796384
9810	-3425.562	-3592.497	166.9352	1.603905	2.020932	0.4957449	0.522949	0.477051	2.08995
9816	-3428.333	-3595.178	166.8452	1.489705	2.020932	0.4674078	0.563905	0.436095	2.253831
9822	-3425.688	-3592.213	166.5257	1.486309	2.166282	0.5328925	0.624005	0.375995	2.338373
9828	-3422.369	-3588.919	166.5499	1.462146	2.166282	0.5328925	0.55319	0.44681	2.338373
9834	-3416.371	-3582.07	165.6995	1.557508	3.107549	0.5061907	0.657993	0.342007	2.559023
9840	-3418.619	-3583.615	164.9955	1.24412	2.845792	0.7078502	0.575768	0.424232	3.068305
9846	-3414.28	-3579.404	165.1238	1.278195	2.845792	0.5899417	0.639009	0.360991	3.068305
9852	-3413.416	-3578.112	164.6968	1.186887	2.744627	0.5899417	0.722729	0.277271	3.40177
9858	-3420.608	-3586.268	165.6604	1.255528	3.363288	0.3839539	0.647993	0.352007	2.840522
9864	-3410.714	-3576.83	166.1152	1.29151	2.984626	0.3839539	0.680972	0.319028	2.634403
9870	-3425.384	-3590.873	165.489	1.249727	2.984626	0.3793981	0.651835	0.348165	3.045424
9876	-3413.722	-3579.081	165.359	1.390479	3.586581	0.2677258	0.674576	0.325424	3.045424
9882	-3409.096	-3573.925	164.829	1.36684	4.138877	0.2677258	0.711573	0.288427	3.260673
9888	-3407.579	-3572.442	164.8628	1.313581	2.743901	0.2993414	0.648593	0.351407	3.541413
9894	-3420.868	-3585.91	165.0417	1.192889	3.50835	0.4315339	0.695422	0.304578	3.161875
9900	-3411.862	-3577.243	165.3805	1.288801	3.50835	0.2973471	0.759858	0.240142	3.067857
9906	-3419.269	-3584.003	164.734	1.164762	3.620734	0.4045562	0.61944	0.38056	3.365431
9912	-3412.949	-3576.971	164.0216	1.070731	3.608982	0.3961475	0.61944	0.38056	3.845582
9918	-3422.442	-3586.234	163.7917	1.138645	3.628491	0.5182776	0.512364	0.487636	3.810681
9924	-3411.9	-3578.074	166.1734	1.492937	3.628491	0.3803929	0.678586	0.321414	2.317266
9930	-3402.833	-3568.272	165.4395	1.396199	2.437499	0.393694	0.537199	0.462801	3.121532
9936	-3406.599	-3571.571	164.9719	1.162396	3.912517	0.2970305	0.632799	0.367201	3.299779
9942	-3404.175	-3568.386	164.2115	1.273294	3.034969	0.2970305	0.671089	0.328911	3.870603
9948	-3409.001	-3572.811	163.8096	1.325327	3.034969	0.6476262	0.574891	0.425109	3.715654
9954	-3414.718	-3578.768	164.0499	1.283997	2.673781	0.6223975	0.582452	0.417548	3.713401
9960	-3407.974	-3572.511	164.5373	1.208675	2.673781	0.6223975	0.537817	0.462183	3.474071
9966	-3410.91	-3575.483	164.5725	1.322658	2.418679	0.6223975	0.537817	0.462183	3.459142
9972	-3413.222	-3577.615	164.3924	1.119047	3.186788	0.4376519	0.610636	0.389364	3.652554
9978	-3403.586	-3568.075	164.4895	1.147844	3.186788	0.4376519	0.691028	0.308972	3.579545
9984	-3411.652	-3577.011	165.3591	1.174356	3.186788	0.3554396	0.605458	0.394542	3.146908
9990	-3421.311	-3587.079	165.7673	1.351311	3.178681	0.5818659	0.605458	0.394542	2.553616
9996	-3410.608	-3575.928	165.3199	1.317266	3.156088	0.3868145	0.632612	0.367388	3.054583
10002	-3413.858	-3579.468	165.6099	1.357086	2.890405	0.2865555	0.644486	0.355514	3.054583
10008	-3406.125	-3571.7	165.5752	1.357086	3.033681	0.478447	0.60692	0.39308	2.806087
10014	-3394.53	-3560.986	166.4562	1.395294	2.887608	0.3500167	0.61246	0.38754	2.426564
10020	-3397.727	-3564.413	166.686	1.605852	3.106586	0.3500167	0.575317	0.424683	2.083597
10026	-3405.577	-3572.433	166.8557	1.540986	2.698079	0.4037137	0.659372	0.340628	2.061075
10032	-3417.504	-3584.175	166.671	1.601795	2.505984	0.5273308	0.642655	0.357345	2.061075
10038	-3406.031	-3572.855	166.8242	1.618603	3.483689	0.4120861	0.642655	0.357345	1.79832
10044	-3401.789	-3568.948	167.1591	1.619949	2.327044	0.3253323	0.611251	0.388749	2.03504
10050	-3409.594	-3577.148	167.554	1.612477	2.327044	0.4389449	0.555016	0.444984	1.611264
10056	-3401.403	-3567.798	166.3952	1.44408	2.419804	0.4648621	0.555016	0.444984	2.434478
10062	-3406.147	-3572.145	165.9981	1.494603	2.388771	0.6245914	0.555016	0.444984	2.505052
10068	-3410.911	-3576.735	165.8233	1.504317	2.388771	0.4704786	0.600443	0.399557	2.755199
10074	-3409.136	-3574.611	165.4747	1.339375	3.821123	0.4704786	0.600443	0.399557	2.702497
10080	-3405.485	-3571.233	165.7486	1.447169	3.332862	0.6284051	0.627958	0.372042	2.424862
10086	-3413.79	-3579.467	165.6776	1.359062	3.332862	0.6284051	0.484419	0.515581	2.524583
10092	-3437.771	-3601.662	163.8915	1.440987	4.337767	0.6617873	0.56691	0.43309	3.313873
10098	-3430.583	-3594.38	163.7964	1.363334	2.865994	0.6617873	0.678799	0.321201	3.732195
10104	-3418.22	-3583.378	165.1574	1.331813	2.630222	0.4849928	0.679085	0.320915	3.173456
10110	-3431.183	-3595.692	164.509	1.165007	2.608318	0.3642997	0.497735	0.502265	3.786648
10116	-3426.367	-3590.033	163.6657	1.075063	2.608318	0.3371906	0.685284	0.314716	4.351278
10122	-3421.857	-3587.255	165.3972	1.289852	3.088943	0.3222836	0.529288	0.470712	3.121838
10128	-3435.107	-3600.231	165.1242	1.197945	3.344152	0.455179	0.624774	0.375226	3.121838
10134	-3416.463	-3581.877	165.4142	1.257826	2.584806	0.465594	0.572567	0.427433	3.097346
10140	-3418.708	-3583.495	164.7867	1.271527	2.584806	0.465594	0.572342	0.427658	3.459542
10146	-3426.584	-3592.069	165.4841	1.391079	3.423669	0.3459725	0.669505	0.330495	2.89829
10152	-3418.15	-3583.243	165.0934	1.441036	3.139253	0.5200911	0.508207	0.491793	2.97844
10158	-3416.01	-3580.161	164.1508	1.320218	3.155483	0.708485	0.564713	0.435287	3.444164
10164	-3412.67	-3578.913	166.2432	1.400063	2.768133	0.3723565	0.590036	0.409964	2.561244
10170	-3406.225	-3571.318	165.0922	1.353452	2.768133	0.5420889	0.639692	0.360308	3.106274
10176	-3409.228	-3575.003	165.7751	1.428145	3.162659	0.4716172	0.600413	0.399587	2.614392
10182	-3414.48	-3580.801	166.3216	1.456272	3.162659	0.4716172	0.564158	0.435842	2.252578
10188	-3400.176	-3566.631	166.4556	1.59854	3.162659	0.4716172	0.686697	0.313303	2.072871
10194	-3412.12	-3578.575	166.4548	1.645357	3.098881	0.4716172	0.677762	0.322238	2.059816
10200	-3401.436	-3568.304	166.8673	1.591595	3.098881	0.4618361	0.673384	0.326616	1.829705
10206	-3405.512	-3572.678	167.1663	1.684661	2.75146	0.5319958	0.575485	0.424515	1.576134
10212	-3413.425	-3580.301	166.8763	1.673519	2.75146	0.5848167	0.633303	0.366697	1.734031
10218	-3407.978	-3574.964	166.9865	1.634884	2.975581	0.5198399	0.64255	0.35745	1.684414
10224	-3425.117	-3591.943	166.8253	1.652435	2.975581	0.4714742	0.588982	0.411018	1.840909
10230	-3418.471	-3584.081	165.6091	1.533554	3.543402	0.3365359	0.588982	0.411018	2.720479
10236	-3414.927	-3580.191	165.2638	1.301698	3.199777	0.3754721	0.633029	0.366971	3.100284
10242	-3402.265	-3567.503	165.2371	1.303243	3.199777	0.3881077	0.696353	0.303647	3.100284
10248	-3416.334	-3581.485	165.1507	1.293312	2.910185	0.509873	0.676541	0.323459	3.100284
10254	-3402.194	-3567.227	165.0335	1.32745	2.910185	0.4477192	0.676541	0.323459	3.21262
10260	-3407.568	-3571.936	164.3677	1.157365	2.853743	0.6521183	0.562257	0.437743	3.53115
10266	-3430.392	-3596.642	166.2495	1.64662	2.705872	0.6521183	0.669491	0.330509	2.125098
10272	-3411.819	-3577.486	165.6675	1.64662	3.228252	0.6301594	0.65296	0.34704	2.374695
10278	-3419.001	-3585.255	166.2538	1.479965	2.546266	0.4261864	0.637035	0.362965	2.504839
10284	-3412.976	-3577.811	164.8351	1.268876	2.546266	0.5637565	0.482896	0.517104	3.350231
10290	-3422.899	-3588.47	165.5706	1.348202	2.546266	0.4832842	0.478888	0.521112	2.942385
10296	-3412.586	-3576.74	164.1548	1.283987	2.942565	0.4832842	0.649551	0.350449	3.70743
10302	-3411.19	-3575.57	164.3806	1.186857	3.909364	0.4832842	0.570362	0.429638	3.416859
10308	-3406.109	-3571.749	165.6392	1.439302	3.593417	0.4921507	0.570362	0.429638	2.566933
10314	-3415.301	-3581.936	166.6356	1.619631	3.327142	0.4921507	0.711802	0.288198	1.870831
10320	-3417.898	-3584.796	166.8983	1.577117	3.327142	0.5169867	0.618905	0.381095	1.689312
10326	-3416.127	-3583.209	167.0829	1.747285	3.278192	0.5100932	0.530095	0.469905	1.451181
10332	-3417.752	-3584.285	166.533	1.576454	3.366281	0.5100932	0.621485	0.378515	1.939221
10338	-3411.136	-3577.181	166.0451	1.519462	3.944154	0.4437466	0.673852	0.326148	2.234433
10344	-3408.303	-3574.359	166.0558	1.594836	3.10078	0.5850577	0.606372	0.393628	2.234433
10350	-3400.853	-3567.342	166.4893	1.488887	3.10078	0.3980744	0.619977	0.380023	2.226303
10356	-3409.126	-3575.734	166.6085	1.409246	3.10078	0.3779377	0.643384	0.356616	2.226303
10362	-3410.233	-3574.98	164.7467	1.194432	3.56976	0.315141	0.714046	0.285954	3.460219
10368	-3399.331	-3564.623	165.2912	1.355614	3.333948	0.3957518	0.647789	0.352211	2.995841
10374	-3419.98	-3585.629	165.6498	1.330131	2.831912	0.3352104	0.743731	0.256269	2.995841
10380	-3425.722	-3591.213	165.4905	1.348015	2.915042	0.3992437	0.721278	0.278722	2.980224
10386	-3405.03	-3569.725	164.6954	1.256745	3.756305	0.3992437	0.563877	0.436123	3.311408
10392	-3406.865	-3573.001	166.1355	1.360096	2.535665	0.3884	0.664288	0.335712	2.700001
10398	-3416.043	-3581.922	165.8794	1.414654	2.59222	0.3884	0.647299	0.352701	2.806467
10404	-3410.04	-3576.196	166.1558	1.37607	3.338761	0.2954871	0.647299	0.352701	2.585641
10410	-3412.78	-3578.727	165.9469	1.519689	3.338761	0.2954871	0.635795	0.364205	2.626005
10416	-3411.652	-3576.894	165.2418	1.296927	3.050043	0.4275375	0.648026	0.351974	3.093249
10422	-3413.479	-3579.037	165.5572	1.372377	4.082666	0.3963802	0.648026	0.351974	2.660068
10428	-3422.312	-3588.637	166.3252	1.449758	3.215704	0.3252144	0.666882	0.333118	2.421845
10434	-3427.626	-3593.862	166.2358	1.544681	3.215704	0.3927748	0.595886	0.404114	2.329504
10440	-3419.327	-3585.757	166.4295	1.484632	3.406141	0.3304885	0.642751	0.357249	2.278551
10446	-3415.63	-3581.729	166.0988	1.415816	3.526389	0.419834	0.687867	0.312133	2.389172
10452	-3412.862	-3578.641	165.7789	1.406026	3.030616	0.3463101	0.617006	0.382994	2.805643
10458	-3436.51	-3601.725	165.2152	1.261032	3.598273	0.3463101	0.595869	0.404131	3.09803
10464	-3408.304	-3574.235	165.9306	1.460949	3.25729	0.4992919	0.618206	0.381794	2.444188
10470	-3408.811	-3574.018	165.2074	1.393193	3.875434	0.3610965	0.618206	0.381794	2.945917
10476	-3419.276	-3584.652	165.3765	1.271365	3.875434	0.4315707	0.627461	0.372539	2.834584
10482	-3413.875	-3579.099	165.2245	1.374945	3.341164	0.3239925	0.637448	0.362552	3.111413
10488	-3433.375	-3597.362	163.987	1.221546	3.363845	0.3239925	0.582136	0.417864	3.917654
10494	-3424.001	-3587.672	163.6709	1.176908	3.363845	0.4906422	0.529344	0.470656	3.941213
10500	-3428.537	-3594.636	166.0988	1.398209	2.33066	0.376029	0.529344	0.470656	2.777188
10506	-3421.285	-3586.624	165.3393	1.369047	2.955813	0.376029	0.607442	0.392558	3.074992
10512	-3422.586	-3588.815	166.2294	1.438477	2.825058	0.4169533	0.651034	0.348966	2.47578
10518	-3436.479	-3602	165.5216	1.342325	2.825058	0.4713413	0.606732	0.393268	2.909678
10524	-3424.062	-3588.934	164.8721	1.437928	2.825058	0.3728424	0.592492	0.407508	3.348589
10530	-3411.309	-3576.553	165.2439	1.356234	2.372608	0.3728424	0.626049	0.373951	3.305039
10536	-3410.088	-3575.023	164.9349	1.212761	3.276187	0.3966202	0.589114	0.410886	3.305039
10542	-3415.687	-3581.486	165.7987	1.375706	2.648426	0.4618247	0.726774	0.273226	2.780323
10548	-3406.402	-3572.063	165.6606	1.389603	3.231758	0.3923474	0.65768	0.34232	2.780323
10554	-3414.342	-3579.735	165.3925	1.286207	3.231758	0.3984415	0.65768	0.34232	2.997814
10560	-3416.656	-3582.012	165.356	1.305945	3.377936	0.4909169	0.577568	0.422432	2.873147
10566	-3411.681	-3576.581	164.9007	1.334824	2.629026	0.4909169	0.577568	0.422432	3.31783
10572	-3405.858	-3571.34	165.4826	1.414668	3.263058	0.383503	0.611572	0.388428	2.876223
10578	-3402.756	-3569.147	166.3907	1.466803	2.490494	0.6322241	0.645605	0.354395	2.234663
10584	-3413.223	-3579.666	166.4429	1.545792	2.844775	0.4444457	0.645649	0.354351	2.234501
10590	-3413.431	-3579.46	166.0295	1.55081	2.470913	0.759882	0.522125	0.477875	2.311488
10596	-3411.366	-3577.901	166.535	1.46675	2.470913	0.5618448	0.589203	0.410797	2.214201
10602	-3414.88	-3581.929	167.0498	1.486923	1.99555	0.3947546	0.621861	0.378139	2.219215
10608	-3429.493	-3595.319	165.8256	1.356511	3.196616	0.4583199	0.577585	0.422415	2.633222
10614	-3423.096	-3589.335	166.2392	1.524759	3.196616	0.2928668	0.678101	0.321899	2.479994
10620	-3417.523	-3583.955	166.4317	1.504938	2.920553	0.3508103	0.683532	0.316468	2.362594
10626	-3421.893	-3587.751	165.8576	1.481432	3.949568	0.3162429	0.63403	0.36597	2.537745
10632	-3420.41	-3586.683	166.2736	1.3907	2.769686	0.3803293	0.656291	0.343709	2.537745
10638	-3417.629	-3583.5	165.8707	1.36106	3.124511	0.4763284	0.643529	0.356471	2.601403
10644	-3435.042	-3600.702	165.66	1.334352	3.124511	0.379347	0.521114	0.478886	2.856317
10650	-3416.076	-3581.585	165.5092	1.372268	3.124511	0.4387323	0.608887	0.391113	2.856317
10656	-3420.381	-3585.267	164.8858	1.38273	2.995481	0.5208519	0.608887	0.391113	3.172272
10662	-3406.096	-3571.075	164.9794	1.255517	3.25956	0.4756525	0.681328	0.318672	3.172272
10668	-3409.932	-3574.314	164.3824	1.126443	4.326665	0.3390875	0.677254	0.322746	3.531075
10674	-3425.481	-3589.745	164.2645	1.122487	3.809447	0.3353322	0.708232	0.291768	3.706207
10680	-3415.784	-3580.55	164.7661	1.250707	3.013448	0.3627741	0.658182	0.341818	3.484449
10686	-3411.877	-3576.671	164.7933	1.296911	3.640597	0.3627741	0.575426	0.424574	3.297294
10692	-3412.566	-3576.691	164.1248	1.14758	2.670248	0.3772668	0.537382	0.462618	3.985316
10698	-3416.831	-3580.754	163.9221	1.148168	3.43886	0.4013843	0.594762	0.405238	3.888919
10704	-3410.348	-3574.793	164.4459	1.217216	3.43886	0.4013843	0.529896	0.470104	3.54637
10710	-3414.752	-3579.272	164.5199	1.241306	3.909989	0.4013843	0.577771	0.422229	3.389674
10716	-3417.091	-3583.249	166.1575	1.367566	2.87685	0.4642981	0.532184	0.467816	2.497323
10722	-3408.741	-3574.54	165.799	1.406057	2.621368	0.4642981	0.599394	0.400606	2.766819
10728	-3418.335	-3584.625	166.2903	1.438051	3.405077	0.4642981	0.711789	0.288211	2.230964
10734	-3401.114	-3567.337	166.2233	1.620686	3.147643	0.4609805	0.691701	0.308299	2.225846
10740	-3414.584	-3581.418	166.8341	1.620686	3.147643	0.3751258	0.60553	0.39447	1.929437
10746	-3417.165	-3584.19	167.0244	1.662787	2.322822	0.4621919	0.674688	0.325312	1.918644
10752	-3406.684	-3573.298	166.6137	1.37827	3.112326	0.3681281	0.705482	0.294518	2.252585
10758	-3420.34	-3587.007	166.6674	1.42187	3.112326	0.3444364	0.705482	0.294518	2.221705
10764	-3421.251	-3587.644	166.3929	1.537829	3.112326	0.4665971	0.620044	0.379956	2.172749
10770	-3423.328	-3590.207	166.8787	1.531894	2.988299	0.3843022	0.720315	0.279685	1.991407
10776	-3415.195	-3581.591	166.396	1.565755	2.963453	0.3887424	0.597403	0.402597	2.285681
10782	-3424.567	-3590.447	165.8795	1.300177	3.56985	0.3854554	0.736924	0.263076	2.629501
10788	-3420.55	-3586.27	165.7198	1.380929	3.56985	0.3854554	0.736924	0.263076	2.678175
10794	-3421.938	-3587.603	165.6655	1.433133	3.56985	0.3864931	0.610825	0.389175	2.678175
10800	-3416.805	-3582.662	165.8563	1.420088	2.521802	0.5142583	0.575755	0.424245	2.701077
10806	-3416.366	-3581.187	164.821	1.385542	3.083782	0.5142583	0.575755	0.424245	3.193326
10812	-3409.279	-3574.489	165.21	1.175991	3.083782	0.4123695	0.579197	0.420803	3.192479
10818	-3407.811	-3572.807	164.9964	1.255666	2.002051	0.4123695	0.579197	0.420803	3.582187
10824	-3403.839	-3569.622	165.7835	1.277444	2.833945	0.4134072	0.655017	0.344983	2.851209
10830	-3415.125	-3579.986	164.8607	1.39678	2.833945	0.344754	0.669345	0.330655	3.411307
10836	-3422.259	-3587.299	165.0404	1.331576	2.797618	0.4192788	0.669345	0.330655	3.266263
10842	-3418.178	-3581.608	163.4305	1.295273	2.963605	0.586128	0.559944	0.440056	4.018389
10848	-3410.746	-3576.036	165.2894	1.442274	2.873941	0.465337	0.609679	0.390321	2.982547
10854	-3414.504	-3580.737	166.2326	1.481057	2.831868	0.3261124	0.591401	0.408599	2.560392
10860	-3418.013	-3584.717	166.7042	1.432291	2.704293	0.4080356	0.640893	0.359107	2.223571
10866	-3419.738	-3586.001	166.2636	1.457628	2.446342	0.4080356	0.654247	0.345753	2.564482
10872	-3423.878	-3590.295	166.4165	1.304766	2.446342	0.4080356	0.56613	0.43387	2.564482
10878	-3412.912	-3577.018	164.1067	1.302513	2.841276	0.4118188	0.652622	0.347378	3.823678
10884	-3408.742	-3573.896	165.1541	1.323065	3.024219	0.3939126	0.659027	0.340973	3.174195
10890	-3414.538	-3579.501	164.9628	1.323065	3.024219	0.3939126	0.674659	0.325341	3.287354
10896	-3414.17	-3579.699	165.5294	1.379167	2.973665	0.5802456	0.603998	0.396002	2.737243
10902	-3413.468	-3579.364	165.8956	1.519056	4.059567	0.3396985	0.637555	0.362445	2.434954
10908	-3413.83	-3579.511	165.6809	1.327182	4.059567	0.3282493	0.650634	0.349366	2.702874
10914	-3427.154	-3591.222	164.0678	1.135669	3.347874	0.6110199	0.687469	0.312531	3.632506
10920	-3427.988	-3595.193	167.2044	1.599309	2.521239	0.428508	0.583913	0.416087	1.811918
10926	-3434.588	-3600.975	166.3871	1.463623	2.501564	0.5660757	0.446142	0.553858	2.29732
10932	-3421.115	-3587.334	166.2198	1.575036	2.356692	0.5416505	0.584533	0.415467	2.403003
10938	-3410.768	-3576.796	166.0284	1.513957	2.596039	0.5278992	0.617549	0.382451	2.500711
10944	-3419.385	-3585.656	166.2712	1.473599	2.596039	0.3820055	0.538829	0.461171	2.535797
10950	-3419.455	-3586.449	166.9944	1.657264	2.596039	0.3820055	0.548767	0.451233	1.951385
10956	-3418.48	-3584.599	166.1183	1.532727	2.873183	0.3820055	0.594099	0.405901	2.515192
10962	-3423.087	-3589.493	166.4068	1.550264	2.912916	0.4056992	0.567305	0.432695	2.281689
10968	-3430.428	-3596.877	166.4489	1.550264	3.091874	0.3896	0.556984	0.443016	2.22576
10974	-3415.766	-3582.271	166.5049	1.503571	3.091874	0.4647349	0.539956	0.460044	2.129737
10980	-3420.359	-3586.677	166.3179	1.433648	3.091874	0.4647349	0.720762	0.279238	2.295703
10986	-3430.829	-3597.43	166.6005	1.577312	2.818241	0.3078393	0.637635	0.362365	2.297809
10992	-3427.878	-3594.057	166.1791	1.500562	2.818241	0.4509158	0.616328	0.383672	2.431406
10998	-3426.384	-3591.034	164.6506	1.248766	2.818241	0.3737039	0.583644	0.416356	3.589291
11004	-3423.551	-3588.63	165.0788	1.211667	2.818241	0.3210356	0.652019	0.347981	3.426309
11010	-3423.756	-3590.707	166.9512	1.543085	2.402635	0.3494353	0.5123	0.4877	2.162299
11016	-3419.694	-3586.065	166.3712	1.55046	3.227506	0.3494353	0.719873	0.280127	2.292481
11022	-3428	-3593.411	165.4103	1.358943	3.227506	0.5754367	0.648485	0.351515	2.762603
11028	-3419.357	-3585.182	165.825	1.358943	3.02064	0.4246122	0.693916	0.306084	2.714141
11034	-3418.306	-3584.195	165.8884	1.356623	2.669959	0.4246122	0.618768	0.381232	2.771945
11040	-3418.965	-3584.714	165.7487	1.339377	2.669959	0.4346406	0.62247	0.37753	2.856198
11046	-3428.568	-3593.877	165.3091	1.233226	2.814822	0.303949	0.705911	0.294089	3.302105
11052	-3423.836	-3589.207	165.3714	1.25308	2.814822	0.303949	0.528323	0.471677	3.253646
11058	-3425.498	-3590.574	165.0763	1.2465	4.370757	0.303949	0.689987	0.310013	3.089532
11064	-3418.358	-3583.134	164.7764	1.240182	3.687507	0.2822832	0.592892	0.407108	3.435962
11070	-3420.564	-3584.445	163.8804	1.195162	3.712757	0.3370014	0.639489	0.360511	3.903153
11076	-3416.875	-3581.391	164.5152	1.164888	3.894126	0.3919585	0.520379	0.479621	3.451085
11082	-3425.075	-3588.374	163.2997	1.14188	3.903438	0.3919585	0.62425	0.37575	4.162465
11088	-3424.145	-3588.256	164.1109	1.15576	3.086071	0.3919585	0.676817	0.323183	3.867149
11094	-3419.443	-3582.706	163.2635	1.101442	3.284406	0.3919585	0.620929	0.379071	4.334911
11100	-3427.861	-3591.369	163.5081	1.221454	3.050936	0.4508379	0.59829	0.40171	4.119851
11106	-3427.324	-3589.952	162.6285	1.176627	3.050936	0.3725556	0.667817	0.332183	4.724645
11112	-3417.913	-3582.717	164.8034	1.275437	2.549023	0.5105826	0.529156	0.470844	3.413271
11118	-3419.767	-3584.533	164.7661	1.270157	3.348355	0.4076248	0.584795	0.415205	3.341526
11124	-3413.315	-3578.266	164.9511	1.282175	2.894777	0.4076248	0.503074	0.496926	3.335528
11130	-3416.893	-3582.923	166.0296	1.435751	2.894777	0.4076248	0.503074	0.496926	2.593717
11136	-3425.735	-3592.349	166.6145	1.498534	2.70305	0.4948423	0.481707	0.518293	2.139067
11142	-3411.809	-3578.204	166.3957	1.614293	2.720585	0.5140584	0.61027	0.38973	2.180268
11148	-3419.05	-3585.71	166.6606	1.52021	2.368735	0.5140584	0.627296	0.372704	2.180268
11154	-3421.696	-3587.464	165.7677	1.259613	2.87001	0.4278396	0.611618	0.388382	2.845635
11160	-3419.013	-3585.238	166.2248	1.512342	2.87014	0.3793635	0.625351	0.374649	2.465392
11166	-3420.378	-3587.584	167.2059	1.497621	2.571249	0.3004575	0.679099	0.320901	2.041565
11172	-3422.726	-3588.408	165.6816	1.510029	4.20882	0.4276084	0.551646	0.448354	2.434603
11178	-3420.061	-3586.39	166.3291	1.528872	3.120857	0.4153751	0.76086	0.23914	2.277022
11184	-3422.562	-3588.267	165.7044	1.38521	2.313251	0.441059	0.74789	0.25211	2.954545
11190	-3420.707	-3586.78	166.0728	1.387267	2.313251	0.407118	0.570523	0.429477	2.768156
11196	-3416.16	-3581.869	165.7096	1.20719	2.190076	0.5165973	0.612313	0.387687	3.020451
11202	-3413.796	-3580.448	166.6524	1.445896	2.190076	0.3591896	0.700648	0.299352	2.473229
11208	-3420.998	-3587.478	166.4797	1.571993	2.068843	0.6880293	0.57555	0.42445	2.204674
11214	-3421.765	-3586.899	165.1339	1.575068	3.185055	0.6880293	0.57555	0.42445	2.713242
11220	-3422.821	-3588.373	165.5519	1.477228	3.570194	0.6880293	0.57555	0.42445	2.421982
11226	-3413.763	-3580.769	167.0057	1.417181	2.564164	0.3351507	0.683837	0.316163	2.176665
11232	-3416.103	-3582.616	166.5131	1.58712	2.73332	0.451556	0.56472	0.43528	2.186747
11238	-3411.748	-3578.823	167.0745	1.702691	2.73332	0.451556	0.539463	0.460537	1.731565
11244	-3419.514	-3586.297	166.7828	1.638272	4.033931	0.3723491	0.650693	0.349307	1.731565
11250	-3418.272	-3585.162	166.8901	1.512942	2.918853	0.3553709	0.556173	0.443827	2.055352
11256	-3423.821	-3590.698	166.8778	1.614106	2.918853	0.3144385	0.673327	0.326673	2.055352
11262	-3410.505	-3577.622	167.1177	1.670459	3.222972	0.4297243	0.609675	0.390325	1.602101
11268	-3411.958	-3578.923	166.9658	1.557014	3.261132	0.4297243	0.634623	0.365377	1.779702
11274	-3403.61	-3570.451	166.842	1.572747	3.261132	0.4297243	0.603808	0.396192	1.854315
11280	-3417.086	-3584.15	167.0644	1.685518	4.104139	0.4582189	0.699447	0.300553	1.350286
11286	-3416.423	-3583.523	167.1002	1.761495	4.104139	0.4582189	0.622277	0.377723	1.259646
11292	-3413.368	-3580.581	167.2132	1.91309	3.362896	0.4582189	0.57378	0.42622	1.259646
11298	-3416.992	-3584.068	167.0757	1.79885	3.361993	0.4582189	0.569611	0.430389	1.459196
11304	-3402.775	-3570.175	167.3996	1.79647	2.786118	0.4390654	0.639965	0.360035	1.423232
11310	-3407.281	-3574.285	167.0034	1.876601	2.607377	0.6071326	0.615083	0.384917	1.520436
11316	-3404.116	-3571.679	167.5629	1.842949	2.607377	0.4491951	0.613315	0.386685	1.308653
11322	-3426.167	-3593.075	166.9078	1.557321	3.610176	0.3901531	0.639955	0.360045	1.779544
11328	-3413.96	-3580.305	166.3451	1.512025	2.444688	0.4223232	0.566205	0.433795	2.463445
11334	-3433.258	-3599.067	165.8092	1.514371	2.909768	0.3416159	0.571446	0.428554	2.75873
11340	-3427.646	-3594.169	166.5234	1.668687	2.996899	0.5395093	0.599851	0.400149	1.952798
11346	-3429.42	-3595.91	166.4904	1.639709	3.623996	0.4936408	0.603104	0.396896	1.878012
11352	-3419.912	-3586.953	167.0412	1.70665	3.073644	0.3468161	0.651945	0.348055	1.789844
11358	-3419.408	-3586.228	166.8206	1.70917	3.073644	0.4316694	0.634673	0.365327	1.825244
11364	-3415.608	-3582.873	167.2651	1.67601	2.983994	0.3262857	0.672664	0.327336	1.712135
11370	-3419.02	-3586.363	167.3432	1.702564	2.617617	0.3542159	0.640559	0.359441	1.712135
11376	-3424.627	-3591.578	166.9507	1.606475	3.458378	0.3542159	0.67981	0.32019	1.805327
11382	-3421.819	-3589.282	167.463	1.740379	3.142806	0.2947468	0.67981	0.32019	1.526356
11388	-3420.305	-3587.063	166.758	1.703263	2.898274	0.4848072	0.645646	0.354354	1.85951
11394	-3424.217	-3591.227	167.0094	1.707117	2.898274	0.4848072	0.690161	0.309839	1.681582
11400	-3424.372	-3591.526	167.1542	1.798422	2.898274	0.4784319	0.636116	0.363884	1.517622
11406	-3423.974	-3591.717	167.7433	1.728003	2.543377	0.4116935	0.684013	0.315987	1.336052
11412	-3412.376	-3579.944	167.5678	1.7612	2.257899	0.4210505	0.682083	0.317917	1.542953
11418	-3402.193	-3569.359	167.1655	1.688422	2.48734	0.4411715	0.682246	0.317754	1.772626
11424	-3410.738	-3578.222	167.4838	1.674119	2.58861	0.394188	0.693389	0.306611	1.583643
11430	-3415.836	-3583.024	167.1879	1.690982	3.002809	0.4437353	0.746357	0.253643	1.583643
11436	-3425.802	-3592.75	166.9488	1.592279	3.002809	0.4095128	0.595016	0.404984	1.866228
11442	-3415.433	-3582.044	166.6115	1.581903	3.240549	0.4095128	0.670164	0.329836	2.034214
11448	-3416.01	-3582.893	166.8834	1.545175	2.214581	0.3612362	0.70666	0.29334	2.252583
11454	-3414.858	-3581.553	166.6949	1.563493	2.553408	0.4293709	0.727517	0.272483	2.164964
11460	-3412.348	-3579.574	167.2257	1.608415	2.246311	0.3420479	0.663844	0.336156	2.002589
11466	-3411.777	-3579.186	167.4087	1.617426	2.485737	0.3420479	0.737502	0.262498	1.788541
11472	-3415.558	-3582.745	167.1876	1.725446	2.916729	0.329141	0.632218	0.367782	1.747786
11478	-3411.786	-3578.905	167.1186	1.745598	2.749278	0.5150513	0.64882	0.35118	1.587043
11484	-3408.922	-3575.489	166.5667	1.56595	2.749278	0.3618923	0.713582	0.286418	2.271501
11490	-3434.862	-3600.353	165.4915	1.317003	2.614133	0.5353825	0.663136	0.336864	2.937995
11496	-3421.282	-3586.127	164.8454	1.317003	2.555449	0.3460782	0.597295	0.402705	3.540518
11502	-3423.703	-3588.594	164.8906	1.308965	2.653565	0.3460782	0.528638	0.471362	3.491679
11508	-3417.656	-3581.949	164.2927	1.269622	2.653565	0.5200704	0.470984	0.529016	3.676001
11514	-3416.213	-3580.062	163.8496	1.402812	2.994804	0.6556684	0.575417	0.424583	3.651147
11520	-3425.441	-3590.414	164.9727	1.385671	3.337513	0.6556684	0.425212	0.574788	2.91598
11526	-3415.643	-3581.533	165.8904	1.400014	3.184142	0.3965697	0.463283	0.536717	2.639723
11532	-3413.17	-3579.968	166.7981	1.599389	3.184142	0.4986751	0.574063	0.425937	1.804755
11538	-3420.74	-3587.054	166.3148	1.557207	3.037289	0.4861879	0.574063	0.425937	2.20935
11544	-3426.032	-3592.658	166.6251	1.514398	2.801855	0.5202864	0.574063	0.425937	2.06487
11550	-3433.363	-3599.948	166.5847	1.554744	2.801855	0.5202864	0.574063	0.425937	2.06487
11556	-3425.635	-3591.648	166.0128	1.561899	2.801855	0.5611533	0.655724	0.344276	2.387986
11562	-3426.598	-3592.597	165.9994	1.509926	2.801855	0.6051641	0.677957	0.322043	2.387986
11568	-3428.894	-3594.113	165.2192	1.453904	3.210406	0.6293887	0.634141	0.365859	2.777691
11574	-3423.761	-3591.144	167.3828	1.905326	3.019417	0.5344298	0.73219	0.26781	1.13084
11580	-3417.331	-3585.05	167.7199	1.903339	3.019417	0.346464	0.611685	0.388315	1.137082
11586	-3417.804	-3585.54	167.7353	2.049625	2.810902	0.4376275	0.714995	0.285005	0.8896453
11592	-3427.165	-3593.456	166.2902	1.565873	3.373636	0.4447734	0.686313	0.313687	2.178494
11598	-3426.577	-3593.063	166.4858	1.48902	3.768042	0.4447734	0.686313	0.313687	2.004725
11604	-3424.932	-3591.036	166.1038	1.49842	3.549758	0.4447734	0.642064	0.357936	2.29898
11610	-3419.769	-3585.328	165.5595	1.326812	3.523854	0.4398213	0.7009	0.2991	2.757099
11616	-3406.214	-3572.021	165.8071	1.3555	3.750166	0.3596536	0.650985	0.349015	2.631996
11622	-3404.362	-3569.406	165.0443	1.319474	4.099367	0.3596536	0.650985	0.349015	3.044441
11628	-3415.158	-3579.853	164.6944	1.253787	2.648996	0.4289917	0.634942	0.365058	3.544091
11634	-3411.083	-3577.028	165.9454	1.529996	2.648996	0.3566434	0.690094	0.309906	2.718568
11640	-3413.417	-3578.982	165.565	1.389333	3.453325	0.3777187	0.623919	0.376081	2.803764
11646	-3416.496	-3582.38	165.884	1.365285	2.290283	0.614054	0.563832	0.436168	2.696629
11652	-3416.062	-3583.534	167.4718	1.947796	3.17738	0.3999697	0.691106	0.308894	1.163686
11658	-3418.978	-3586.668	167.6901	1.947796	2.637044	0.4092036	0.599346	0.400654	1.163686
11664	-3412.69	-3580.574	167.8835	1.929624	2.298415	0.348166	0.685871	0.314129	1.261852
11670	-3424.161	-3592.062	167.9002	1.801718	2.298415	0.359164	0.685871	0.314129	1.333599
11676	-3410.867	-3578.283	167.4155	1.853975	3.672417	0.3911704	0.692017	0.307983	1.144256
11682	-3430.639	-3596.586	165.9471	1.423271	2.720954	0.6432177	0.629416	0.370584	2.46479
11688	-3421.046	-3587.516	166.4695	1.570287	3.241467	0.4176203	0.637374	0.362626	2.125014
11694	-3413.613	-3580.122	166.5086	1.517463	3.599614	0.3113824	0.637374	0.362626	2.187166
11700	-3414.018	-3580.32	166.3014	1.490136	3.278869	0.318799	0.612588	0.387412	2.404474
11706	-3410.639	-3576.001	165.3613	1.292264	3.029916	0.4755379	0.662048	0.337952	2.978534
11712	-3410.326	-3575.451	165.1246	1.393136	3.432786	0.6440022	0.671331	0.328669	2.806903
11718	-3414.691	-3580.937	166.2462	1.447556	3.21885	0.400961	0.64873	0.35127	2.373753
11724	-3419.167	-3584.269	165.1012	1.320085	3.21885	0.400961	0.587401	0.412599	3.151715
11730	-3409.445	-3576.957	167.5122	1.817127	2.477557	0.4577586	0.705748	0.294252	1.407092
11736	-3417.181	-3584.648	167.4666	1.827232	2.477557	0.4268993	0.54119	0.45881	1.476797
11742	-3411.847	-3579.617	167.7694	1.805461	2.581264	0.4014083	0.698102	0.301898	1.252781
11748	-3408.863	-3575.844	166.9816	1.72148	3.103814	0.4599655	0.706479	0.293521	1.659308
11754	-3415.604	-3582.071	166.4676	1.575474	3.103814	0.3940485	0.706479	0.293521	2.188612
11760	-3415.504	-3582.145	166.6415	1.472271	3.640298	0.3940485	0.732571	0.267429	2.005769
11766	-3408.769	-3575.424	166.6553	1.646804	2.651808	0.4422821	0.65358	0.34642	2.090454
11772	-3410.959	-3577.201	166.2423	1.468358	3.123747	0.4364842	0.608516	0.391484	2.345382
11778	-3420.692	-3587.153	166.4617	1.454838	3.357164	0.2869972	0.608516	0.391484	2.352593
11784	-3414.428	-3580.133	165.7054	1.432043	3.284034	0.3830014	0.674183	0.325817	2.725534
11790	-3413.392	-3578.671	165.2784	1.295797	2.877859	0.3641865	0.57476	0.42524	3.189293
11796	-3402.795	-3568.325	165.5301	1.38083	2.845506	0.3673085	0.57909	0.42091	2.993081
11802	-3406.605	-3571.735	165.1302	1.38083	2.845506	0.4128152	0.690974	0.309026	3.178465
11808	-3412.112	-3577.18	165.0683	1.370725	3.423514	0.4895442	0.586069	0.413931	2.998312
11814	-3397.81	-3563.361	165.5511	1.341565	3.195344	0.4403003	0.584589	0.415411	2.830343
11820	-3410.096	-3575.463	165.3673	1.340459	3.195344	0.519844	0.568651	0.431349	2.860328
11826	-3408.577	-3573.78	165.2026	1.316073	2.764583	0.519844	0.643711	0.356289	3.08473
11832	-3403.561	-3567.955	164.3945	1.210111	3.444924	0.3959415	0.589756	0.410244	3.585152
11838	-3417.206	-3581.672	164.4657	1.249692	2.804778	0.3818487	0.589756	0.410244	3.68996
11844	-3418.182	-3583.485	165.3028	1.359881	2.921775	0.4531498	0.576539	0.423461	3.024178
11850	-3415.475	-3581.435	165.9598	1.368992	2.921775	0.3884027	0.636578	0.363422	2.693627
11856	-3427.674	-3593.173	165.4982	1.403473	2.921775	0.4048293	0.631216	0.368784	2.933965
11862	-3415.122	-3580.006	164.8843	1.144599	2.758739	0.4160493	0.577444	0.422556	3.481529
11868	-3416.419	-3582.022	165.6032	1.228539	2.758739	0.4834482	0.635002	0.364998	2.934594
11874	-3417.574	-3583.146	165.5717	1.3629	3.059123	0.5063038	0.652252	0.347748	2.769773
11880	-3435.067	-3601.725	166.6585	1.584942	3.510566	0.2845698	0.672255	0.327745	2.107875
11886	-3425.879	-3591.665	165.7864	1.502734	4.445615	0.2845698	0.661731	0.338269	2.514668
11892	-3422.592	-3587.144	164.5527	1.348976	4.195629	0.4714497	0.574448	0.425552	3.17554
11898	-3414.445	-3579.865	165.4201	1.511188	3.388886	0.8023331	0.670491	0.329509	2.437022
11904	-3412.589	-3578.446	165.8573	1.473365	3.057908	0.6658428	0.615802	0.384198	2.377265
11910	-3422.978	-3589.097	166.1197	1.463711	3.057908	0.5515519	0.598535	0.401465	2.321372
11916	-3424.683	-3590.763	166.08	1.448029	3.057908	0.4457341	0.689958	0.310042	2.467382
11922	-3421.74	-3588.003	166.2628	1.39686	3.395243	0.4111025	0.670573	0.329427	2.339127
11928	-3415.967	-3583.021	167.0546	1.658788	3.489076	0.4111025	0.670573	0.329427	1.606561
11934	-3414.422	-3581.695	167.2735	1.784033	3.21279	0.4111025	0.590606	0.409394	1.429993
11940	-3414.068	-3581.305	167.2374	1.829154	3.412426	0.3805223	0.745203	0.254797	1.40837
11946	-3405.086	-3572.61	167.5238	1.781817	3.022378	0.3805223	0.717204	0.282796	1.343724
11952	-3404.701	-3572.037	167.3362	1.74044	2.528835	0.5428733	0.689866	0.310134	1.47349
11958	-3409.937	-3577.302	167.3654	1.79227	2.528835	0.5890687	0.609341	0.390659	1.356627
11964	-3415.783	-3583.105	167.3218	1.686781	2.518407	0.4267924	0.67109	0.32891	1.671355
11970	-3435.464	-3602.733	167.2689	1.712773	2.574093	0.4267924	0.520168	0.479832	1.671355
11976	-3416.802	-3583.988	167.1858	1.631183	2.390411	0.4267924	0.59508	0.40492	1.849837
11982	-3428.339	-3595.609	167.2696	1.732948	2.640092	0.3421712	0.635749	0.364251	1.752958
11988	-3425.826	-3592.269	166.4423	1.59426	3.734139	0.4961069	0.681299	0.318701	1.911808
11994	-3414.686	-3579.324	164.6378	1.130922	2.700455	0.5410873	0.589701	0.410299	3.524161
12000	-3426.492	-3590.843	164.3511	1.199126	3.50239	0.4150889	0.646255	0.353745	3.582926
12006	-3420.877	-3584.604	163.7269	1.201019	3.50239	0.3194041	0.670941	0.329059	4.053762
12012	-3417.122	-3582.389	165.2668	1.36642	3.232275	0.2777459	0.54044	0.45956	3.180865
12018	-3411.586	-3577.598	166.0122	1.360641	3.697003	0.437284	0.706915	0.293085	2.419012
12024	-3410.509	-3575.98	165.471	1.249345	3.697003	0.3793428	0.729685	0.270315	2.889196
12030	-3406.876	-3572.002	165.1269	1.284726	3.697003	0.3793428	0.569601	0.430399	3.074676
12036	-3404.749	-3570.181	165.432	1.390818	3.623893	0.3793428	0.611074	0.388926	2.84316
12042	-3403.343	-3568.997	165.6542	1.282394	3.081341	0.5232663	0.616525	0.383475	2.746154
12048	-3408.813	-3573.934	165.1209	1.300606	3.081341	0.4232618	0.630703	0.369297	3.1599
12054	-3409.328	-3575.292	165.9639	1.349491	3.081341	0.4232618	0.627678	0.372322	2.620354
12060	-3401.743	-3566.993	165.2494	1.359857	2.954062	0.6259676	0.583426	0.416574	2.884122
12066	-3403.688	-3569.919	166.231	1.54123	3.056377	0.473435	0.628173	0.371827	2.282357
12072	-3413.103	-3579.443	166.3403	1.525036	2.837906	0.3825275	0.600891	0.399109	2.389703
12078	-3413.711	-3580.257	166.5464	1.508885	2.837906	0.4576395	0.669597	0.330403	2.178318
12084	-3419.847	-3585.46	165.6137	1.359655	3.71035	0.4781979	0.669597	0.330403	2.620412
12090	-3425.202	-3591.023	165.8204	1.431815	3.479855	0.3421962	0.555561	0.444439	2.660322
12096	-3417.64	-3582.936	165.2959	1.268512	3.479855	0.4949835	0.551101	0.448899	2.904516
12102	-3414.108	-3579.459	165.3504	1.322293	3.263035	0.3361405	0.63229	0.36771	3.070165
12108	-3406.44	-3571.574	165.1349	1.335506	3.263035	0.4303367	0.650479	0.349521	3.0791
12114	-3414.61	-3580.121	165.5117	1.378976	2.385911	0.4303367	0.581308	0.418692	3.06301
12120	-3416.272	-3581.28	165.0081	1.192954	2.385911	0.3397575	0.547845	0.452155	3.574858
12126	-3406.458	-3571.32	164.8615	1.176068	2.813782	0.3662003	0.688569	0.311431	3.518926
12132	-3408.734	-3573.345	164.6113	1.298064	2.963263	0.5880435	0.524863	0.475137	3.331532
12138	-3413.524	-3579.456	165.9322	1.442376	3.482852	0.3536065	0.614531	0.385469	2.569019
12144	-3422.582	-3588.309	165.7274	1.390673	4.292877	0.3634908	0.614531	0.385469	2.541782
12150	-3411.756	-3577.435	165.6786	1.530894	4.05358	0.3634908	0.614531	0.385469	2.533369
12156	-3409.804	-3576.083	166.279	1.520658	4.647973	0.3634908	0.682313	0.317687	2.03531
12162	-3406.212	-3572.542	166.3298	1.492582	3.278698	0.402476	0.485667	0.514333	2.274743
12168	-3415.631	-3581.635	166.0045	1.492582	3.278698	0.5417294	0.61849	0.38151	2.328848
12174	-3401.1	-3567.336	166.2361	1.485743	3.54918	0.4893584	0.602325	0.397675	2.172275
12180	-3416.196	-3581.719	165.5225	1.35442	3.995678	0.4893584	0.787265	0.212735	2.60709
12186	-3409.828	-3574.611	164.7833	1.215704	3.517952	0.4747294	0.549537	0.450463	3.254004
12192	-3425.108	-3590.622	165.5143	1.361837	3.43041	0.410367	0.64754	0.35246	2.817962
12198	-3426.493	-3591.861	165.3685	1.384879	3.271812	0.5158829	0.54418	0.45582	2.817962
12204	-3418.232	-3583.814	165.5817	1.403564	3.05946	0.4118028	0.597513	0.402487	2.839936
12210	-3417.249	-3582.868	165.6186	1.358784	3.05946	0.4160274	0.56844	0.43156	2.839936
12216	-3425.838	-3591.67	165.8318	1.36558	3.05946	0.4198096	0.56844	0.43156	2.701376
12222	-3416.239	-3581.274	165.0342	1.319362	3.492049	0.4731155	0.621188	0.378812	3.050693
12228	-3416.622	-3582.066	165.4435	1.379241	3.025011	0.5152115	0.556616	0.443384	2.837763
12234	-3417.196	-3582.851	165.655	1.375955	2.627349	0.567149	0.632918	0.367082	2.769592
12240	-3424.098	-3588.972	164.8737	1.239225	2.717862	0.7166179	0.574331	0.425669	3.171457
12246	-3410.636	-3575.303	164.6668	1.266669	3.066069	0.5987623	0.589329	0.410671	3.282473
12252	-3421.66	-3588.14	166.4792	1.338704	2.775267	0.3589481	0.693419	0.306581	2.467346
12258	-3402.976	-3569.399	166.4233	1.498939	2.543172	0.4773538	0.733397	0.266603	2.329692
12264	-3406.017	-3572.371	166.3545	1.433022	2.543172	0.470796	0.579689	0.420311	2.422178
12270	-3402.987	-3569.059	166.0714	1.532732	2.679012	0.3485809	0.655723	0.344277	2.641229
12276	-3406.459	-3572.107	165.6483	1.43774	3.770114	0.5467562	0.608222	0.391778	2.467617
12282	-3419.03	-3584.095	165.0653	1.558926	2.872138	0.5467562	0.427983	0.572017	2.967273
12288	-3422.68	-3588.611	165.9303	1.470215	2.730232	0.6328284	0.582029	0.417971	2.452261
12294	-3417.92	-3584.085	166.1655	1.55376	2.728779	0.5575713	0.572748	0.427252	2.320702
12300	-3413.936	-3580.511	166.5751	1.491	2.896567	0.3645194	0.601719	0.398281	2.268559
12306	-3415.114	-3581.642	166.5278	1.503001	2.896567	0.3797482	0.703044	0.296956	2.27141
12312	-3414.742	-3580.66	165.9181	1.513418	2.591286	0.6849952	0.597292	0.402708	2.429009
12318	-3416.545	-3582.762	166.2175	1.388296	2.404012	0.6849952	0.471756	0.528244	2.377213
12324	-3412.741	-3579.197	166.4563	1.435184	2.638882	0.5492736	0.576747	0.423253	2.245379
12330	-3420.466	-3587.131	166.6655	1.463573	2.280503	0.4583372	0.592719	0.407281	2.303617
12336	-3431.798	-3598.906	167.1078	1.655503	2.280503	0.3884488	0.653869	0.346131	1.974216
12342	-3418.912	-3586.045	167.1332	1.579035	2.492678	0.4092664	0.636737	0.363263	1.908655
12348	-3415.784	-3582.71	166.9263	1.656726	2.492678	0.5221515	0.636737	0.363263	1.86274
12354	-3424.485	-3591.414	166.9289	1.62009	2.451252	0.5221515	0.814806	0.185194	1.899962
12360	-3421.391	-3588.398	167.0068	1.663162	2.451252	0.5571478	0.648191	0.351809	1.779166
12366	-3420.11	-3587.39	167.2802	1.584592	2.646902	0.3895367	0.648191	0.351809	1.779166
12372	-3425.632	-3592.537	166.9044	1.720089	2.646902	0.3664074	0.648191	0.351809	1.974591
12378	-3414.911	-3581.542	166.6311	1.47654	3.0398	0.5348768	0.697831	0.302169	2.00208
12384	-3417.21	-3583.549	166.3394	1.47654	2.534143	0.4232682	0.615857	0.384143	2.460458
12390	-3420.448	-3584.829	164.3816	1.144166	2.857172	0.5284693	0.661118	0.338882	3.635732
12396	-3422.721	-3587.153	164.4312	1.092394	2.857172	0.4722796	0.590198	0.409802	3.690801
12402	-3420.252	-3585.258	165.0064	1.217158	2.857172	0.3671814	0.599802	0.400198	3.39775
12408	-3426.851	-3591.455	164.6041	1.227098	4.160201	0.3958268	0.704666	0.295334	3.305701
12414	-3424.402	-3589.124	164.7215	1.246848	4.160201	0.2780355	0.708027	0.291973	3.375456
12420	-3426.206	-3589.506	163.2999	1.101216	4.303536	0.3317449	0.639086	0.360914	4.18106
12426	-3419.765	-3583.609	163.8441	1.092598	3.078734	0.4414448	0.643636	0.356364	4.004688
12432	-3420.695	-3583.902	163.207	1.087407	3.078734	0.4624792	0.643636	0.356364	4.348385
12438	-3430.381	-3594.773	164.3923	1.188952	4.093214	0.4264354	0.578297	0.421703	3.431377
12444	-3417.291	-3582.248	164.9564	1.237199	2.775242	0.3444556	0.578297	0.421703	3.464441
12450	-3423.8	-3589.221	165.4213	1.290709	2.249846	0.4092172	0.578297	0.421703	3.234896
12456	-3418.101	-3583.06	164.9586	1.191078	2.888676	0.3556687	0.654343	0.345657	3.446804
12462	-3419.964	-3584.179	164.2151	1.283078	2.685302	0.5271277	0.654343	0.345657	3.698018
12468	-3416.951	-3582.186	165.235	1.225749	2.683364	0.3456179	0.537664	0.462336	3.331065
12474	-3430.691	-3595.08	164.3883	1.132607	2.825945	0.4773633	0.552536	0.447464	3.695353
12480	-3417.836	-3582.174	164.3376	1.173613	3.381042	0.3875665	0.683973	0.316027	3.663015
12486	-3408.058	-3573.051	164.9935	1.179325	3.381042	0.3512885	0.618301	0.381699	3.319948
12492	-3410.55	-3575	164.4505	1.258749	3.343152	0.6746509	0.497712	0.502288	3.286417
12498	-3411.75	-3576.801	165.0511	1.291984	2.788951	0.3886877	0.707352	0.292648	3.320134
12504	-3414.354	-3578.709	164.3549	1.113842	2.591746	0.3616467	0.604411	0.395589	3.912274
12510	-3405.249	-3570.367	165.1181	1.375695	3.221776	0.4306722	0.607454	0.392546	3.074577
12516	-3404.471	-3570.425	165.954	1.346923	3.818219	0.4306722	0.675459	0.324541	2.444848
12522	-3413.457	-3579.821	166.364	1.490045	3.211298	0.3229017	0.709146	0.290854	2.376224
12528	-3409.896	-3575.137	165.2411	1.411486	4.18943	0.3229017	0.629343	0.370657	2.900468
12534	-3400.633	-3565.097	164.464	1.160789	3.852963	0.3592472	0.580157	0.419843	3.530075
12540	-3403.435	-3567.489	164.0535	1.200409	3.904163	0.3026428	0.596754	0.403246	3.806256
12546	-3411.148	-3575.081	163.9338	1.065528	3.053129	0.4836939	0.596754	0.403246	3.932803
12552	-3425.167	-3589.686	164.5184	1.203519	3.853372	0.3312211	0.596754	0.403246	3.50812
12558	-3424.861	-3589.527	164.6662	1.197152	4.139132	0.3938489	0.720847	0.279153	3.293044
12564	-3405.488	-3569.799	164.3107	1.194298	2.625654	0.3152757	0.650526	0.349474	3.939538
12570	-3409.777	-3574.702	164.9251	1.217828	2.566395	0.5259661	0.650526	0.349474	3.356193
12576	-3414.299	-3579.281	164.982	1.249482	2.566395	0.5385676	0.573944	0.426056	3.292316
12582	-3419.624	-3585.053	165.4282	1.383682	3.948746	0.4532752	0.652255	0.347745	2.695244
12588	-3419.408	-3584.91	165.5016	1.301445	2.560889	0.4887898	0.671147	0.328853	3.002111
12594	-3411.932	-3577.497	165.5649	1.322144	2.869007	0.4119443	0.583427	0.416573	2.948542
12600	-3414.938	-3580.803	165.865	1.274982	2.445493	0.3767126	0.650796	0.349204	2.957129
12606	-3420.82	-3585.502	164.6825	1.279368	3.462596	0.4187513	0.557977	0.442023	3.347161
12612	-3426.687	-3592.667	165.9799	1.299478	2.814964	0.4408855	0.674723	0.325277	2.692194
12618	-3419.104	-3584.834	165.73	1.358273	3.730261	0.3017624	0.706264	0.293736	2.759799
12624	-3409.776	-3575.742	165.966	1.448374	2.741635	0.4839254	0.670502	0.329498	2.582993
12630	-3415.301	-3579.755	164.4543	1.127927	2.517364	0.462386	0.681893	0.318107	3.75798
12636	-3415.369	-3579.282	163.9125	1.285282	3.537906	0.5467009	0.523347	0.476653	3.649541
12642	-3407.859	-3572.167	164.3078	1.260273	3.968602	0.5088118	0.679207	0.320793	3.379773
12648	-3409.003	-3574.359	165.3559	1.266868	3.7353	0.4002096	0.552403	0.447597	2.915152
12654	-3416.343	-3582.292	165.9495	1.298709	2.674564	0.4002096	0.63411	0.36589	2.796753
12660	-3421.148	-3585.813	164.6651	1.244249	3.108373	0.5190985	0.593224	0.406776	3.358124
12666	-3424.55	-3590.278	165.7281	1.359014	3.101315	0.5046048	0.588356	0.411644	2.667279
12672	-3418.582	-3583.63	165.0481	1.379831	3.628135	0.5275976	0.588356	0.411644	2.921638
12678	-3421.465	-3587.167	165.7018	1.367794	3.628135	0.3729164	0.616544	0.383456	2.699501
12684	-3431.705	-3596.528	164.8226	1.414174	3.628135	0.414362	0.604204	0.395796	3.153196
12690	-3424.804	-3590.669	165.8655	1.442885	3.135058	0.5332856	0.543362	0.456638	2.49278
12696	-3410.346	-3576.326	165.9792	1.410688	3.103997	0.5099304	0.574688	0.425312	2.473238
12702	-3405.224	-3571.513	166.2896	1.443436	3.103997	0.5202015	0.574688	0.425312	2.244891
12708	-3405.839	-3571.025	165.1856	1.297647	3.172603	0.5202015	0.646198	0.353802	3.00084
12714	-3416.039	-3581.075	165.0363	1.297375	3.210198	0.5202015	0.491206	0.508794	3.081306
12720	-3420.485	-3584.662	164.1772	1.284013	2.899036	0.4914823	0.514392	0.485608	3.697393
12726	-3413.226	-3578.542	165.3151	1.252418	2.899036	0.5753591	0.586193	0.413807	2.968034
12732	-3406.77	-3571.954	165.1842	1.383285	2.899036	0.5753591	0.509079	0.490921	2.968034
12738	-3419.502	-3585.112	165.6098	1.418718	2.589795	0.5753591	0.552717	0.447283	2.774404
12744	-3416.742	-3582.818	166.0763	1.370458	2.632092	0.4494734	0.478153	0.521847	2.631377
12750	-3427.603	-3593.195	165.5924	1.299487	2.632092	0.4581121	0.714623	0.285377	2.960017
12756	-3424.268	-3589.196	164.9273	1.184245	2.476135	0.4250532	0.604486	0.395514	3.501696
12762	-3418.968	-3584.362	165.3935	1.271269	2.743235	0.4576584	0.651303	0.348697	3.065754
12768	-3419.021	-3584.728	165.7077	1.264103	3.028266	0.5153612	0.651303	0.348697	2.746011
12774	-3415.357	-3580.625	165.2677	1.350123	3.718449	0.5557985	0.676667	0.323333	2.759906
12780	-3418.227	-3584.328	166.1006	1.349929	2.614063	0.4208709	0.628861	0.371139	2.666426
12786	-3433.289	-3599.508	166.2195	1.418506	2.614063	0.4208709	0.538197	0.461803	2.550423
12792	-3421.494	-3586.205	164.7111	1.40315	3.184616	0.3416001	0.436496	0.563504	3.411981
12798	-3422.232	-3586.651	164.4189	1.231509	3.619572	0.4999283	0.543702	0.456298	3.411981
12804	-3413.007	-3578.381	165.3738	1.320502	3.279827	0.4735261	0.543702	0.456298	2.894596
12810	-3418.419	-3584.034	165.615	1.313411	2.845384	0.4437028	0.608078	0.391922	2.894596
12816	-3407.173	-3572.805	165.6326	1.295849	2.845384	0.4437028	0.65973	0.34027	2.894596
12822	-3408.996	-3574.625	165.6292	1.225544	2.666465	0.5008954	0.725266	0.274734	2.9288
12828	-3413.011	-3578.512	165.5015	1.400899	3.278265	0.3796277	0.745197	0.254803	2.874117
12834	-3412.147	-3578.078	165.9311	1.344857	3.278265	0.4243859	0.606988	0.393012	2.592856
12840	-3414.853	-3580.487	165.6342	1.299623	3.216203	0.4243859	0.615215	0.384785	2.817858
12846	-3416.565	-3582.074	165.5087	1.34929	2.877886	0.3098302	0.731214	0.268786	3.090377
12852	-3404.761	-3570.16	165.3988	1.320576	2.76652	0.3998034	0.731214	0.268786	3.090377
12858	-3408.228	-3573.188	164.9599	1.396671	2.76652	0.5258798	0.680406	0.319594	3.174901
12864	-3403.35	-3569.491	166.1414	1.404973	2.074383	0.4878615	0.668525	0.331475	2.706809
12870	-3409.711	-3575.417	165.7059	1.334246	2.074383	0.4893208	0.673446	0.326554	3.012131
12876	-3414.33	-3579.979	165.6489	1.342898	2.074383	0.4893208	0.69284	0.30716	3.041123
12882	-3409.566	-3575.188	165.6227	1.342898	3.641739	0.4397776	0.668968	0.331032	2.681945
12888	-3416.151	-3581.804	165.6531	1.35033	4.752532	0.4397776	0.716974	0.283026	2.434015
12894	-3409.569	-3575.386	165.8167	1.431765	3.897215	0.4469942	0.667803	0.332197	2.442029
12900	-3413.39	-3579.456	166.0657	1.448396	3.179124	0.4968267	0.615102	0.384898	2.389251
12906	-3423.637	-3589.096	165.4585	1.293235	3.280156	0.4821875	0.592747	0.407253	2.850817
12912	-3428.45	-3593.476	165.0252	1.42092	4.104892	0.5076177	0.592747	0.407253	2.83021
12918	-3408.234	-3574.369	166.135	1.380767	2.64324	0.5327307	0.68595	0.31405	2.498565
12924	-3424.291	-3590.339	166.0486	1.475644	2.437263	0.5327307	0.640848	0.359152	2.555609
12930	-3407.901	-3574.192	166.2909	1.539688	3.280869	0.5697918	0.637125	0.362875	2.084783
12936	-3416.562	-3583.352	166.7897	1.543873	2.403533	0.4992159	0.731687	0.268313	2.084783
12942	-3410.854	-3577.753	166.8989	1.53189	2.458379	0.4075596	0.622992	0.377008	2.109517
12948	-3434.1	-3600.656	166.5559	1.455885	3.427061	0.5308556	0.725192	0.274808	1.966728
12954	-3438.857	-3604.865	166.0084	1.535916	3.400452	0.466403	0.723751	0.276249	2.347473
12960	-3417.779	-3585.374	167.5953	1.797504	2.609762	0.3770711	0.763269	0.236731	1.425439
12966	-3425.69	-3593.147	167.4574	1.707794	2.609762	0.3770711	0.763269	0.236731	1.595646
12972	-3425.395	-3592.782	167.3871	1.707026	2.609762	0.3949698	0.646366	0.353634	1.62163
12978	-3430.534	-3597.845	167.3113	1.588421	2.549215	0.3561487	0.74513	0.25487	1.833908
12984	-3414.327	-3581.282	166.9551	1.753633	3.624129	0.3230065	0.635783	0.364217	1.703282
12990	-3432.283	-3598.456	166.1731	1.489044	2.145427	0.3550827	0.510021	0.489979	2.763287
12996	-3413.805	-3580.103	166.2973	1.489044	2.659852	0.3550827	0.711945	0.288055	2.525334
13002	-3431.81	-3598.342	166.5312	1.504316	2.19417	0.3355172	0.752577	0.247423	2.542348
13008	-3432.397	-3598.99	166.5933	1.505459	2.185102	0.4598337	0.479394	0.520606	2.353891
13014	-3431.228	-3597.958	166.7296	1.552389	3.737749	0.4622733	0.571833	0.428167	1.782196
13020	-3416.785	-3583.168	166.3829	1.370333	3.108724	0.5034396	0.723044	0.276956	2.248214
13026	-3423.375	-3590.219	166.8439	1.57467	2.597181	0.3384662	0.588007	0.411993	2.164533
13032	-3426.848	-3593.089	166.2405	1.530115	3.259647	0.3522953	0.668774	0.331226	2.376614
13038	-3425.22	-3591.428	166.208	1.383779	3.259647	0.3780073	0.681411	0.318589	2.456182
13044	-3409.632	-3574.83	165.1979	1.311996	3.086436	0.5178836	0.605976	0.394024	3.008334
13050	-3408.762	-3574.358	165.5954	1.242196	3.086436	0.5178836	0.609283	0.390717	2.810474
13056	-3400.405	-3565.636	165.2317	1.242196	3.52117	0.5178836	0.541112	0.458888	2.927156
13062	-3410.635	-3575.111	164.4758	1.260103	2.80962	0.5178836	0.634895	0.365105	3.535781
13068	-3424.984	-3591.168	166.1844	1.425407	2.152688	0.5178836	0.641439	0.358561	2.610194
13074	-3425.595	-3591.654	166.059	1.429099	2.350857	0.3287722	0.638981	0.361019	2.836623
13080	-3417.344	-3582.737	165.393	1.356285	2.350857	0.5114317	0.684479	0.315521	3.074615
13086	-3416.214	-3581.726	165.5123	1.267437	2.989999	0.3350945	0.579051	0.420949	3.074615
13092	-3424.9	-3589.37	164.47	1.267437	3.105505	0.3334677	0.579051	0.420949	3.660549
13098	-3406.067	-3570.385	164.3182	1.196324	2.327444	0.4167674	0.66144	0.33856	3.899486
13104	-3421.132	-3586.206	165.0735	1.259404	2.743591	0.4167674	0.605741	0.394259	3.306461
13110	-3408.723	-3573.778	165.0549	1.251931	2.743591	0.4454013	0.626507	0.373493	3.290953
13116	-3419.384	-3584.368	164.9835	1.382832	3.020943	0.4454013	0.597933	0.402067	3.183734
13122	-3430.703	-3594.216	163.5135	1.083934	2.91593	0.5103209	0.608359	0.391641	4.170242
13128	-3419.393	-3583.795	164.4019	1.23513	3.584878	0.4197518	0.644533	0.355467	3.509468
13134	-3411.095	-3575.506	164.4114	1.095375	2.675823	0.486273	0.644533	0.355467	3.734251
13140	-3408.646	-3573.002	164.3561	1.155311	2.975683	0.4088662	0.658035	0.341965	3.734251
13146	-3417.634	-3582.99	165.3551	1.416007	3.294206	0.4509096	0.614123	0.385877	2.868571
13152	-3422.867	-3588.294	165.4266	1.317698	2.744757	0.4509096	0.573705	0.426295	3.024899
13158	-3433.714	-3598.085	164.3709	1.175928	2.744757	0.657001	0.581067	0.418933	3.543079
13164	-3425.908	-3590.971	165.0635	1.330243	3.089893	0.615241	0.552601	0.447399	2.988614
13170	-3417.489	-3582.165	164.6761	1.313563	2.486292	0.5577528	0.497676	0.502324	3.439803
13176	-3413.913	-3578.419	164.5059	1.179268	3.491519	0.4724161	0.621772	0.378228	3.446599
13182	-3434.665	-3600.43	165.7649	1.376795	2.590064	0.3535969	0.621772	0.378228	2.942073
13188	-3423.504	-3589.778	166.2741	1.411634	2.830143	0.4400934	0.526593	0.473407	2.436454
13194	-3413.743	-3577.681	163.9385	1.098548	3.051316	0.3867839	0.699458	0.300542	4.012772
13200	-3416.176	-3580.955	164.779	1.290673	3.281696	0.3867839	0.699458	0.300542	3.360941
13206	-3434.968	-3600.287	165.3196	1.271277	2.919804	0.3213937	0.68723	0.31277	3.222729
13212	-3411.308	-3576.612	165.3045	1.285033	3.383038	0.345234	0.648167	0.351833	3.080104
13218	-3403.663	-3567.34	163.6771	1.109725	4.067109	0.345234	0.659374	0.340626	3.988435
13224	-3411.734	-3577.034	165.2992	1.272598	3.196217	0.3157735	0.66886	0.33114	3.172942
13230	-3414.784	-3580.362	165.5782	1.390175	3.196217	0.3157735	0.681251	0.318749	2.935776
13236	-3398.492	-3563.107	164.615	1.253277	3.391566	0.4382907	0.56467	0.43533	3.396912
13242	-3417.653	-3582.646	164.9926	1.184709	2.661562	0.4382907	0.626973	0.373027	3.396912
13248	-3403.083	-3568.203	165.1199	1.21881	2.989017	0.4539069	0.652338	0.347662	3.199162
13254	-3418.359	-3583.13	164.7712	1.17227	2.881391	0.3994267	0.573113	0.426887	3.517817
13260	-3409.711	-3574.297	164.5853	1.14646	2.788526	0.3994267	0.703398	0.296602	3.664808
13266	-3412.472	-3576.852	164.3801	1.13324	2.750022	0.4178233	0.518226	0.481774	3.780866
13272	-3403.491	-3567.106	163.615	1.181457	2.688825	0.4329348	0.663573	0.336427	4.19086
13278	-3415.575	-3578.846	163.2705	1.142162	4.276343	0.3225903	0.637021	0.362979	4.19086
13284	-3408.258	-3571.94	163.6822	1.10478	3.216889	0.4254038	0.60984	0.39016	4.07461
13290	-3405.444	-3571.021	165.577	1.275159	3.216889	0.3716537	0.544824	0.455176	2.92895
13296	-3409.339	-3574.743	165.4044	1.330788	3.216889	0.387458	0.631353	0.368647	2.980311
13302	-3405.418	-3570.77	165.3523	1.376535	2.788411	0.491469	0.640078	0.359922	2.980311
13308	-3412.687	-3578.406	165.7191	1.376535	2.788411	0.491469	0.54609	0.45391	2.758191
13314	-3423.001	-3588.681	165.6799	1.434431	4.052642	0.3594401	0.56473	0.43527	2.597814
13320	-3426.607	-3592.704	166.0978	1.410013	2.472985	0.4892692	0.528371	0.471629	2.598674
13326	-3419.635	-3585.806	166.1709	1.451069	2.597308	0.3926952	0.689608	0.310392	2.598674
13332	-3422.132	-3587.313	165.1815	1.359002	3.575962	0.4817958	0.539921	0.460079	2.910697
13338	-3410.403	-3576.568	166.1654	1.416396	3.820343	0.3905139	0.678613	0.321387	2.31472
13344	-3408.158	-3574.379	166.2209	1.374357	2.509564	0.3692626	0.601111	0.398889	2.670142
13350	-3416.166	-3581.801	165.635	1.332911	2.659601	0.4115139	0.571715	0.428285	2.957598
13356	-3412.75	-3577.811	165.0618	1.35146	2.970509	0.3481938	0.53022	0.46978	3.280419
13362	-3418.392	-3584.062	165.6694	1.352369	2.970509	0.4216501	0.633564	0.366436	2.82944
13368	-3409.527	-3575.93	166.4031	1.376319	2.86115	0.4253749	0.619582	0.380418	2.385618
13374	-3404.998	-3570.795	165.7975	1.292925	2.86115	0.5473213	0.578272	0.421728	2.686404
13380	-3401.432	-3566.898	165.4665	1.245043	3.400541	0.3940579	0.639073	0.360927	2.943379
13386	-3408.258	-3573.644	165.3854	1.200925	3.400541	0.3940579	0.594443	0.405557	3.018619
13392	-3410.458	-3576.285	165.8275	1.347128	3.400541	0.3202137	0.540887	0.459113	2.755861
13398	-3425.854	-3590.817	164.963	1.398104	3.400541	0.2297767	0.726143	0.273857	3.375879
13404	-3412.488	-3577.847	165.359	1.365138	3.784726	0.3612958	0.648175	0.351825	2.890176
13410	-3411.248	-3575.747	164.4988	1.240765	2.871849	0.3616732	0.644095	0.355905	3.682364
13416	-3416.623	-3581.66	165.0367	1.230654	2.648601	0.4062598	0.718361	0.281639	3.382529
13422	-3418.906	-3584.525	165.6192	1.34081	3.90704	0.3409066	0.685235	0.314765	2.747058
13428	-3424.305	-3589.22	164.9148	1.286785	3.460709	0.2809362	0.618038	0.381962	3.378489
13434	-3425.325	-3592.235	166.9091	1.606472	3.036335	0.376405	0.644754	0.355246	1.91783
13440	-3417.015	-3583.527	166.5115	1.735767	3.203198	0.4028746	0.722634	0.277366	2.016819
13446	-3412.28	-3579.185	166.905	1.743687	3.744697	0.382514	0.645621	0.354379	1.625856
13452	-3406.758	-3573.824	167.0659	1.787052	2.932535	0.3735506	0.624907	0.375093	1.719627
13458	-3418.535	-3585.363	166.8286	1.744344	3.235822	0.5376964	0.566003	0.433997	1.62166
13464	-3411.932	-3579.13	167.1973	1.836938	2.861651	0.5376964	0.573145	0.426855	1.393815
13470	-3405.402	-3572.49	167.0883	1.803217	3.268145	0.3932062	0.732136	0.267864	1.563884
13476	-3398.099	-3564.717	166.6178	1.584188	3.268145	0.4174472	0.692021	0.307979	2.011279
13482	-3406.399	-3573.148	166.7484	1.481626	3.032919	0.4482691	0.529865	0.470135	2.019081
13488	-3401.75	-3567.987	166.2371	1.474875	3.032919	0.4482691	0.608978	0.391022	2.355099
13494	-3413.509	-3578.89	165.3812	1.474875	3.264779	0.4482691	0.668986	0.331014	2.826957
13500	-3408.144	-3574.507	166.363	1.470092	3.370311	0.4482691	0.540245	0.459755	2.190162
13506	-3407.381	-3573.687	166.3058	1.532512	3.059003	0.4482691	0.540245	0.459755	2.26748
13512	-3415.111	-3581.386	166.2749	1.563672	3.059003	0.4487558	0.530352	0.469648	2.266773
13518	-3413.644	-3580.585	166.9409	1.614592	3.448747	0.4487558	0.620676	0.379324	1.681289
13524	-3418.686	-3584.658	165.9724	1.4593	3.58445	0.6610979	0.618022	0.381978	2.184429
13530	-3419.677	-3584.649	164.9715	1.264691	3.402888	0.3978316	0.5405	0.4595	3.222238
13536	-3420.196	-3583.81	163.6138	1.340679	3.402888	0.4483413	0.5405	0.4595	3.913368
13542	-3420.059	-3584.997	164.9382	1.26197	3.095825	0.3515622	0.5405	0.4595	3.370526
13548	-3431.108	-3595.02	163.9123	1.13479	3.578966	0.3515622	0.609382	0.390618	3.929514
13554	-3423.125	-3587.991	164.8661	1.313762	2.578736	0.519256	0.651486	0.348514	3.337284
13560	-3430.017	-3594.887	164.8705	1.325269	3.783877	0.4458421	0.492287	0.507713	3.110042
13566	-3422.671	-3588.118	165.447	1.378825	2.465272	0.4458421	0.625693	0.374307	3.061123
13572	-3419.721	-3585.369	165.6483	1.438423	3.217682	0.4298949	0.608178	0.391822	2.718036
13578	-3418.277	-3584.42	166.1432	1.438423	3.012347	0.5718229	0.660496	0.339504	2.315057
13584	-3409.525	-3575.743	166.218	1.511353	3.169649	0.3852688	0.660496	0.339504	2.38317
13590	-3406.586	-3572.951	166.3655	1.4995	3.169649	0.3418363	0.591442	0.408558	2.353762
13596	-3411.793	-3577.986	166.1932	1.454973	2.671384	0.5232885	0.591442	0.408558	2.416586
13602	-3414.874	-3580.748	165.8739	1.440321	2.890286	0.4673241	0.677087	0.322913	2.621408
13608	-3417.611	-3583.834	166.2237	1.415399	3.10564	0.4673241	0.630114	0.369886	2.360864
13614	-3419	-3585.243	166.2434	1.427526	3.10564	0.5545356	0.630114	0.369886	2.249718
13620	-3405.216	-3571.29	166.0747	1.414928	3.10564	0.5545356	0.642669	0.357331	2.365457
13626	-3417.531	-3583.314	165.7824	1.291788	3.10564	0.4212982	0.550028	0.449972	2.763286
13632	-3425.548	-3591.177	165.6293	1.448778	3.096446	0.4212982	0.70302	0.29698	2.763286
13638	-3420.243	-3585.953	165.7103	1.257877	3.013188	0.5041017	0.609794	0.390206	2.763286
13644	-3421.206	-3587.903	166.697	1.562976	2.948301	0.4524054	0.584445	0.415555	2.018279
13650	-3425.58	-3591.995	166.4158	1.530933	2.948301	0.5149758	0.638909	0.361091	2.154589
13656	-3418.317	-3584.833	166.5158	1.506505	2.948301	0.5064231	0.610057	0.389943	2.114324
13662	-3407.624	-3573.182	165.5574	1.457305	3.593761	0.5064231	0.729815	0.270185	2.591738
13668	-3408.464	-3574.649	166.1857	1.411305	2.844807	0.3500487	0.576033	0.423967	2.597182
13674	-3415.035	-3582.134	167.0998	1.615588	3.15754	0.3500487	0.645831	0.354169	1.783668
13680	-3410.166	-3576.928	166.7613	1.558553	3.278472	0.4109697	0.56319	0.43681	1.937769
13686	-3406.96	-3573.899	166.939	1.607874	2.605431	0.4185237	0.597386	0.402614	1.971468
13692	-3407.644	-3574.726	167.0822	1.688515	2.697606	0.4185237	0.630564	0.369436	1.789522
13698	-3415.568	-3582.607	167.039	1.574088	2.697606	0.4986313	0.523186	0.476814	1.801206
13704	-3429.157	-3596.437	167.2804	1.675962	2.697606	0.4683121	0.535092	0.464908	1.594154
13710	-3412.534	-3579.695	167.1602	1.722086	2.697606	0.4683121	0.535092	0.464908	1.647689
13716	-3422.04	-3589.153	167.1124	1.647517	2.943418	0.3590876	0.697466	0.302534	1.801962
13722	-3412.86	-3579.402	166.5417	1.606181	3.899878	0.3159263	0.604901	0.395099	2.030707
13728	-3422.05	-3588.338	166.2879	1.523103	4.979813	0.3985582	0.782739	0.217261	1.916645
13734	-3412.847	-3579.62	166.7733	1.552401	4.241302	0.2801077	0.707266	0.292734	1.891536
13740	-3429.649	-3595.591	165.9419	1.47669	4.900869	0.3944751	0.662258	0.337742	2.19602
13746	-3410.29	-3575.585	165.2956	1.426034	4.706959	0.3944751	0.678205	0.321795	2.670375
13752	-3404.393	-3570.595	166.2019	1.456063	4.706959	0.376506	0.659973	0.340027	2.099798
13758	-3408.946	-3573.466	164.5202	1.259024	3.977213	0.4120843	0.685101	0.314899	3.353682
13764	-3418.624	-3583.568	164.9432	1.170245	3.393643	0.3715553	0.712902	0.287098	3.327437
13770	-3425.149	-3590.14	164.9912	1.23868	3.393643	0.4365845	0.663008	0.336992	3.185059
13776	-3404.105	-3569.007	164.9014	1.23868	3.393643	0.4365845	0.665694	0.334306	3.238213
13782	-3412.019	-3576.291	164.2724	1.117194	3.373536	0.4243932	0.665694	0.334306	3.694439
13788	-3421.945	-3586.645	164.6995	1.287408	3.19335	0.4243932	0.55477	0.44523	3.388082
13794	-3427.258	-3591.878	164.62	1.140126	3.085707	0.3603757	0.627856	0.372144	3.619068
13800	-3422.277	-3585.948	163.6712	1.100894	3.085707	0.4468666	0.590448	0.409552	4.091379
13806	-3413.488	-3578.34	164.8523	1.276032	3.085707	0.3478253	0.602116	0.397884	3.419748
13812	-3413.695	-3578.737	165.0418	1.263484	3.337995	0.4299608	0.608676	0.391324	3.160225
13818	-3414.336	-3578.52	164.1833	1.097209	3.007397	0.395666	0.608676	0.391324	3.873987
13824	-3410.403	-3575.718	165.3147	1.293983	2.714957	0.3758924	0.651445	0.348555	3.198171
13830	-3436.074	-3602.432	166.3573	1.499752	3.408914	0.3555926	0.589199	0.410801	2.28009
13836	-3425.209	-3591.454	166.2457	1.343944	3.294991	0.4051375	0.584685	0.415315	2.415326
13842	-3434.523	-3601.932	167.4085	1.65363	2.910262	0.3553286	0.730755	0.269245	1.603628
13848	-3433.028	-3600.429	167.4008	1.820968	2.618116	0.4598274	0.686129	0.313871	1.434747
13854	-3424.783	-3590.707	165.9241	1.384125	2.822214	0.3274648	0.685158	0.314842	2.810343
13860	-3438.022	-3604.597	166.5745	1.485328	2.822214	0.3274648	0.631114	0.368886	2.343777
13866	-3432.706	-3599.706	167.0005	1.650204	2.284923	0.3898325	0.618545	0.381455	2.045798
13872	-3425.214	-3591.935	166.7211	1.518156	2.754457	0.5478256	0.618545	0.381455	1.983963
13878	-3422.223	-3589.261	167.0381	1.684792	2.384626	0.5243979	0.606589	0.393411	1.801398
13884	-3437.591	-3605.073	167.482	1.684792	2.384626	0.3479871	0.646591	0.353409	1.716837
13890	-3420.737	-3587.964	167.2275	1.684792	2.489413	0.4490596	0.505569	0.494431	1.721104
13896	-3424.535	-3591.711	167.1758	1.58155	2.489413	0.4490596	0.477934	0.522066	1.829021
13902	-3413.938	-3580.16	166.2215	1.436717	3.311335	0.3894667	0.639284	0.360716	2.387101
13908	-3419.449	-3585.625	166.1766	1.442811	3.311335	0.4096188	0.624012	0.375988	2.387101
13914	-3410.892	-3577.197	166.3047	1.442811	3.34297	0.3367097	0.624012	0.375988	2.39152
13920	-3424.31	-3590.413	166.1028	1.462377	3.34297	0.3367097	0.72073	0.27927	2.506054
13926	-3419.293	-3585.448	166.1549	1.494326	3.382786	0.4869434	0.623613	0.376387	2.262402
13932	-3427.872	-3594.106	166.2332	1.418791	2.551427	0.4403998	0.571069	0.428931	2.538117
13938	-3426.035	-3592.178	166.1425	1.355783	2.857545	0.4472351	0.670578	0.329422	2.538117
13944	-3431.18	-3597.238	166.0581	1.43336	3.544593	0.4318473	0.493907	0.506093	2.385489
13950	-3420.37	-3586.921	166.5508	1.489686	2.654958	0.4847566	0.539372	0.460628	2.211686
13956	-3417.19	-3583.243	166.0523	1.481302	2.654958	0.4847566	0.516111	0.483889	2.532897
13962	-3414.154	-3580.433	166.2784	1.451886	3.3673	0.4883628	0.647307	0.352693	2.212516
13968	-3409.705	-3576.143	166.4379	1.457726	2.347862	0.4033212	0.579398	0.420602	2.492611
13974	-3423.114	-3588.879	165.765	1.361528	2.178687	0.6193317	0.696522	0.303478	2.803711
13980	-3409.764	-3576.518	166.7534	1.569997	2.831903	0.4254487	0.611026	0.388974	2.04238
13986	-3410.559	-3576.494	165.9353	1.448619	2.831903	0.4254487	0.684336	0.315664	2.640556
13992	-3419.944	-3585.803	165.8591	1.454293	2.831903	0.4507643	0.613481	0.386519	2.655762
13998	-3423.302	-3589.584	166.2813	1.449302	2.831903	0.3703355	0.708809	0.291191	2.491485
14004	-3420.265	-3586.052	165.7868	1.377287	2.537264	0.4415419	0.562167	0.437833	2.840778
14010	-3431.665	-3596.895	165.2303	1.346134	3.208619	0.6249113	0.608736	0.391264	2.840778
14016	-3422.623	-3588.849	166.226	1.376523	3.208619	0.5956114	0.673418	0.326582	2.227044
14022	-3410.686	-3577.044	166.3576	1.513343	3.208619	0.3526946	0.633634	0.366366	2.325338
14028	-3417.14	-3580.538	163.3974	1.11226	2.97432	0.3526946	0.633634	0.366366	4.370028
14034	-3429.518	-3593.586	164.0689	1.138969	3.183427	0.4897397	0.633634	0.366366	3.776279
14040	-3419.594	-3583.993	164.3987	1.241112	2.633708	0.3336277	0.633634	0.366366	3.836679
14046	-3419.787	-3585.003	165.2166	1.321814	2.411541	0.2438757	0.706398	0.293602	3.503812
14052	-3430.419	-3594.25	163.8305	1.269289	3.596947	0.2129312	0.706398	0.293602	4.089234
14058	-3422.303	-3585.603	163.3003	1.074724	3.819295	0.3591597	0.57722	0.42278	4.25417
14064	-3417.498	-3583.952	166.454	1.528942	2.585702	0.3593623	0.677875	0.322125	2.418509
14070	-3406.634	-3572.755	166.1201	1.553907	3.275547	0.3638441	0.65015	0.34985	2.418509
14076	-3405.764	-3572.111	166.347	1.316819	3.00865	0.4252402	0.58755	0.41245	2.418509
14082	-3405.864	-3571.789	165.9254	1.318833	2.843553	0.4252402	0.568691	0.431309	2.723448
14088	-3409.904	-3576.123	166.2187	1.495336	3.580212	0.4252402	0.607256	0.392744	2.2429
14094	-3416.223	-3582.439	166.2156	1.559541	3.580212	0.3362964	0.600037	0.399963	2.317513
14100	-3438.816	-3604.946	166.1301	1.238968	4.093838	0.3362964	0.628602	0.371398	2.461077
14106	-3436.003	-3600.89	164.887	1.360709	4.093838	0.5305713	0.557121	0.442879	2.930122
14112	-3423.062	-3587.291	164.2292	1.341436	3.621122	0.5539549	0.516216	0.483784	3.407932
14118	-3428.709	-3593.142	164.4337	1.308514	3.161799	0.5324732	0.524999	0.475001	3.43075
14124	-3420.868	-3585.151	164.2838	1.512998	2.994345	0.8625603	0.448212	0.551788	3.183082
14130	-3418.314	-3583.418	165.1048	1.270915	2.137837	0.4596417	0.698965	0.301035	3.414661
14136	-3424.228	-3590.321	166.0935	1.402809	3.45573	0.3615117	0.689919	0.310081	2.489284
14142	-3425.848	-3592.078	166.2301	1.40845	3.086014	0.4057924	0.612816	0.387184	2.436987
14148	-3429.769	-3595.142	165.373	1.339453	3.531458	0.49387	0.53702	0.46298	2.804194
14154	-3426.882	-3592.403	165.5212	1.244322	3.531458	0.3661322	0.574445	0.425555	2.91458
14160	-3422.932	-3588.32	165.3887	1.305365	3.531458	0.5266907	0.526005	0.473995	2.782796
14166	-3421.737	-3587.935	166.1973	1.445477	2.582647	0.3512305	0.571484	0.428516	2.642024
14172	-3429.243	-3594.886	165.6425	1.374419	2.81487	0.3512305	0.60832	0.39168	2.957644
14178	-3429.327	-3595.289	165.9613	1.447991	2.81487	0.3645827	0.692021	0.307979	2.702438
14184	-3412.992	-3578.835	165.8432	1.326783	2.987579	0.4505572	0.717864	0.282136	2.702438
14190	-3414.523	-3580.791	166.2681	1.442898	2.987579	0.3524712	0.614122	0.385878	2.4844
14196	-3421.378	-3587.685	166.3074	1.442673	3.109825	0.3908125	0.551693	0.448307	2.378621
14202	-3429.005	-3595.319	166.3138	1.457689	3.068634	0.3886445	0.451889	0.548111	2.378621
14208	-3407.272	-3572.89	165.6182	1.40933	3.025552	0.4433494	0.656068	0.343932	2.787567
14214	-3407.543	-3572.797	165.2536	1.253397	3.343172	0.334474	0.574034	0.425966	3.152254
14220	-3427.769	-3593.122	165.3522	1.245859	2.266828	0.5489343	0.686195	0.313805	3.155434
14226	-3424.774	-3590.724	165.9504	1.411042	2.266828	0.520488	0.662792	0.337208	2.722353
14232	-3423.259	-3587.164	163.9056	1.176694	2.278324	0.3866027	0.564842	0.435158	4.193874
14238	-3420.167	-3583.376	163.2091	1.116828	2.185083	0.5324882	0.517819	0.482181	4.504403
14244	-3414.906	-3580.05	165.1437	1.179803	2.108635	0.5324882	0.595879	0.404121	3.383787
14250	-3416.19	-3581.9	165.7107	1.377461	2.654842	0.4943068	0.722689	0.277311	2.797325
14256	-3422.082	-3587.476	165.3939	1.412912	3.425342	0.4684643	0.703513	0.296487	2.797325
14262	-3422.465	-3587.638	165.1732	1.264808	2.647129	0.4153213	0.642353	0.357647	3.272458
14268	-3420.698	-3586.345	165.6477	1.391993	2.91817	0.3379798	0.647648	0.352352	2.933468
14274	-3424.77	-3590.667	165.8976	1.281708	2.640379	0.4306548	0.608577	0.391423	2.813644
14280	-3414.075	-3579.982	165.9063	1.385309	2.967999	0.4306548	0.608577	0.391423	2.654929
14286	-3410.564	-3576.492	165.9279	1.363657	2.967999	0.4306548	0.621522	0.378478	2.654929
14292	-3423.826	-3589.205	165.3789	1.366777	2.967999	0.4306548	0.592466	0.407534	2.986737
14298	-3413.768	-3578.37	164.6023	1.261054	2.729797	0.5261708	0.537847	0.462153	3.4748
14304	-3417.971	-3583.249	165.2778	1.321466	2.729797	0.5261708	0.492857	0.507143	3.040015
14310	-3413.065	-3579.281	166.2159	1.426598	3.166319	0.3344914	0.618046	0.381954	2.50468
14316	-3411.021	-3577.262	166.241	1.704347	3.03082	0.382225	0.618046	0.381954	2.286134
14322	-3419.654	-3587.209	167.5547	1.658189	2.550892	0.382225	0.56959	0.43041	1.573958
14328	-3422.909	-3590.085	167.1762	1.671876	3.066745	0.382225	0.593814	0.406186	1.670278
14334	-3424.059	-3591.243	167.1834	1.626624	3.066745	0.4587775	0.629861	0.370139	1.594766
14340	-3415.069	-3582.098	167.0289	1.626624	3.066745	0.4112725	0.582267	0.417733	1.766404
14346	-3412.041	-3577.893	165.8515	1.46667	2.747389	0.5265695	0.697879	0.302121	2.597602
14352	-3420.86	-3586.074	165.2145	1.370061	2.724447	0.3922342	0.565975	0.434025	3.190704
14358	-3410.372	-3575.513	165.1411	1.302066	2.515234	0.529078	0.536454	0.463546	3.190704
14364	-3412.592	-3579.044	166.4523	1.515831	3.026034	0.529078	0.707272	0.292728	2.104177
14370	-3408.452	-3574.777	166.3245	1.516425	3.026034	0.4085891	0.676262	0.323738	2.321395
14376	-3417.027	-3583.443	166.4156	1.513013	3.026034	0.4147626	0.547324	0.452676	2.257798
14382	-3413.363	-3579.696	166.332	1.402788	3.17843	0.3840228	0.547324	0.452676	2.37899
14388	-3401.497	-3567.259	165.7623	1.441955	2.85577	0.5191054	0.577807	0.422193	2.645277
14394	-3419.694	-3585.148	165.4548	1.439054	3.922759	0.5481723	0.689761	0.310239	2.553149
14400	-3419.095	-3583.455	164.3602	1.227195	3.387584	0.3219606	0.467212	0.532788	3.696906
14406	-3420.056	-3582.868	162.8119	1.117346	3.558189	0.2980987	0.536405	0.463595	4.63394
14412	-3405.167	-3569.761	164.5933	1.295181	3.558189	0.4068744	0.572953	0.427047	3.382387
14418	-3422.998	-3589.454	166.4558	1.439752	3.017866	0.4018349	0.683836	0.316164	2.296945
14424	-3420.252	-3586.347	166.095	1.511063	4.153827	0.3234687	0.592574	0.407426	2.316489
14430	-3408.486	-3574.952	166.4665	1.549672	3.042599	0.3234687	0.64717	0.35283	2.316489
14436	-3417.64	-3584.564	166.9244	1.645892	3.042599	0.3234687	0.565772	0.434228	1.954433
14442	-3417.971	-3584.503	166.5319	1.570195	3.503025	0.3353658	0.721997	0.278003	2.126361
14448	-3409.723	-3576.205	166.482	1.509337	3.501305	0.3353658	0.595192	0.404808	2.198819
14454	-3407.761	-3573.422	165.6607	1.312783	4.363796	0.3446111	0.595192	0.404808	2.641994
14460	-3408.658	-3573.937	165.279	1.364205	4.004637	0.4086421	0.595192	0.404808	2.836614
14466	-3429.778	-3595.307	165.528	1.218192	2.603525	0.4836711	0.595192	0.404808	3.029124
14472	-3425.756	-3591.037	165.2805	1.41048	2.603525	0.7248715	0.545803	0.454197	2.850607
14478	-3414.02	-3579.433	165.4123	1.325299	2.603525	0.586309	0.575866	0.424134	2.936941
14484	-3423.594	-3589.272	165.6786	1.325299	2.921066	0.3515047	0.56204	0.43796	2.936941
14490	-3430.462	-3596.251	165.7882	1.436591	3.047687	0.3515047	0.517312	0.482688	2.770247
14496	-3420.965	-3586.287	165.3217	1.370594	3.070984	0.3492388	0.517312	0.482688	3.088393
14502	-3426.034	-3591.478	165.4438	1.389075	3.070984	0.5418469	0.517312	0.482688	2.794123
14508	-3420.528	-3585.968	165.4401	1.314277	1.976128	0.5579565	0.517312	0.482688	3.151141
14514	-3407.182	-3572.768	165.5861	1.383435	2.831487	0.4307536	0.568589	0.431411	2.887683
14520	-3415.023	-3581.718	166.6948	1.518273	2.831487	0.4307536	0.545856	0.454144	2.108729
14526	-3401.723	-3568.167	166.4435	1.545232	3.185054	0.5721889	0.650594	0.349406	2.00311
14532	-3410.58	-3577.492	166.9118	1.4809	2.584103	0.5382622	0.678299	0.321701	1.944382
14538	-3408.378	-3575.048	166.6698	1.533198	3.650924	0.4597003	0.65986	0.34014	1.861228
14544	-3406.475	-3573.403	166.928	1.519367	3.115301	0.4063794	0.682112	0.317888	1.901996
14550	-3420.949	-3587.264	166.3152	1.43821	2.919366	0.4063794	0.635244	0.364756	2.408493
14556	-3433.335	-3599.751	166.4161	1.478746	2.919366	0.4019508	0.587031	0.412969	2.324166
14562	-3423.392	-3589.321	165.9292	1.483145	2.919366	0.3679924	0.678024	0.321976	2.66801
14568	-3420.674	-3586.557	165.8826	1.39772	3.23644	0.3679924	0.569089	0.430911	2.66801
14574	-3411.996	-3577.406	165.4099	1.413735	2.929324	0.3503557	0.666106	0.333894	3.044486
14580	-3425.116	-3590.247	165.131	1.396539	3.083761	0.4673988	0.666106	0.333894	3.048977
14586	-3426.219	-3591.003	164.7836	1.304941	3.083761	0.5973482	0.546521	0.453479	3.18763
14592	-3434.532	-3600.179	165.6476	1.476259	3.764037	0.5973482	0.666531	0.333469	2.397273
14598	-3429.958	-3596.273	166.315	1.472412	3.764037	0.5079277	0.600053	0.399947	2.058236
14604	-3419.051	-3585.922	166.8707	1.588418	2.993091	0.5162466	0.621537	0.378463	1.797047
14610	-3430.78	-3597.428	166.648	1.637543	2.609974	0.6105977	0.569115	0.430885	1.935138
14616	-3421.548	-3588.505	166.9574	1.582746	2.372841	0.4364074	0.698925	0.301075	2.030521
14622	-3424.735	-3591.293	166.5588	1.543979	2.507054	0.3698113	0.536869	0.463131	2.353273
14628	-3415.961	-3582.717	166.7557	1.543979	2.507054	0.3698113	0.56981	0.43019	2.227316
14634	-3430.89	-3597.828	166.9372	1.575127	2.507054	0.3698113	0.728733	0.271267	2.088869
14640	-3431.974	-3598.948	166.9745	1.60569	2.507054	0.5307537	0.77165	0.22835	1.850468
14646	-3424.109	-3591.15	167.0406	1.65053	2.598968	0.5344491	0.482337	0.517663	1.738694
14652	-3423.595	-3590.845	167.2503	1.834491	3.148313	0.335057	0.662579	0.337421	1.545073
14658	-3416.554	-3584.068	167.5137	1.767686	3.148313	0.3359286	0.69263	0.30737	1.394593
14664	-3432.923	-3600.252	167.3288	1.76764	3.101811	0.3359286	0.702687	0.297313	1.54914
14670	-3434.264	-3601.925	167.6613	1.842749	2.339794	0.4774146	0.664573	0.335427	1.296838
14676	-3422.711	-3589.99	167.279	1.842749	2.972416	0.5868042	0.663049	0.336951	1.223432
14682	-3418.567	-3585.927	167.3601	1.829523	2.972416	0.3898198	0.632367	0.367633	1.436556
14688	-3416.906	-3584.076	167.1702	1.829523	3.329562	0.3898198	0.512863	0.487137	1.470058
14694	-3413.564	-3580.627	167.0632	1.81265	3.223007	0.4079693	0.445215	0.554785	1.567711
14700	-3418.046	-3584.601	166.5553	1.679261	3.223007	0.5142097	0.706858	0.293142	1.888231
14706	-3416.619	-3583.398	166.7789	1.610326	3.116018	0.4487869	0.563052	0.436948	1.888231
14712	-3412.355	-3579.139	166.7838	1.574532	3.171732	0.4487869	0.541344	0.458656	1.893726
14718	-3404.466	-3571.287	166.8204	1.511134	3.171732	0.4299513	0.641775	0.358225	1.934948
14724	-3405.188	-3571.506	166.3178	1.598066	3.171732	0.5180734	0.635489	0.364511	2.110426
14730	-3405.013	-3571.572	166.5586	1.507858	2.991454	0.4726936	0.570594	0.429406	2.110426
14736	-3401.413	-3568.565	167.152	1.531917	2.614205	0.4726936	0.587491	0.412509	1.8095
14742	-3415.641	-3582.954	167.3135	1.684569	2.614205	0.5336001	0.606128	0.393872	1.512626
14748	-3406.386	-3573.737	167.3512	1.701563	2.614205	0.5336001	0.603484	0.396516	1.471521
14754	-3407.563	-3574.884	167.3214	1.666451	2.614205	0.4847933	0.589968	0.410032	1.579156
14760	-3407.779	-3574.894	167.1153	1.708719	2.887926	0.5058967	0.669313	0.330687	1.582015
14766	-3405.672	-3572.948	167.2762	1.814261	3.079259	0.4449628	0.593086	0.406914	1.398565
14772	-3414.136	-3581.349	167.2129	1.738542	3.056354	0.4449628	0.593086	0.406914	1.511741
14778	-3406.807	-3574.203	167.3961	1.765453	2.856048	0.4449628	0.477816	0.522184	1.417582
14784	-3419.343	-3586.489	167.146	1.646418	2.856048	0.4882597	0.559583	0.440417	1.636332
14790	-3428.557	-3596.364	167.8067	1.876405	2.806769	0.3951727	0.612645	0.387355	1.076742
14796	-3427.334	-3594.426	167.092	1.713981	2.680392	0.5856229	0.612645	0.387355	1.572957
14802	-3422.053	-3588.399	166.3461	1.438324	2.680392	0.546754	0.59461	0.40539	2.304012
14808	-3422.401	-3588.787	166.3853	1.438324	2.680392	0.3153842	0.674423	0.325577	2.549749
14814	-3403.777	-3569.55	165.7726	1.318524	2.840144	0.39136	0.708081	0.291919	2.85689
14820	-3417.218	-3581.154	163.9362	1.1673	3.362337	0.561389	0.596445	0.403555	3.729563
14826	-3416.935	-3581.084	164.1488	1.025437	2.767828	0.5114759	0.712224	0.287776	3.877354
14832	-3421	-3587.723	166.723	1.615252	2.990627	0.4777713	0.569329	0.430671	1.924149
14838	-3420.273	-3587.397	167.1237	1.680078	2.990627	0.4777713	0.569329	0.430671	1.598733
14844	-3429.856	-3596.502	166.6455	1.615619	2.990627	0.4670559	0.660544	0.339456	1.988293
14850	-3410.359	-3577.509	167.1492	1.686292	2.990627	0.4704115	0.606015	0.393985	1.584796
14856	-3435.124	-3601.374	166.2498	1.535475	2.990627	0.4413997	0.533307	0.466693	2.327731
14862	-3423.176	-3588.546	165.3693	1.446807	2.95497	0.4202499	0.606666	0.393334	2.959367
14868	-3423.216	-3589.166	165.9496	1.349747	2.712727	0.5941675	0.606666	0.393334	2.555048
14874	-3422.182	-3589.35	167.1674	1.645549	2.476727	0.3689102	0.582287	0.417713	1.899419
14880	-3417.499	-3583.766	166.2673	1.522994	3.319146	0.3505985	0.637488	0.362512	2.351513
14886	-3426.289	-3592.476	166.1876	1.441911	2.835506	0.3505985	0.662755	0.337245	2.578865
14892	-3417.385	-3582.522	165.1369	1.315477	2.252353	0.378061	0.729922	0.270078	3.42256
14898	-3418.412	-3583.45	165.0379	1.225148	2.252353	0.378061	0.470725	0.529275	3.533163
14904	-3413.243	-3578.249	165.0058	1.202984	3.109346	0.3294498	0.680796	0.319204	3.390066
14910	-3414.044	-3578.561	164.5168	1.187673	3.202084	0.5920786	0.604688	0.395312	3.390066
14916	-3419.749	-3585.212	165.4632	1.25827	2.148686	0.5444363	0.541043	0.458957	3.124352
14922	-3420.595	-3586.227	165.6316	1.275501	2.148686	0.4340747	0.695683	0.304317	3.124352
14928	-3408.265	-3573.335	165.0701	1.303943	3.090674	0.421858	0.568066	0.431934	3.187337
14934	-3421.139	-3585.091	163.9521	1.213191	2.81721	0.5586143	0.619266	0.380734	3.827001
14940	-3427.299	-3593.462	166.1639	1.529302	4.483174	0.3248353	0.633583	0.366417	2.191649
14946	-3439.291	-3605.818	166.5266	1.570177	3.008332	0.4234748	0.600022	0.399978	2.143337
14952	-3420.883	-3586.005	165.1222	1.277014	3.103369	0.3624686	0.600876	0.399124	3.238097
14958	-3415.266	-3578.858	163.592	1.130903	2.948799	0.4173412	0.591745	0.408255	4.183016
14964	-3436.837	-3600.331	163.4941	1.157584	3.583709	0.3293467	0.550791	0.449209	4.18119
14970	-3423.095	-3589.172	166.0768	1.412877	3.152496	0.4380971	0.677747	0.322253	2.475564
14976	-3425.03	-3591.113	166.0829	1.39059	2.977269	0.3848287	0.557722	0.442278	2.594021
14982	-3421.917	-3588.482	166.5648	1.479682	2.977269	0.3848287	0.557722	0.442278	2.233731
14988	-3403.103	-3570.516	167.4129	1.793447	2.977269	0.4753706	0.594214	0.405786	1.298237
14994	-3410.302	-3577.745	167.4437	1.850609	2.992766	0.4753706	0.666445	0.333555	1.219849
15000	-3402.45	-3569.635	167.1851	1.74717	2.889099	0.4753706	0.683631	0.316369	1.539669
15006	-3405.167	-3571.799	166.632	1.7649	2.818816	0.7837314	0.578033	0.421967	1.633215
15012	-3401.497	-3568.425	166.9279	1.7649	3.24275	0.537688	0.578033	0.421967	1.531881
15018	-3408.547	-3575.595	167.0486	1.809312	2.61959	0.622313	0.619991	0.380009	1.516372
15024	-3409.581	-3576.2	166.6187	1.805717	3.315484	0.7210143	0.619991	0.380009	1.517687
15030	-3416.059	-3582.442	166.383	1.73202	3.315484	0.7210143	0.703009	0.296991	1.741036
15036	-3418.25	-3585.055	166.8047	1.680708	2.782123	0.6666981	0.495271	0.504729	1.688011
15042	-3424.512	-3591.429	166.9172	1.780298	3.110059	0.5378484	0.604605	0.395395	1.567993
15048	-3420.866	-3588.124	167.2572	1.780298	3.110059	0.5378484	0.570687	0.429313	1.306931
15054	-3416.405	-3583.458	167.0535	1.714868	3.110059	0.4032169	0.598107	0.401893	1.685101
15060	-3416.021	-3583.095	167.0742	1.675439	2.870844	0.4695545	0.641384	0.358616	1.685101
15066	-3406.616	-3573.436	166.8198	1.68377	3.772091	0.4118732	0.765457	0.234543	1.682187
15072	-3407.046	-3572.786	165.7403	1.585759	3.772091	0.5907472	0.630914	0.369086	2.272959
15078	-3405.569	-3571.677	166.1076	1.391518	2.938761	0.3309937	0.699017	0.300983	2.657511
15084	-3413.837	-3579.582	165.7445	1.476666	3.724124	0.4402682	0.699017	0.300983	2.504726
15090	-3416.634	-3582.509	165.8752	1.305963	3.296409	0.4402682	0.699017	0.300983	2.629052
15096	-3411.966	-3578.627	166.6603	1.47733	2.818858	0.3555182	0.80373	0.19627	2.256641
15102	-3414.673	-3581.469	166.7964	1.481469	2.818858	0.3626025	0.669367	0.330633	2.156458
15108	-3407.016	-3573.869	166.8528	1.641607	3.954294	0.3509012	0.669367	0.330633	1.729939
15114	-3405.555	-3572.685	167.13	1.685406	3.80737	0.3932838	0.546716	0.453284	1.47072
15120	-3400.475	-3567.741	167.2663	1.747283	2.606098	0.3903644	0.572367	0.427633	1.686998
15126	-3398.573	-3565.472	166.8995	1.684462	3.892805	0.4172905	0.702935	0.297065	1.586591
15132	-3406.101	-3573.02	166.9189	1.67701	3.241894	0.4172905	0.675455	0.324545	1.750136
15138	-3403.778	-3570.095	166.3173	1.496385	3.241894	0.4172905	0.59092	0.40908	2.271689
15144	-3405.07	-3571.326	166.2555	1.485386	3.241894	0.4070937	0.647742	0.352258	2.330506
15150	-3402.972	-3569.557	166.5851	1.565834	3.241894	0.4306009	0.614718	0.385282	2.035977
15156	-3407.033	-3573.827	166.7942	1.481318	2.870536	0.4307454	0.676897	0.323103	2.056265
15162	-3423.995	-3591.057	167.0619	1.490047	3.290417	0.4459912	0.592892	0.407108	1.73062
15168	-3417.172	-3584.719	167.547	1.737925	2.517148	0.4127501	0.484705	0.515295	1.488729
15174	-3415.019	-3582.525	167.5059	1.720047	2.036534	0.4127501	0.664052	0.335948	1.717182
15180	-3418.42	-3585.619	167.1988	1.67964	2.981905	0.3525063	0.661799	0.338201	1.717182
15186	-3414.903	-3581.285	166.3819	1.473976	3.856276	0.3822881	0.680287	0.319713	2.140433
15192	-3401.929	-3568.838	166.9093	1.54738	2.403132	0.3822881	0.656414	0.343586	2.142823
15198	-3407.701	-3574.575	166.8739	1.54738	2.781055	0.4235425	0.627059	0.372941	1.994825
15204	-3407.629	-3574.547	166.9179	1.632322	2.781055	0.511888	0.646832	0.353168	1.803224
15210	-3420.011	-3586.818	166.807	1.614288	3.095452	0.5075934	0.673038	0.326962	1.803224
15216	-3416.355	-3582.947	166.5928	1.614288	3.211811	0.5075934	0.651304	0.348696	1.917254
15222	-3417.468	-3584.518	167.0505	1.647367	3.211811	0.3250236	0.638569	0.361431	1.81797
15228	-3415.474	-3582.802	167.3274	1.621474	3.140021	0.3250236	0.617975	0.382025	1.662245
15234	-3415.742	-3582.728	166.9863	1.69901	3.499526	0.3536102	0.579107	0.420893	1.705777
15240	-3422.344	-3589.127	166.7831	1.733179	3.609998	0.4184336	0.579107	0.420893	1.705777
15246	-3424.267	-3591.254	166.9868	1.681087	3.009516	0.5130861	0.734754	0.265246	1.648632
15252	-3411.498	-3579.021	167.5227	1.757894	3.009516	0.3416353	0.61506	0.38494	1.430401
15258	-3413.226	-3580.379	167.1527	1.794973	3.729693	0.4418137	0.676777	0.323223	1.318084
15264	-3413.996	-3581.211	167.2155	1.761702	3.729693	0.3418145	0.788522	0.211478	1.448466
15270	-3418.892	-3586.357	167.4658	1.839429	3.729693	0.3418145	0.658027	0.341973	1.183397
15276	-3415.292	-3582.884	167.5928	1.881834	3.315981	0.3533255	0.663586	0.336414	1.149031
15282	-3401.549	-3569.11	167.5614	1.781732	3.261089	0.3753452	0.720284	0.279716	1.241864
15288	-3403.215	-3570.315	167.1001	1.756126	3.255692	0.4873988	0.720284	0.279716	1.466764
15294	-3409.06	-3576.583	167.523	1.735716	2.795517	0.4393601	0.640777	0.359223	1.370771
15300	-3420.801	-3588.397	167.5959	1.778247	2.714906	0.4402956	0.602077	0.397923	1.306586
15306	-3412.255	-3579.617	167.3618	1.920481	3.345613	0.4402956	0.602077	0.397923	1.159517
15312	-3431.555	-3598.972	167.4171	1.917368	3.345613	0.4096812	0.530638	0.469362	1.163444
15318	-3416.567	-3584.197	167.6302	1.976942	2.737569	0.4096812	0.530638	0.469362	1.148844
15324	-3417.485	-3585.282	167.7973	1.960707	2.786391	0.3634003	0.710455	0.289545	1.074615
15330	-3417.788	-3585.857	168.0695	2.097025	2.037207	0.4700059	0.718171	0.281829	0.8339088
15336	-3411.101	-3578.999	167.8977	2.113566	2.263327	0.491067	0.601816	0.398184	0.8265352
15342	-3427.374	-3595.328	167.9542	2.109216	2.263327	0.4605837	0.612619	0.387381	0.8265352
15348	-3413.238	-3581.282	168.0443	2.109216	2.303749	0.4129319	0.630076	0.369924	0.7940447
15354	-3419.082	-3586.64	167.5581	2.040379	2.971156	0.4453079	0.548841	0.451159	0.9986839
15360	-3423.676	-3589.326	165.6503	1.359224	2.949196	0.5667898	0.668531	0.331469	2.694196
15366	-3424.613	-3590.976	166.3625	1.550415	2.514724	0.5921475	0.599034	0.400966	2.228362
15372	-3412.295	-3578.655	166.3598	1.551977	2.514724	0.6569879	0.588185	0.411815	2.169768
15378	-3405.784	-3571.882	166.0983	1.446786	3.531309	0.4305548	0.553059	0.446941	2.356155
15384	-3413.018	-3579.465	166.4478	1.446786	3.531309	0.3892258	0.664495	0.335505	2.182299
15390	-3410.49	-3576.667	166.1766	1.446786	3.003717	0.3892258	0.622131	0.377869	2.488298
15396	-3409.968	-3576.585	166.6173	1.603999	3.003717	0.4457748	0.622131	0.377869	2.036075
15402	-3425.408	-3593.116	167.7079	2.264804	2.345656	0.5390374	0.628077	0.371923	0.7078843
15408	-3417.064	-3585.193	168.1293	2.175712	2.345656	0.3545124	0.701796	0.298204	0.7078843
15414	-3402.88	-3568.534	165.6545	1.370664	3.176852	0.4772705	0.62521	0.37479	2.714457
15420	-3412.824	-3578.253	165.4292	1.331344	3.472701	0.4772705	0.62521	0.37479	2.805389
15426	-3422.975	-3588.318	165.343	1.235847	3.472701	0.6106888	0.62521	0.37479	2.789044
15432	-3415.99	-3581.777	165.7876	1.354767	2.466706	0.3475616	0.707374	0.292626	2.985474
15438	-3423.797	-3589.517	165.7202	1.336094	3.417743	0.4116194	0.489341	0.510659	2.70947
15444	-3416.406	-3582.107	165.7014	1.588109	3.711986	0.5768396	0.69381	0.30619	2.323129
15450	-3414.873	-3581.57	166.6972	1.586458	3.205137	0.5157911	0.681396	0.318604	1.857949
15456	-3415.755	-3581.755	165.9997	1.5605	3.205137	0.5157911	0.520798	0.479202	2.333626
15462	-3411.097	-3576.459	165.3619	1.356871	3.003771	0.5237286	0.542038	0.457962	2.897884
15468	-3414.192	-3579.729	165.5366	1.356871	2.998902	0.5237286	0.623719	0.376281	2.793165
15474	-3416.412	-3582.559	166.1465	1.431882	3.084976	0.4715236	0.6853	0.3147	2.400088
15480	-3415.524	-3582.018	166.4939	1.394752	3.084976	0.3125793	0.6853	0.3147	2.401627
15486	-3426.218	-3592.714	166.4959	1.433743	4.248851	0.4335735	0.545736	0.454264	1.940237
15492	-3427.526	-3593.701	166.1744	1.461124	2.645393	0.351763	0.514412	0.485588	2.6274
15498	-3422.281	-3589.247	166.9657	1.521163	2.645393	0.351763	0.688487	0.311513	2.086449
15504	-3426.009	-3592.358	166.3497	1.622221	3.204867	0.4805848	0.528688	0.471312	2.105569
15510	-3421.497	-3588.091	166.5938	1.485231	3.204867	0.3998484	0.585262	0.414738	2.131042
15516	-3411.33	-3577.793	166.4628	1.615707	3.244118	0.3920301	0.491018	0.508982	2.131042
15522	-3405.084	-3571.934	166.8501	1.640862	3.244118	0.3540957	0.533516	0.466484	1.907823
15528	-3413.656	-3580.781	167.1242	1.691552	3.244118	0.3540957	0.533516	0.466484	1.682613
15534	-3427.298	-3594.266	166.9679	1.691552	3.244118	0.4920858	0.594466	0.405534	1.610149
15540	-3406.6	-3573.62	167.0199	1.691552	2.454038	0.485316	0.532188	0.467812	1.829369
15546	-3419.27	-3586.505	167.2346	1.7735	2.346219	0.4975682	0.466081	0.533919	1.645099
15552	-3405.191	-3572.542	167.3511	1.7735	2.462818	0.5485562	0.458974	0.541026	1.455078
15558	-3411.516	-3578.552	167.0363	1.865582	3.430639	0.5485562	0.669665	0.330335	1.300254
15564	-3410.727	-3578.234	167.5066	1.865582	3.337067	0.4017929	0.55528	0.44472	1.146412
15570	-3414.034	-3581.824	167.7897	1.919067	2.268708	0.4160004	0.539086	0.460914	1.249407
15576	-3412.243	-3580.128	167.8846	1.975052	2.268708	0.4642074	0.561735	0.438265	1.037468
15582	-3412.185	-3579.709	167.5235	1.975052	2.926006	0.4642074	0.662533	0.337467	1.081494
15588	-3411.097	-3578.853	167.7564	1.978428	2.5484	0.4642074	0.613405	0.386595	1.02103
15594	-3413.626	-3581.421	167.7952	1.982432	2.935982	0.3510774	0.67317	0.32683	1.017103
15600	-3419.222	-3586.958	167.7364	2.066574	2.877745	0.3510774	0.67317	0.32683	1.017103
15606	-3414.405	-3582.182	167.777	1.970472	2.466766	0.3510774	0.588737	0.411263	1.239752
15612	-3413.104	-3580.503	167.3996	1.918186	3.520753	0.3804749	0.588737	0.411263	1.169349
15618	-3422.299	-3589.768	167.4695	1.977917	3.372974	0.3525701	0.588737	0.411263	1.154922
15624	-3423.25	-3590.993	167.7422	1.87868	2.788452	0.4223561	0.63201	0.36799	1.094129
15630	-3423.361	-3590.954	167.5932	1.941147	2.488866	0.5409992	0.674821	0.325179	1.117746
15636	-3418.092	-3585.56	167.468	1.941147	2.686824	0.5409992	0.701152	0.298848	1.145025
15642	-3413.377	-3581.145	167.7676	1.940308	2.772484	0.3092192	0.621693	0.378307	1.228315
15648	-3402.406	-3569.666	167.2597	1.940308	2.772484	0.5004272	0.621693	0.378307	1.34194
15654	-3405.486	-3572.669	167.1829	1.716771	2.772484	0.5492803	0.576576	0.423424	1.513087
15660	-3402.203	-3569.299	167.0961	1.809258	2.65662	0.4543183	0.610236	0.389764	1.662404
15666	-3402.016	-3568.705	166.6897	1.522105	2.741295	0.4564475	0.524937	0.475063	2.105985
15672	-3410.929	-3577.628	166.6986	1.619617	2.903304	0.4564475	0.668298	0.331702	1.98769
15678	-3417.054	-3584.515	167.4601	1.727085	2.923082	0.3451194	0.592551	0.407449	1.523396
15684	-3420.793	-3588.164	167.3708	1.853651	2.838138	0.3451194	0.719404	0.280596	1.523396
15690	-3418.181	-3585.622	167.4409	1.853651	2.838138	0.4165116	0.707312	0.292688	1.360623
15696	-3426.349	-3594.196	167.8471	1.794918	2.17217	0.3971331	0.672403	0.327597	1.374621
15702	-3423.376	-3590.658	167.282	1.835974	3.167554	0.3971331	0.672403	0.327597	1.418085
15708	-3416.827	-3584.07	167.2428	1.900342	3.662381	0.3907107	0.667038	0.332962	1.256459
15714	-3416.489	-3583.601	167.1123	1.762826	2.986389	0.3907107	0.466036	0.533964	1.663243
15720	-3407.03	-3573.844	166.8142	1.528342	2.986389	0.4357323	0.673259	0.326741	1.97225
15726	-3412.545	-3579.868	167.3224	1.616852	2.728635	0.3695375	0.673259	0.326741	1.728469
15732	-3417.845	-3584.373	166.5274	1.585116	3.326545	0.4423696	0.702372	0.297628	2.025073
15738	-3409.395	-3575.897	166.5017	1.575477	3.326545	0.4622891	0.58769	0.41231	2.025073
15744	-3407.581	-3574.43	166.849	1.577326	3.005023	0.3363802	0.67324	0.32676	2.042171
15750	-3414.261	-3580.562	166.301	1.535967	3.580357	0.3480084	0.678609	0.321391	2.261907
15756	-3404.825	-3571.497	166.6714	1.444702	3.122727	0.3480084	0.627538	0.372462	2.196707
15762	-3421.081	-3587.546	166.465	1.513086	3.122727	0.4937149	0.607052	0.392948	2.108961
15768	-3427.485	-3594.311	166.8256	1.461949	2.681676	0.3729947	0.671779	0.328221	2.177053
15774	-3418.239	-3583.522	165.2835	1.350222	3.480756	0.625346	0.639777	0.360223	2.740954
15780	-3427.026	-3592.924	165.8987	1.492941	3.480756	0.6147218	0.622512	0.377488	2.276756
15786	-3422.106	-3588.149	166.0435	1.480979	3.480756	0.5489016	0.652042	0.347958	2.254308
15792	-3419.57	-3585.915	166.3455	1.467453	3.480756	0.5489016	0.563794	0.436206	2.066634
15798	-3420.349	-3586.59	166.2408	1.480479	3.480756	0.4095268	0.563794	0.436206	2.28091
15804	-3413.355	-3579.651	166.2964	1.403005	3.480756	0.4095268	0.770496	0.229504	2.294932
15810	-3415.245	-3581.809	166.5639	1.54511	2.372977	0.5999364	0.510198	0.489802	2.139835
15816	-3400.152	-3566.972	166.8194	1.641327	2.736779	0.4958209	0.561506	0.438494	1.89645
15822	-3405.712	-3572.229	166.5172	1.64868	3.279404	0.4835285	0.597112	0.402888	1.953855
15828	-3404.963	-3571.801	166.8377	1.708428	2.833079	0.4234878	0.692447	0.307553	1.895177
15834	-3410.413	-3577.498	167.0849	1.688994	2.833079	0.4234878	0.633457	0.366543	1.737969
15840	-3400.915	-3567.336	166.4212	1.483605	2.995849	0.3079696	0.61511	0.38489	2.42174
15846	-3401.951	-3568.737	166.786	1.584502	2.995849	0.373263	0.57364	0.42636	2.030661
15852	-3414.487	-3581.101	166.6138	1.804436	3.402701	0.451042	0.648763	0.351237	1.787259
15858	-3424.881	-3591.908	167.027	1.627928	2.816411	0.451042	0.621014	0.378986	1.791307
15864	-3420.295	-3584.542	164.2468	1.046211	2.855517	0.4225602	0.540267	0.459733	3.875247
15870	-3410.262	-3574.986	164.7239	1.269431	3.808954	0.4225602	0.603995	0.396005	3.250125
15876	-3413.647	-3578.427	164.7799	1.222924	3.808954	0.4174682	0.527953	0.472047	3.250125
15882	-3404.381	-3569.949	165.5676	1.337739	2.785569	0.6018388	0.742671	0.257329	2.770294
15888	-3404.176	-3568.503	164.327	1.181963	3.963073	0.5973567	0.694765	0.305235	3.335348
15894	-3416.635	-3581.247	164.6125	1.273992	4.016798	0.3665663	0.602121	0.397879	3.335348
15900	-3411.904	-3577.118	165.2135	1.320673	4.016798	0.3665663	0.602145	0.397855	2.950154
15906	-3424.061	-3589.562	165.5012	1.306419	4.016798	0.3665663	0.706762	0.293238	2.784548
15912	-3421.048	-3586.533	165.4848	1.284124	3.196652	0.5017079	0.561263	0.438737	2.840791
15918	-3410.186	-3575.677	165.4906	1.36926	3.196652	0.3522682	0.552465	0.447535	2.953281
15924	-3416.824	-3582.976	166.1513	1.438124	3.113222	0.3522682	0.569019	0.430981	2.527682
15930	-3416.392	-3582.194	165.8016	1.379296	2.98547	0.3522682	0.568957	0.431043	2.812054
15936	-3421.602	-3586.894	165.2917	1.397398	2.98547	0.5567695	0.563072	0.436928	2.889207
15942	-3436.247	-3601.628	165.3813	1.291321	2.858315	0.4618427	0.56664	0.43336	3.025736
15948	-3445.752	-3610.467	164.7146	1.287187	2.486663	0.645434	0.636446	0.363554	3.35795
15954	-3415.006	-3581.107	166.1004	1.486861	4.277107	0.3363368	0.582866	0.417134	2.285078
15960	-3415.573	-3581.608	166.0353	1.461032	3.855429	0.4549393	0.550697	0.449303	2.285078
15966	-3420.467	-3586.715	166.2482	1.679459	3.855429	0.3471746	0.688149	0.311851	2.140762
15972	-3420.564	-3586.943	166.3789	1.694115	3.855429	0.4569797	0.669813	0.330187	1.9036
15978	-3418.072	-3584.849	166.7768	1.719279	3.855429	0.3918087	0.669813	0.330187	1.694155
15984	-3404.794	-3569.839	165.0455	1.245572	2.789816	0.3374478	0.598372	0.401628	3.412378
15990	-3401.593	-3567.626	166.0331	1.484751	2.844776	0.4260661	0.545181	0.454819	2.553361
15996	-3412.903	-3578.893	165.9901	1.484751	2.943198	0.4260661	0.620588	0.379412	2.553361
16002	-3414.089	-3580.39	166.301	1.56866	2.943198	0.6016971	0.557922	0.442078	2.119611
16008	-3412.135	-3577.907	165.7716	1.503245	3.518517	0.6016971	0.561345	0.438655	2.35414
16014	-3401.392	-3567.887	166.4955	1.461803	3.518517	0.3380129	0.645375	0.354625	2.21293
16020	-3410.817	-3576.809	165.9925	1.490421	4.239899	0.3260219	0.635226	0.364774	2.373441
16026	-3416.653	-3582.66	166.0068	1.463661	4.01824	0.3260219	0.687127	0.312873	2.427271
16032	-3410.544	-3576.945	166.4009	1.519825	3.631668	0.3260219	0.527197	0.472803	2.22646
16038	-3412.374	-3578.6	166.2258	1.442671	3.133957	0.3151088	0.673611	0.326389	2.523521
16044	-3413.764	-3579.784	166.0198	1.41177	3.121718	0.3236213	0.697923	0.302077	2.661575
16050	-3418.621	-3584.19	165.5695	1.366166	4.273462	0.3109925	0.721718	0.278282	2.728241
16056	-3410.556	-3575.989	165.4334	1.321949	2.478899	0.4626631	0.568321	0.431679	3.081397
16062	-3422.086	-3588.011	165.9251	1.323518	2.924583	0.3446595	0.568321	0.431679	2.796568
16068	-3416.552	-3580.469	163.9163	1.221879	3.290235	0.3446595	0.493078	0.506922	3.948732
16074	-3423.378	-3586.922	163.544	1.037999	2.686411	0.4970662	0.511818	0.488182	4.249835
16080	-3414.146	-3577.252	163.1058	1.088029	2.686411	0.4481309	0.589767	0.410233	4.516407
16086	-3415.754	-3578.598	162.8444	1.095671	3.217926	0.4522918	0.589767	0.410233	4.526055
16092	-3415.41	-3578.844	163.4331	1.126462	3.190094	0.3944989	0.589767	0.410233	4.243292
16098	-3417.794	-3581.552	163.7581	1.126462	2.834784	0.4037614	0.58193	0.41807	4.134128
16104	-3432.625	-3597.84	165.2146	1.352716	3.085484	0.5671098	0.604059	0.395941	2.927813
16110	-3430.516	-3596.903	166.3874	1.666881	3.845911	0.486823	0.701805	0.298195	1.883672
16116	-3435.732	-3602.341	166.6092	1.570809	3.630675	0.3090358	0.669161	0.330839	2.082723
16122	-3432.499	-3596.444	163.9449	1.524879	3.279133	0.8293289	0.571594	0.428406	3.329548
16128	-3424.646	-3590.393	165.747	1.531751	2.825944	0.5683329	0.571594	0.428406	2.559834
16134	-3420.017	-3585.147	165.1305	1.44545	4.023097	0.4199069	0.653631	0.346369	2.860786
16140	-3419.159	-3584.425	165.2656	1.29676	3.324638	0.3832991	0.653631	0.346369	3.063247
16146	-3434.579	-3598.657	164.0785	1.245864	3.08227	0.4839325	0.659584	0.340416	3.738672
16152	-3424.832	-3588.646	163.8146	1.140322	4.014062	0.4542075	0.652433	0.347567	3.781133
16158	-3419.059	-3583.764	164.7054	1.232953	3.229518	0.302137	0.556192	0.443808	3.55546
16164	-3410.393	-3575.753	165.36	1.345552	4.506134	0.3130034	0.637892	0.362108	2.821485
16170	-3409.067	-3573.445	164.3783	1.196117	3.3142	0.3524122	0.609412	0.390588	3.682853
16176	-3411.018	-3574.225	163.2065	1.076793	3.506427	0.5185848	0.609412	0.390588	4.205838
16182	-3421.515	-3584.933	163.4181	1.155614	3.506427	0.3590465	0.609412	0.390588	4.205838
16188	-3438.531	-3603.061	164.5299	1.223152	2.587262	0.3590465	0.664684	0.335316	3.753125
16194	-3435.279	-3600.754	165.4753	1.414356	3.409267	0.3858285	0.75792	0.24208	2.843476
16200	-3424.229	-3589.172	164.9427	1.205693	3.221181	0.4886355	0.629394	0.370606	3.219614
16206	-3431.971	-3597.4	165.429	1.350456	3.301656	0.4956375	0.687614	0.312386	2.815143
16212	-3421.88	-3586.561	164.681	1.283019	3.835182	0.6543661	0.595345	0.404655	3.04389
16218	-3417.324	-3582.723	165.3984	1.304351	3.771522	0.3364873	0.589879	0.410121	2.937529
16224	-3412.661	-3577.102	164.4409	1.321863	2.993036	0.3071213	0.653615	0.346385	3.707191
16230	-3425.507	-3592.337	166.8301	1.574105	3.27865	0.331784	0.673647	0.326353	1.988977
16236	-3411.736	-3578.057	166.3217	1.50842	3.645184	0.5745265	0.60722	0.39278	1.988977
16242	-3415.63	-3581.801	166.171	1.404874	3.00731	0.4775953	0.559608	0.440392	2.415682
16248	-3425.529	-3591.878	166.3493	1.404204	3.777535	0.4775429	0.675504	0.324496	2.110821
16254	-3421.934	-3588.229	166.295	1.34865	2.502163	0.3877715	0.753173	0.246827	2.61966
16260	-3428.944	-3594.074	165.1301	1.27307	2.023593	0.3877715	0.658157	0.341843	3.514507
16266	-3433.252	-3598.031	164.7795	1.154211	2.60607	0.5820253	0.567251	0.432749	3.417168
16272	-3408.417	-3573.627	165.2097	1.339607	3.757238	0.5044443	0.642164	0.357836	2.842838
16278	-3418.755	-3584.119	165.3636	1.339607	3.164872	0.5044443	0.655799	0.344201	2.885695
16284	-3415.145	-3580.926	165.7809	1.470483	3.164872	0.5044443	0.532349	0.467651	2.549705
16290	-3411.693	-3577.762	166.0699	1.520532	3.324073	0.360493	0.704943	0.295057	2.463392
16296	-3424.835	-3590.016	165.181	1.346136	4.168322	0.3152266	0.682781	0.317219	2.990503
16302	-3432.456	-3597.668	165.2115	1.24215	4.286015	0.3212549	0.739243	0.260757	3.003782
16308	-3412.718	-3578.552	165.8336	1.341872	2.892005	0.3212549	0.612684	0.387316	2.880531
16314	-3412.955	-3578.433	165.4773	1.376913	2.913105	0.4160246	0.651412	0.348588	2.952076
16320	-3426.987	-3591.767	164.7802	1.317815	3.135792	0.4241779	0.651412	0.348588	3.336812
16326	-3424.443	-3588.923	164.48	1.22359	3.173692	0.4076674	0.53938	0.46062	3.576472
16332	-3414.013	-3578.224	164.2113	1.22359	3.508444	0.4848003	0.594779	0.405221	3.576472
16338	-3414.617	-3579.767	165.1497	1.226192	3.508444	0.3609045	0.752101	0.247899	3.159403
16344	-3412.426	-3576.748	164.3215	1.218116	3.508444	0.3974454	0.56635	0.43365	3.607327
16350	-3419.355	-3583.23	163.8748	1.191929	3.508444	0.6239613	0.565536	0.434464	3.665535
16356	-3416.24	-3581.248	165.0077	1.443761	3.508444	0.6440235	0.60083	0.39917	2.829758
16362	-3428.458	-3592.772	164.3141	1.443761	3.989007	0.8939865	0.581144	0.418856	2.961297
16368	-3430.391	-3595.786	165.3952	1.331362	2.893271	0.7347436	0.640413	0.359587	2.740875
16374	-3422.178	-3587.032	164.8547	1.181878	3.122672	0.516668	0.632218	0.367782	3.28203
16380	-3427.386	-3592.733	165.3465	1.199198	3.878634	0.4308636	0.632218	0.367782	2.89655
16386	-3405.44	-3571.547	166.1064	1.350652	3.125237	0.4447172	0.632218	0.367782	2.495488
16392	-3411.049	-3577.42	166.3708	1.398051	3.59706	0.4447172	0.69501	0.30499	2.180571
16398	-3422.763	-3589.481	166.7175	1.501264	3.047091	0.3265767	0.770818	0.229182	2.180571
16404	-3425.547	-3592.399	166.852	1.48506	3.181156	0.3119728	0.679288	0.320712	2.088574
16410	-3408.071	-3573.833	165.7619	1.260843	3.302487	0.3523967	0.632659	0.367341	2.829143
16416	-3413.352	-3579.194	165.842	1.309677	3.246768	0.33857	0.636256	0.363744	2.781985
16422	-3402.013	-3567.361	165.3471	1.310415	3.246768	0.3991536	0.636256	0.363744	3.006109
16428	-3403.835	-3569.108	165.2739	1.273377	3.246768	0.4624577	0.623645	0.376355	3.002559
16434	-3426.916	-3590.996	164.0808	1.154034	2.709878	0.3841365	0.611033	0.388967	3.98844
16440	-3409.29	-3573.926	164.6367	1.230856	3.83354	0.3939148	0.600724	0.399276	3.351236
16446	-3420.918	-3585.975	165.0573	1.331393	3.833436	0.2920019	0.680334	0.319666	3.17252
16452	-3416.223	-3582.046	165.8229	1.409476	3.795302	0.3156482	0.718481	0.281519	2.637691
16458	-3429.608	-3595.389	165.7808	1.317044	2.744542	0.4757291	0.734571	0.265429	2.785246
16464	-3422.886	-3588.369	165.4834	1.261646	3.192097	0.4595319	0.64792	0.35208	2.899807
16470	-3425.491	-3590.963	165.4721	1.350198	3.192097	0.3205672	0.731771	0.268229	3.018108
16476	-3410.892	-3576.208	165.3158	1.334362	3.192097	0.4147381	0.640224	0.359776	3.005883
16482	-3416.438	-3582.247	165.8086	1.464602	2.220614	0.4147381	0.59072	0.40928	2.90274
16488	-3421.727	-3587.955	166.2279	1.507956	3.273467	0.4147381	0.631318	0.368682	2.31648
16494	-3416.381	-3582.4	166.0198	1.515881	2.639981	0.4974577	0.596595	0.403405	2.52275
16500	-3421.547	-3588.444	166.8969	1.557545	3.828642	0.3358636	0.583613	0.416387	1.810336
16506	-3420.931	-3587.84	166.9086	1.563543	2.522937	0.3358636	0.637135	0.362865	2.156663
16512	-3410.883	-3577.517	166.6345	1.526234	3.22895	0.3358636	0.670208	0.329792	2.156663
16518	-3414.945	-3581.082	166.1373	1.451127	3.22895	0.3422099	0.67422	0.32578	2.512279
16524	-3412.029	-3577.689	165.6602	1.287554	3.138156	0.3833555	0.552567	0.447433	2.876315
16530	-3417.368	-3582.764	165.3966	1.288339	3.138156	0.4983172	0.605341	0.394659	2.909468
16536	-3416.273	-3582.132	165.8594	1.531722	3.138156	0.2700189	0.651372	0.348628	2.759465
16542	-3419.466	-3586.205	166.7393	1.439376	3.138156	0.2700189	0.641795	0.358205	2.267505
16548	-3416.056	-3582.547	166.4908	1.470467	3.138156	0.2700189	0.628364	0.371636	2.405785
16554	-3413.926	-3579.626	165.7001	1.391331	3.176344	0.3903367	0.615981	0.384019	2.771165
16560	-3410.106	-3575.777	165.6706	1.350705	3.176344	0.3935771	0.696977	0.303023	2.810021
16566	-3419.482	-3585.156	165.6739	1.334341	2.99519	0.3934902	0.513535	0.486465	2.863761
16572	-3418.955	-3584.461	165.5056	1.281615	2.546723	0.6192307	0.587376	0.412624	2.894618
16578	-3432.773	-3596.886	164.1134	1.519739	4.45189	0.9756963	0.648175	0.351825	2.894618
16584	-3440.925	-3607.297	166.3725	1.542661	3.266957	0.6223528	0.643842	0.356158	1.981419
16590	-3424.003	-3590.405	166.4021	1.591288	3.266957	0.4045808	0.643334	0.356666	2.16479
16596	-3415.799	-3582.348	166.5492	1.578635	3.086649	0.4760803	0.526612	0.473388	2.039793
16602	-3425.844	-3593.063	167.2186	1.520922	2.60821	0.4069044	0.518854	0.481146	1.855011
16608	-3422.659	-3589.918	167.2589	1.610097	2.934451	0.3070757	0.660264	0.339736	1.807563
16614	-3419.23	-3585.413	166.1835	1.442603	3.949013	0.5253735	0.699596	0.300404	2.103656
16620	-3408.909	-3575.699	166.7895	1.633569	2.769833	0.5253735	0.535702	0.464298	1.879102
16626	-3411.674	-3578.716	167.0413	1.626484	2.769833	0.3870575	0.507875	0.492125	1.879102
16632	-3410.161	-3576.926	166.765	1.679215	3.834653	0.3870575	0.508692	0.491308	1.742418
16638	-3407.353	-3573.541	166.1876	1.679215	3.834653	0.3416112	0.582654	0.417346	2.192673
16644	-3419.085	-3585.572	166.4865	1.551763	3.834653	0.319917	0.544721	0.455279	2.111952
16650	-3432.729	-3599.159	166.4304	1.477122	3.427148	0.319917	0.7143	0.2857	2.292619
16656	-3431.643	-3598.202	166.559	1.505424	3.427148	0.319917	0.660686	0.339314	2.191637
16662	-3420.646	-3587.439	166.7934	1.574855	3.427148	0.319917	0.6924	0.3076	1.991951
16668	-3423.432	-3590.125	166.6934	1.545045	3.731223	0.3279186	0.6924	0.3076	1.991951
16674	-3419.913	-3586.184	166.2714	1.462757	4.1153	0.4009406	0.660097	0.339903	2.138958
16680	-3421.542	-3587.666	166.1238	1.434893	3.843273	0.3524255	0.690651	0.309349	2.373425
16686	-3420.708	-3586.151	165.4428	1.385529	3.843273	0.3524255	0.661989	0.338011	2.825796
16692	-3413.651	-3579.875	166.2233	1.423291	2.971743	0.3380413	0.603897	0.396103	2.547948
16698	-3414.954	-3581.658	166.7041	1.56289	2.971743	0.3433424	0.494834	0.505166	2.146297
16704	-3408.968	-3575.292	166.324	1.401211	2.971743	0.4369357	0.600523	0.399477	2.376075
16710	-3411.944	-3578.167	166.2233	1.451757	3.070171	0.4369357	0.61417	0.38583	2.381518
16716	-3414.61	-3580.718	166.1082	1.451372	3.357303	0.4369357	0.577174	0.422826	2.381518
16722	-3419.687	-3584.09	164.4028	1.188323	3.102172	0.4062851	0.56227	0.43773	3.660248
16728	-3424.816	-3588.763	163.9469	1.183092	3.102172	0.5647116	0.73627	0.26373	3.771441
16734	-3416.127	-3581.097	164.9706	1.421459	3.612939	0.5927659	0.50893	0.49107	2.886535
16740	-3428.235	-3592.705	164.47	1.485707	3.612939	0.6624572	0.639006	0.360994	3.089668
16746	-3426.493	-3591.536	165.042	1.262777	2.14327	0.8061942	0.685205	0.314795	3.164466
16752	-3416.033	-3581.78	165.7466	1.432066	2.278157	0.8061942	0.516644	0.483356	2.59102
16758	-3416.591	-3582.854	166.2633	1.599005	2.62954	0.7283937	0.723465	0.276535	2.104906
16764	-3415.871	-3582.035	166.1633	1.435773	3.011632	0.4455893	0.589077	0.410923	2.435157
16770	-3422.911	-3589.56	166.6489	1.482813	3.330029	0.3758193	0.631694	0.368306	2.095026
16776	-3415.44	-3581.77	166.3304	1.482813	2.540227	0.5086947	0.631694	0.368306	2.366631
16782	-3428.857	-3595.493	166.6362	1.551725	2.727158	0.3710828	0.631694	0.368306	2.230389
16788	-3440.736	-3607.284	166.5478	1.47371	3.789858	0.343272	0.569506	0.430494	2.099795
16794	-3421.488	-3585.809	164.3205	1.281813	2.999757	0.5214351	0.580832	0.419168	3.561943
16800	-3429.799	-3595.939	166.1397	1.498911	3.454285	0.343272	0.477974	0.522026	2.424361
16806	-3416.704	-3582.256	165.5525	1.345785	3.349913	0.4525123	0.477974	0.522026	2.776341
16812	-3416.515	-3582.347	165.8316	1.427256	2.80433	0.4525123	0.583754	0.416246	2.694945
16818	-3421.129	-3587.316	166.1873	1.50325	3.734309	0.4525123	0.623831	0.376169	2.190149
16824	-3412.63	-3578.887	166.2574	1.492858	4.159681	0.4870999	0.538321	0.461679	2.016801
16830	-3403.168	-3569.518	166.3496	1.530826	3.398495	0.5419212	0.538321	0.461679	2.049871
16836	-3416.168	-3582.874	166.7062	1.672489	3.181111	0.5524757	0.588464	0.411536	1.758911
16842	-3426.693	-3593.029	166.3365	1.587154	3.998314	0.5524757	0.639943	0.360057	1.865045
16848	-3414.42	-3580.741	166.3203	1.56439	3.257688	0.4682858	0.467252	0.532748	2.162524
16854	-3422.874	-3588.727	165.853	1.399687	2.943661	0.5640177	0.663195	0.336805	2.548034
16860	-3435.186	-3601.241	166.0545	1.478212	2.943661	0.4349562	0.663195	0.336805	2.506998
16866	-3420.654	-3587.189	166.5358	1.441685	2.757619	0.4349562	0.666028	0.333972	2.27786
16872	-3421.224	-3587.763	166.5389	1.40913	2.754153	0.4522559	0.666028	0.333972	2.27786
16878	-3409.883	-3576.198	166.3153	1.437911	2.754153	0.4522559	0.489233	0.510767	2.401712
16884	-3414.091	-3579.519	165.4285	1.221182	2.754153	0.4594423	0.688867	0.311133	3.069895
16890	-3424.061	-3590.308	166.2471	1.340761	2.615235	0.4553414	0.662235	0.337765	2.542442
16896	-3410.576	-3576.665	166.089	1.348392	2.615235	0.4553414	0.519819	0.480181	2.635662
16902	-3423.101	-3587.326	164.2254	1.149997	2.256916	0.496505	0.540403	0.459597	3.919951
16908	-3420.659	-3585.376	164.7174	1.218794	2.954198	0.4112335	0.497761	0.502239	3.490473
16914	-3407.062	-3573.508	166.4469	1.496826	2.748868	0.4112335	0.633267	0.366733	2.330114
16920	-3404.069	-3570.698	166.6285	1.4903	2.748868	0.4196673	0.623176	0.376824	2.207641
16926	-3404.959	-3571.519	166.5597	1.540698	2.748868	0.5536835	0.623176	0.376824	2.071786
16932	-3403.762	-3569.638	165.8763	1.585111	2.962024	0.5536835	0.526715	0.473285	2.422324
16938	-3414.063	-3580.979	166.9158	1.49456	2.945672	0.4662411	0.653956	0.346044	1.901796
16944	-3410.691	-3577.54	166.8495	1.596112	2.945672	0.4662411	0.664141	0.335859	1.877839
16950	-3420.043	-3586.37	166.3268	1.477143	2.339915	0.4227802	0.658634	0.341366	2.529494
16956	-3422.263	-3588.535	166.2716	1.475282	2.594941	0.3863468	0.616268	0.383732	2.529494
16962	-3408.354	-3574.297	165.9424	1.464999	3.98765	0.3921664	0.716782	0.283218	2.386986
16968	-3420.331	-3587.177	166.8459	1.490592	3.421533	0.3865047	0.716782	0.283218	1.920956
16974	-3419.051	-3585.9	166.8491	1.504423	3.136049	0.437218	0.631354	0.368646	1.920956
16980	-3415.751	-3582.749	166.9973	1.507502	3.039634	0.3106958	0.570377	0.429623	2.018183
16986	-3431.762	-3598.737	166.975	1.466171	3.039634	0.3106958	0.675963	0.324037	2.060355
16992	-3406.6	-3573.156	166.557	1.525201	2.786314	0.5187926	0.708678	0.291322	2.108746
16998	-3408.083	-3575.647	167.5643	1.690635	2.685821	0.5187926	0.678012	0.321988	1.305649
17004	-3411.667	-3579.038	167.3704	1.721155	2.895646	0.3901472	0.701107	0.298893	1.535024
17010	-3414.784	-3582.322	167.5381	1.6873	2.63967	0.4087599	0.579475	0.420525	1.495032
17016	-3418.174	-3585.589	167.4144	1.649456	2.63967	0.4087599	0.667505	0.332495	1.614088
17022	-3431.005	-3598.665	167.6592	1.734853	2.148049	0.4087599	0.667505	0.332495	1.556122
17028	-3410.881	-3578.136	167.2548	1.780911	3.18903	0.398032	0.667505	0.332495	1.473017
17034	-3405.418	-3572.827	167.4097	1.784189	3.220919	0.3455463	0.701089	0.298911	1.423608
17040	-3407.242	-3574.79	167.5478	1.792712	2.462812	0.4705467	0.619519	0.380481	1.386786
17046	-3407.439	-3575.058	167.6193	1.826283	2.662081	0.4705467	0.645511	0.354489	1.223622
17052	-3420.852	-3588.174	167.3219	1.756133	2.370185	0.4729839	0.6059	0.3941	1.615739
17058	-3414.699	-3581.584	166.8851	1.614509	2.706381	0.3247878	0.752522	0.247478	2.097619
17064	-3414.355	-3581.855	167.4994	1.613303	2.638385	0.3545943	0.698427	0.301573	1.657035
17070	-3423.023	-3590.268	167.2442	1.780213	2.510336	0.5066473	0.578764	0.421236	1.5624
17076	-3411.593	-3578.827	167.2334	1.639336	2.510336	0.4344648	0.578764	0.421236	1.760135
17082	-3409.576	-3575.974	166.398	1.573381	3.012697	0.5711784	0.645297	0.354703	2.062932
17088	-3416.615	-3583.804	167.1887	1.608607	2.546242	0.5003023	0.626699	0.373301	1.720631
17094	-3423.008	-3590.008	167.0006	1.651607	2.546242	0.5003023	0.626699	0.373301	1.821756
17100	-3411.576	-3578.46	166.8831	1.615491	3.274424	0.4073848	0.627401	0.372599	1.821756
17106	-3402.879	-3569.997	167.1187	1.560168	3.15927	0.4068645	0.588405	0.411595	1.72919
17112	-3425.951	-3592.67	166.7185	1.626283	2.50775	0.6967633	0.557248	0.442752	1.848239
17118	-3415.85	-3582.854	167.0032	1.529961	2.461605	0.4304521	0.581114	0.418886	2.012626
17124	-3438.11	-3604.696	166.5856	1.517121	2.561291	0.4418427	0.656293	0.343707	2.248499
17130	-3428.718	-3595.512	166.7941	1.532495	2.561291	0.4762738	0.639454	0.360546	2.06338
17136	-3430.228	-3596.84	166.6122	1.584095	3.60174	0.4645418	0.577741	0.422259	1.87223
17142	-3416.985	-3582.545	165.5598	1.520813	3.60174	0.3570806	0.631832	0.368168	2.718592
17148	-3413.274	-3578.604	165.3303	1.367556	3.027271	0.5620228	0.672403	0.327597	2.868353
17154	-3412.353	-3577.378	165.0254	1.2562	3.027271	0.4827071	0.546718	0.453282	3.193887
17160	-3404.423	-3569.653	165.2302	1.233368	3.027271	0.3832787	0.689806	0.310194	3.193887
17166	-3404.25	-3569.492	165.2419	1.214775	2.865529	0.4232699	0.575824	0.424176	3.193887
17172	-3411.822	-3577.132	165.3101	1.330414	2.937681	0.5732709	0.575824	0.424176	2.915848
17178	-3420.399	-3586.365	165.9658	1.398049	2.937681	0.4607703	0.564302	0.435698	2.585032
17184	-3425.608	-3592.8	167.1929	1.728742	2.910944	0.5038733	0.608131	0.391869	1.504872
17190	-3417.296	-3583.794	166.498	1.444948	3.859223	0.3830242	0.650657	0.349343	2.081758
17196	-3404.767	-3570.743	165.9763	1.374868	3.270818	0.3830242	0.650657	0.349343	2.597188
17202	-3406.076	-3571.706	165.6303	1.309106	3.886209	0.3721769	0.653724	0.346276	2.724186
17208	-3416.121	-3581.706	165.585	1.39422	3.677792	0.4186369	0.585641	0.414359	2.689454
17214	-3411.191	-3577.413	166.2224	1.419362	3.677792	0.4186369	0.664033	0.335967	2.274358
17220	-3417.3	-3582.58	165.2796	1.2629	3.352627	0.4669084	0.642637	0.357363	2.975765
17226	-3418.602	-3583.582	164.9803	1.499482	3.352627	0.5667582	0.528731	0.471269	2.916237
17232	-3429.251	-3594.116	164.8652	1.238829	2.590822	0.582078	0.640433	0.359567	3.321401
17238	-3431.905	-3596.711	164.806	1.193176	3.086775	0.5077228	0.640433	0.359567	3.321401
17244	-3428.885	-3593.441	164.5563	1.155424	2.959665	0.5385725	0.664758	0.335242	3.492328
17250	-3421.783	-3587.298	165.5145	1.28406	2.935324	0.324746	0.577517	0.422483	3.090901
17256	-3438.866	-3604.052	165.1855	1.311457	3.752471	0.3516571	0.654748	0.345252	3.045747
17262	-3423.579	-3588.221	164.6425	1.2869	3.41708	0.5115927	0.542734	0.457266	3.28127
17268	-3426.491	-3591.42	164.929	1.232026	2.599574	0.4729579	0.617831	0.382169	3.387754
17274	-3445.579	-3610.252	164.6725	1.169451	3.477058	0.351452	0.713661	0.286339	3.4922
17280	-3416.744	-3580.049	163.3052	1.030966	3.477058	0.351452	0.538082	0.461918	4.355557
17286	-3425.549	-3589.835	164.2855	1.11563	3.315853	0.351452	0.56676	0.43324	3.783697
17292	-3408.073	-3571.464	163.3913	1.161052	3.467292	0.4839356	0.652216	0.347784	4.093805
17298	-3413.555	-3577.816	164.2616	1.154721	2.714114	0.4839356	0.466647	0.533353	3.778485
17304	-3414.854	-3580.631	165.7765	1.25845	2.870141	0.3279264	0.585343	0.414657	2.962157
17310	-3417.922	-3582.676	164.7537	1.245814	2.870141	0.3707564	0.670222	0.329778	3.521071
17316	-3431.499	-3596.851	165.3511	1.38785	3.804256	0.3207104	0.669115	0.330885	2.929674
17322	-3433.657	-3597.475	163.8178	1.172064	2.149669	0.5035617	0.54657	0.45343	4.16653
17328	-3444.034	-3608.988	164.9538	1.236729	2.149669	0.5119781	0.424272	0.575728	3.46744
17334	-3427.833	-3593.288	165.4555	1.351789	3.140828	0.3486398	0.528229	0.471771	3.003102
17340	-3426.674	-3592.258	165.5837	1.417864	3.754869	0.4942052	0.58236	0.41764	2.57642
17346	-3434.454	-3600.131	165.6768	1.417864	3.754869	0.4381635	0.661178	0.338822	2.579009
17352	-3418.76	-3584.515	165.7546	1.300238	3.868601	0.4381635	0.678639	0.321361	2.579009
17358	-3430.665	-3596.863	166.1977	1.410879	3.078594	0.4308798	0.558715	0.441285	2.428235
17364	-3420.751	-3586.877	166.1263	1.396866	2.472952	0.3987413	0.64814	0.35186	2.689601
17370	-3421.121	-3587.079	165.9575	1.307944	2.549668	0.3577742	0.676562	0.323438	2.873815
17376	-3421.912	-3587.636	165.724	1.417362	2.596546	0.3577742	0.643141	0.356859	2.935148
17382	-3414.739	-3580.479	165.7395	1.227161	2.646042	0.3891579	0.544893	0.455107	2.988031
17388	-3416.487	-3582.294	165.8068	1.365541	2.349791	0.3595109	0.632885	0.367115	2.988031
17394	-3421.709	-3587.994	166.2847	1.365541	2.385794	0.4243913	0.706733	0.293267	2.608392
17400	-3409.815	-3575.707	165.8925	1.365541	3.423591	0.4243913	0.712037	0.287963	2.568894
17406	-3413.674	-3579.541	165.8671	1.581011	3.52532	0.349095	0.776873	0.223127	2.519284
17412	-3410.438	-3576.306	165.8688	1.361741	2.689354	0.485471	0.603022	0.396978	2.709508
17418	-3413.963	-3579.54	165.5771	1.256704	3.524876	0.5158519	0.613859	0.386141	2.709508
17424	-3414.201	-3578.618	164.4171	1.102257	3.142504	0.4930826	0.68082	0.31918	3.602531
17430	-3416.072	-3581.721	165.6492	1.325779	3.080703	0.4930826	0.68082	0.31918	2.75299
17436	-3415.759	-3581.429	165.67	1.304981	3.080703	0.4930826	0.523971	0.476029	2.75299
17442	-3413.308	-3577.751	164.4432	1.228099	2.864768	0.3954561	0.642428	0.357572	3.684555
17448	-3417.671	-3582.305	164.6336	1.257694	3.540463	0.3972546	0.621914	0.378086	3.395438
17454	-3423.038	-3587.983	164.9448	1.153568	3.563387	0.3592709	0.56879	0.43121	3.31342
17460	-3415.575	-3580.157	164.5819	1.238836	3.563387	0.3962411	0.562085	0.437915	3.432941
17466	-3416.452	-3581.845	165.3929	1.26717	3.85353	0.3962411	0.562085	0.437915	2.872147
17472	-3417.534	-3583.19	165.656	1.32262	3.152506	0.4845637	0.583182	0.416818	2.741417
17478	-3419.631	-3585.29	165.6592	1.356958	3.260753	0.5840879	0.61648	0.38352	2.594711
17484	-3423.265	-3588.404	165.139	1.2537	3.317948	0.6031532	0.594345	0.405655	2.944395
17490	-3425.947	-3591.862	165.915	1.337263	2.908472	0.4814826	0.60981	0.39019	2.63977
17496	-3412.723	-3578.598	165.8752	1.398314	2.89019	0.3944968	0.636794	0.363206	2.728611
17502	-3415.788	-3581.613	165.8257	1.497516	2.778595	0.3944968	0.650895	0.349105	2.728611
17508	-3413.649	-3578.842	165.1926	1.31585	2.356123	0.3944968	0.587282	0.412718	3.338729
17514	-3406.125	-3571.144	165.0193	1.317368	3.634655	0.404946	0.668617	0.331383	3.102996
17520	-3411.863	-3577.119	165.2569	1.343008	3.608296	0.4275136	0.634935	0.365065	2.925586
17526	-3411.345	-3577.118	165.773	1.372805	3.608296	0.3835812	0.5668	0.4332	2.643998
17532	-3416.942	-3582.988	166.0461	1.577698	3.781891	0.4101917	0.675829	0.324171	2.272304
17538	-3415.322	-3581.363	166.0407	1.475239	2.755517	0.4089244	0.618336	0.381664	2.599325
17544	-3416.8	-3582.73	165.93	1.447615	3.071394	0.4089244	0.600551	0.399449	2.599817
17550	-3409.861	-3576.48	166.6189	1.467923	3.071394	0.4437938	0.556952	0.443048	2.108236
17556	-3429.212	-3595.582	166.37	1.563729	4.160267	0.5469091	0.638342	0.361658	1.82726
17562	-3423.735	-3590.041	166.3052	1.564501	4.160267	0.3657355	0.608968	0.391032	2.086304
17568	-3417.108	-3583.556	166.4487	1.667195	4.186699	0.4746828	0.667971	0.332029	1.776784
17574	-3409.585	-3575.853	166.2681	1.368536	4.186699	0.3926418	0.634233	0.365767	2.197618
17580	-3416.422	-3582.433	166.0107	1.566462	3.792259	0.500087	0.566747	0.433253	2.197618
17586	-3420.532	-3587.44	166.9086	1.627599	2.689819	0.5731561	0.648567	0.351433	1.775473
17592	-3416.922	-3583.804	166.8822	1.538305	2.689819	0.4702048	0.599659	0.400341	1.967429
17598	-3410.55	-3576.581	166.0308	1.561997	2.689819	0.6461116	0.620534	0.379466	2.330799
17604	-3397.579	-3563.241	165.6627	1.372545	2.689819	0.497958	0.62163	0.37837	2.815878
17610	-3409.166	-3573.915	164.7492	1.379472	2.689819	0.3849057	0.689429	0.310571	3.476743
17616	-3407.337	-3572.943	165.6063	1.372033	3.293098	0.3849057	0.629824	0.370176	2.818137
17622	-3414.177	-3579.239	165.0619	1.344909	3.293098	0.5862313	0.684837	0.315163	2.956689
17628	-3415.63	-3581.087	165.4572	1.190992	3.492941	0.3277447	0.764223	0.235777	3.04266
17634	-3422.096	-3587.407	165.3108	1.420046	3.296863	0.4903498	0.514498	0.485502	2.851116
17640	-3418.091	-3583.163	165.0721	1.394641	3.296863	0.3685094	0.512535	0.487465	3.14443
17646	-3427.406	-3593.455	166.0482	1.331386	3.296863	0.3685094	0.524107	0.475893	2.591265
17652	-3419.291	-3585.116	165.825	1.310207	3.296863	0.5022516	0.553229	0.446771	2.591265
17658	-3416.435	-3581.985	165.5508	1.458074	2.99492	0.4420706	0.603328	0.396672	2.808257
17664	-3418.83	-3583.368	164.5386	1.374005	3.288611	0.4500358	0.551798	0.448202	3.382057
17670	-3414.881	-3579.922	165.0404	1.374005	3.743898	0.4500358	0.551798	0.448202	2.983259
17676	-3413.327	-3579.111	165.784	1.44381	3.743898	0.4500358	0.486975	0.513025	2.485206
17682	-3430.802	-3596.379	165.5766	1.348305	3.535121	0.5503251	0.479968	0.520032	2.617531
17688	-3414.55	-3578.083	163.5335	1.193863	3.535121	0.4274075	0.665274	0.334726	4.036361
17694	-3411.42	-3576.211	164.7905	1.333593	2.484523	0.4100047	0.611596	0.388404	3.508391
17700	-3416.245	-3581.396	165.1507	1.228442	2.484523	0.6027158	0.635183	0.364817	3.171414
17706	-3416.23	-3580.714	164.4836	1.267958	4.440623	0.6410446	0.630804	0.369196	3.063186
17712	-3410.976	-3576.846	165.8696	1.38896	4.440623	0.4332573	0.660787	0.339213	2.339384
17718	-3419.634	-3584.777	165.1431	1.541353	4.715661	0.7206505	0.599017	0.400983	2.375189
17724	-3421.755	-3585.905	164.1495	1.247737	3.992877	0.5432349	0.599017	0.400983	3.442856
17730	-3413.186	-3578.429	165.2431	1.213064	3.472881	0.3870486	0.713464	0.286536	3.088164
17736	-3417.311	-3582.453	165.1418	1.313194	2.369728	0.4586797	0.600684	0.399316	3.296296
17742	-3429.715	-3593.593	163.878	1.21557	3.111945	0.484356	0.600684	0.399316	3.864081
17748	-3422.797	-3587.139	164.3423	1.261602	3.715572	0.484356	0.627069	0.372931	3.434186
17754	-3411.956	-3576.98	165.0235	1.295138	2.898709	0.36818	0.662873	0.337127	3.329964
17760	-3423.352	-3587.904	164.5512	1.246801	3.726929	0.2792115	0.66647	0.33353	3.559556
17766	-3420.871	-3585.699	164.8282	1.310617	2.739127	0.2792115	0.600152	0.399848	3.592436
17772	-3422.085	-3587.15	165.0647	1.268949	2.912558	0.2792115	0.662359	0.337641	3.433791
17778	-3414.375	-3578.89	164.5149	1.338771	3.005066	0.4631614	0.496624	0.503376	3.470907
17784	-3407.782	-3572.376	164.5932	1.351308	3.225318	0.4019542	0.494284	0.505716	3.430161
17790	-3406.93	-3571.795	164.8643	1.18364	3.240814	0.4465853	0.532304	0.467696	3.317257
17796	-3427.784	-3593.663	165.879	1.451195	2.501226	0.3474661	0.778408	0.221592	2.861999
17802	-3421.093	-3587.038	165.9449	1.435474	2.760029	0.284733	0.674089	0.325911	2.843279
17808	-3410.681	-3576.583	165.9019	1.407391	2.892474	0.4263834	0.674521	0.325479	2.669
17814	-3420.549	-3586.705	166.1557	1.449597	3.178093	0.4478745	0.735576	0.264424	2.385151
17820	-3415.198	-3581.873	166.6748	1.668937	3.178093	0.5013008	0.554746	0.445254	1.840455
17826	-3407.101	-3573.812	166.7112	1.668937	3.053827	0.5013008	0.705425	0.294575	1.850617
17832	-3405.9	-3572.578	166.6779	1.618222	3.053827	0.5521111	0.606959	0.393041	1.852665
17838	-3422	-3588.467	166.4674	1.805502	3.053827	0.5585702	0.490163	0.509837	1.861748
17844	-3419.113	-3586.271	167.1578	1.686117	3.053827	0.4496891	0.574397	0.425603	1.58566
17850	-3422.67	-3589.882	167.2119	1.719216	2.411998	0.4496891	0.653747	0.346253	1.734317
17856	-3418.74	-3585.964	167.2237	1.670088	2.625043	0.4496891	0.660458	0.339542	1.687083
17862	-3408.743	-3575.487	166.7444	1.649527	2.625043	0.5793286	0.592602	0.407398	1.887887
17868	-3407.104	-3574.006	166.902	1.633739	2.625043	0.5793286	0.620149	0.379851	1.790518
17874	-3418.688	-3585.294	166.6055	1.699134	2.907148	0.5360635	0.700606	0.299394	1.906583
17880	-3416.28	-3582.669	166.3893	1.45053	2.907148	0.6276176	0.694769	0.305231	2.125143
17886	-3423.735	-3589.928	166.1929	1.631116	3.207616	0.3756526	0.694769	0.305231	2.325449
17892	-3415.446	-3581.669	166.2231	1.498744	2.997234	0.3917278	0.686436	0.313564	2.425106
17898	-3409.77	-3576.016	166.246	1.505562	3.608868	0.3840526	0.543193	0.456807	2.262674
17904	-3404.72	-3570.53	165.8099	1.524227	3.608868	0.5185291	0.612336	0.387664	2.37595
17910	-3402.863	-3569.644	166.781	1.597757	2.854003	0.5185291	0.61606	0.38394	1.891092
17916	-3400.7	-3567.279	166.579	1.557711	2.854003	0.4017964	0.546417	0.453583	2.18742
17922	-3409.713	-3576.559	166.8469	1.572746	2.864887	0.4017964	0.676943	0.323057	1.998337
17928	-3408.148	-3575.055	166.9069	1.587817	2.864887	0.3639717	0.676943	0.323057	1.998337
17934	-3416.827	-3583.941	167.1138	1.630037	2.864887	0.3639717	0.676943	0.323057	1.829714
17940	-3408.454	-3575.998	167.5441	1.816862	2.864887	0.3658101	0.601988	0.398012	1.377181
17946	-3416.83	-3583.988	167.158	1.625698	2.866514	0.568291	0.583832	0.416168	1.546445
17952	-3427.902	-3594.615	166.7132	1.708452	3.628776	0.568291	0.667455	0.332545	1.588397
17958	-3419.346	-3586.461	167.1146	1.725929	2.891592	0.568291	0.479465	0.520535	1.495916
17964	-3413.362	-3580.489	167.1278	1.763501	3.082349	0.568291	0.568146	0.431854	1.394874
17970	-3411.001	-3578.507	167.5059	1.707201	2.334221	0.5036235	0.491715	0.508285	1.491837
17976	-3411.26	-3578.681	167.421	1.792079	2.334221	0.5036235	0.643881	0.356119	1.491837
17982	-3421.515	-3589.171	167.6554	1.887426	2.575991	0.4572541	0.558483	0.441517	1.195182
17988	-3416.226	-3583.886	167.6597	1.817221	2.357727	0.4484504	0.571306	0.428694	1.351712
17994	-3419.817	-3587.558	167.7414	1.767821	2.357727	0.4484504	0.713558	0.286442	1.326
18000	-3407.506	-3574.81	167.3035	1.724986	2.236209	0.5470487	0.476047	0.523953	1.614948
18006	-3413.992	-3581.793	167.8008	1.636613	2.026072	0.4149224	0.485693	0.514307	1.566554
18012	-3410.876	-3578.34	167.4641	1.636613	2.335156	0.4271396	0.575239	0.424761	1.670999
18018	-3419.481	-3586.836	167.355	1.753227	3.315569	0.4271396	0.580453	0.419547	1.334814
18024	-3418.695	-3585.861	167.1659	1.698001	3.315569	0.4338377	0.54883	0.45117	1.51375
18030	-3422.194	-3589.132	166.9373	1.694306	3.315569	0.4877885	0.68923	0.31077	1.615034
18036	-3422.966	-3589.707	166.7402	1.549297	2.940182	0.4877885	0.647144	0.352856	1.960113
18042	-3411.471	-3578.366	166.8943	1.554334	2.931324	0.4815085	0.624339	0.375661	1.862122
18048	-3409.955	-3576.707	166.7515	1.585695	2.931324	0.3472232	0.624339	0.375661	2.106405
18054	-3404.57	-3570.656	166.0863	1.499305	3.393457	0.4488782	0.620127	0.379873	2.342563
18060	-3408.767	-3575.204	166.4371	1.438638	3.112115	0.3773624	0.693123	0.306877	2.315103
18066	-3411.991	-3578.024	166.0327	1.358246	3.453951	0.3773624	0.603071	0.396929	2.535391
18072	-3405.321	-3571.5	166.1789	1.43861	2.799475	0.4693644	0.742023	0.257977	2.455428
18078	-3405.91	-3571.309	165.3999	1.41063	2.242026	0.4446997	0.623555	0.376445	3.140126
18084	-3411.212	-3576.961	165.749	1.287764	2.242026	0.456536	0.641305	0.358695	2.992417
18090	-3420.341	-3586.438	166.0972	1.455636	3.162896	0.5762764	0.671711	0.328289	2.289257
18096	-3413.351	-3580.025	166.6736	1.426949	2.213177	0.4939245	0.645902	0.354098	2.305938
18102	-3415.972	-3581.979	166.0066	1.349031	2.512123	0.3549357	0.668019	0.331981	2.833823
18108	-3416.979	-3583.294	166.3149	1.456474	2.512123	0.4184738	0.593111	0.406889	2.500708
18114	-3426.469	-3593.188	166.7193	1.56296	4.157615	0.3158174	0.672163	0.327837	1.882662
18120	-3429.222	-3595.88	166.6585	1.567401	3.296642	0.2833438	0.68677	0.31323	2.174864
18126	-3406.366	-3572.814	166.4474	1.50822	3.459209	0.3452722	0.588602	0.411398	2.218375
18132	-3414.105	-3580.457	166.3519	1.586409	3.459209	0.3452722	0.697089	0.302911	2.229536
18138	-3410.741	-3577.408	166.6663	1.444827	3.277256	0.3452722	0.643141	0.356859	2.163266
18144	-3409.288	-3575.195	165.9068	1.444827	3.277256	0.4903187	0.643141	0.356859	2.473629
18150	-3418.436	-3584.877	166.4405	1.444827	2.542346	0.3024099	0.589176	0.410824	2.570593
18156	-3420.037	-3586.526	166.4896	1.50492	3.673565	0.3195417	0.681113	0.318887	2.178246
18162	-3439.573	-3606.507	166.9349	1.569428	2.894287	0.4073893	0.692288	0.307712	1.925679
18168	-3425.906	-3592.697	166.7902	1.569428	3.675297	0.4073893	0.729558	0.270442	1.813139
18174	-3422.735	-3588.781	166.0461	1.470783	2.625522	0.4465057	0.564241	0.435759	2.593214
18180	-3420.55	-3586.804	166.2536	1.413403	2.826388	0.3841486	0.60713	0.39287	2.515488
18186	-3419.002	-3583.789	164.7866	1.313249	2.707554	0.5083941	0.60713	0.39287	3.35907
18192	-3429.36	-3596.005	166.6451	1.732966	3.020045	0.3732359	0.571279	0.428721	2.018867
18198	-3421.451	-3587.6	166.1493	1.698761	3.226781	0.745885	0.608865	0.391135	1.927289
18204	-3413.567	-3579.832	166.2654	1.532554	3.226781	0.433261	0.703488	0.296512	2.266717
18210	-3411.303	-3577.699	166.3962	1.496668	3.197278	0.5121417	0.643673	0.356327	2.125039
18216	-3409.426	-3574.975	165.5491	1.437633	3.93147	0.5121417	0.573052	0.426948	2.529081
18222	-3408.054	-3574.311	166.2568	1.439442	3.569497	0.3895661	0.553004	0.446996	2.300393
18228	-3405.552	-3571.691	166.1389	1.439442	3.835885	0.3912259	0.57938	0.42062	2.312628
18234	-3421.643	-3586.901	165.2577	1.250954	3.095464	0.394421	0.697669	0.302331	3.137202
18240	-3421.967	-3586.694	164.7276	1.425391	2.773822	0.3404709	0.685354	0.314646	3.493496
18246	-3411.659	-3575.412	163.753	1.088894	2.773822	0.3404709	0.677525	0.322475	4.246642
18252	-3420.988	-3585.959	164.9703	1.215222	2.773822	0.4077194	0.55513	0.44487	3.395045
18258	-3418.169	-3583.56	165.3907	1.391459	3.316516	0.5555795	0.527983	0.472017	2.751545
18264	-3411.955	-3577.819	165.8641	1.477802	3.673521	0.4405444	0.580769	0.419231	2.440108
18270	-3408.164	-3574.932	166.7678	1.545648	3.099267	0.3163569	0.691961	0.308039	2.119552
18276	-3419.115	-3584.921	165.8063	1.622249	3.29572	0.2516376	0.606504	0.393496	2.726494
18282	-3419.316	-3584.3	164.9842	1.213342	2.779154	0.2516376	0.597767	0.402233	3.588102
18288	-3411.234	-3575.272	164.0383	1.145114	3.049758	0.3376594	0.722357	0.277643	3.987362
18294	-3395.377	-3559.843	164.4658	1.145685	2.886214	0.4615234	0.687061	0.312939	3.643297
18300	-3398.889	-3563.171	164.282	1.31121	2.886214	0.4720729	0.712258	0.287742	3.643297
18306	-3408.478	-3573.821	165.3434	1.347133	2.873837	0.4102009	0.523131	0.476869	3.067114
18312	-3419.378	-3584.613	165.2357	1.347133	2.873837	0.4806763	0.527383	0.472617	3.055967
18318	-3413.421	-3578.985	165.564	1.398869	3.196216	0.4540899	0.534727	0.465273	2.77241
18324	-3420.131	-3584.417	164.2865	1.390349	5.016552	0.6197298	0.539239	0.460761	3.024496
18330	-3429.093	-3596.893	167.8004	1.66926	2.609724	0.3511243	0.661878	0.338122	1.407227
18336	-3416.879	-3583.654	166.7753	1.685913	2.697719	0.5918733	0.661218	0.338782	1.80573
18342	-3428.246	-3594.352	166.1065	1.587427	4.006911	0.4431331	0.649837	0.350163	2.137543
18348	-3409.6	-3576.116	166.5162	1.54865	2.889114	0.3997912	0.700539	0.299461	2.226393
18354	-3422.954	-3588.732	165.7774	1.47215	3.105483	0.3878448	0.539634	0.460366	2.69517
18360	-3419.897	-3586.325	166.4284	1.494871	3.105483	0.3023439	0.687763	0.312237	2.389219
18366	-3424.084	-3590.23	166.1464	1.477511	3.105483	0.3023439	0.58546	0.41454	2.576674
18372	-3427.819	-3593.988	166.1688	1.406707	3.100331	0.3246395	0.675475	0.324525	2.576674
18378	-3418.469	-3584.328	165.8588	1.406707	3.100331	0.3565979	0.613365	0.386635	2.725485
18384	-3423.694	-3590.091	166.3971	1.509591	2.414774	0.4869406	0.613365	0.386635	2.369657
18390	-3414.544	-3580.448	165.9039	1.437918	2.774119	0.4329343	0.580136	0.419864	2.673973
18396	-3407.994	-3574.199	166.2052	1.434959	3.005873	0.3017676	0.580136	0.419864	2.593295
18402	-3407.228	-3573.102	165.8732	1.358834	3.088661	0.3017676	0.576674	0.423326	2.822267
18408	-3416.079	-3581.689	165.6105	1.303355	3.487013	0.3658438	0.549617	0.450383	2.835211
18414	-3413.272	-3579.084	165.8119	1.414121	3.684833	0.3658438	0.535103	0.464897	2.599348
18420	-3411.193	-3578.145	166.9521	1.548057	3.684833	0.3231967	0.609136	0.390864	1.833033
18426	-3414.319	-3580.061	165.7418	1.284468	3.684833	0.3231967	0.612472	0.387528	2.777821
18432	-3416.917	-3582.758	165.8405	1.48453	2.582952	0.3705344	0.55582	0.44418	2.812044
18438	-3405.581	-3572.224	166.643	1.530628	2.582952	0.50859	0.511991	0.488009	2.12155
18444	-3415.38	-3581.996	166.6166	1.562646	2.508076	0.5276285	0.65791	0.34209	2.12155
18450	-3427.356	-3593.243	165.8878	1.456279	3.043776	0.343283	0.634911	0.365089	2.708991
18456	-3425.464	-3592.314	166.8497	1.44063	1.96268	0.3461209	0.550513	0.449487	2.451239
18462	-3429.113	-3595.537	166.4241	1.428738	2.302561	0.4765278	0.613083	0.386917	2.451239
18468	-3422.825	-3589.886	167.0604	1.526787	2.302561	0.3575	0.537051	0.462949	2.124409
18474	-3428.369	-3595.441	167.0718	1.58395	2.269904	0.4164277	0.674343	0.325657	2.013903
18480	-3424.724	-3590.526	165.8022	1.490521	4.384181	0.5064701	0.588848	0.411152	2.24786
18486	-3426.679	-3591.837	165.1584	1.569553	3.654976	0.5064701	0.564407	0.435593	2.754362
18492	-3427.319	-3592.213	164.8939	1.326755	3.136079	0.4546005	0.486988	0.513012	3.231956
18498	-3413.147	-3577.993	164.8465	1.227995	3.136079	0.4107873	0.572881	0.427119	3.365271
18504	-3411.093	-3576.165	165.0726	1.237848	2.830701	0.420879	0.532696	0.467304	3.292062
18510	-3412.813	-3577.491	164.6779	1.321837	2.945804	0.420879	0.622374	0.377626	3.444883
18516	-3411.763	-3575.436	163.6726	1.052107	3.036814	0.3605045	0.622374	0.377626	4.224178
18522	-3416.861	-3581.588	164.727	1.219792	3.619486	0.3133045	0.635397	0.364603	3.448705
18528	-3413.507	-3577.07	163.5631	1.140683	3.986637	0.3591171	0.635397	0.364603	4.034631
18534	-3415.686	-3579.99	164.304	1.236295	3.405997	0.3174017	0.55465	0.44535	3.725908
18540	-3425.344	-3590.824	165.48	1.2998	3.405997	0.3452757	0.627542	0.372458	2.960782
18546	-3423.256	-3587.465	164.2082	1.145147	2.614275	0.3187682	0.744081	0.255919	4.024879
18552	-3426.071	-3590.814	164.7429	1.286452	2.614275	0.4521709	0.588933	0.411067	3.481917
18558	-3420.956	-3586.333	165.3768	1.336576	3.55913	0.4837272	0.690615	0.309385	2.80771
18564	-3414	-3579.771	165.7706	1.353892	3.55913	0.3560101	0.72362	0.27638	2.702661
18570	-3419.531	-3585.465	165.934	1.460924	3.698973	0.48549	0.684231	0.315769	2.351286
18576	-3424.91	-3591.55	166.6401	1.611999	3.057554	0.4295605	0.618206	0.381794	2.020049
18582	-3425.788	-3591.888	166.1005	1.594414	3.173438	0.3750831	0.618206	0.381794	2.416769
18588	-3409.005	-3574.674	165.6687	1.424506	3.212269	0.4841995	0.618206	0.381794	2.656661
18594	-3407.571	-3572.653	165.0824	1.337809	2.617728	0.5509098	0.51949	0.48051	3.154733
18600	-3404.929	-3569.818	164.8891	1.307509	3.002124	0.5022988	0.550539	0.449461	3.231138
18606	-3407.344	-3572.735	165.3911	1.31958	2.775474	0.5325192	0.709207	0.290793	2.954616
18612	-3412.478	-3577.923	165.4444	1.283818	2.775474	0.4980169	0.588297	0.411703	2.977643
18618	-3415.311	-3579.184	163.8725	1.202306	3.603031	0.5083693	0.59666	0.40334	3.742084
18624	-3420.023	-3584.892	164.8688	1.287841	2.476586	0.5083693	0.656357	0.343643	3.390544
18630	-3405.906	-3571.234	165.3288	1.414517	3.056803	0.5083693	0.626639	0.373361	2.884527
18636	-3418.08	-3584.189	166.109	1.338912	3.146314	0.4907416	0.746417	0.253583	2.445822
18642	-3421.677	-3586.313	164.6364	1.327606	3.146314	0.4907416	0.81736	0.18264	3.344195
18648	-3417.628	-3581.715	164.0869	1.160608	3.173945	0.3650371	0.563475	0.436525	3.888362
18654	-3410.322	-3574.542	164.2198	1.135175	3.173945	0.335605	0.703872	0.296128	3.862214
18660	-3413.456	-3577.937	164.4807	1.170893	2.979832	0.6098292	0.44827	0.55173	3.45993
18666	-3428.26	-3592.566	164.3061	1.224788	2.979832	0.4982136	0.753623	0.246377	3.63034
18672	-3412.53	-3577.736	165.2057	1.283753	2.812438	0.3731753	0.660824	0.339176	3.245785
18678	-3423.463	-3589.262	165.7989	1.445381	2.812438	0.4471915	0.569899	0.430101	2.707476
18684	-3423.525	-3590.537	167.0123	1.736365	3.027904	0.4322108	0.631429	0.368571	1.684875
18690	-3410.896	-3577.667	166.771	1.720218	3.027904	0.4378495	0.736927	0.263073	1.857151
18696	-3407.827	-3574.578	166.7512	1.589683	3.044675	0.4378495	0.654419	0.345581	1.954276
18702	-3407.407	-3574.409	167.0014	1.759511	3.158813	0.4755046	0.621209	0.378791	1.581736
18708	-3413.072	-3579.637	166.5653	1.653884	2.834767	0.4755046	0.621209	0.378791	2.05159
18714	-3414.144	-3580.305	166.1615	1.457082	2.834767	0.4414738	0.701417	0.298583	2.475716
18720	-3425.553	-3591.39	165.8365	1.449317	3.569819	0.37965	0.653629	0.346371	2.570932
18726	-3410.368	-3576.432	166.0646	1.4393	3.078625	0.6023525	0.583072	0.416928	2.318109
18732	-3412.675	-3578.051	165.3764	1.36421	3.066866	0.3985102	0.633525	0.366475	3.001019
18738	-3420.461	-3585.625	165.1637	1.303175	3.846454	0.4869471	0.627251	0.372749	2.891435
18744	-3432.698	-3598.54	165.8423	1.48597	3.846454	0.4869471	0.728837	0.271163	2.358989
18750	-3408.885	-3574.349	165.4642	1.337975	2.522085	0.5773493	0.544829	0.455171	2.929668
18756	-3423.286	-3588.675	165.3895	1.434536	2.522085	0.6078218	0.508973	0.491027	2.889474
18762	-3415.101	-3581.044	165.9421	1.33225	2.522085	0.5037392	0.508973	0.491027	2.712797
18768	-3424.448	-3589.699	165.2503	1.399854	2.593395	0.5488551	0.563896	0.436104	3.026396
18774	-3427.902	-3593.108	165.2065	1.216185	2.5078	0.5681249	0.637011	0.362989	3.169128
18780	-3417.357	-3581.683	164.3257	1.25606	3.363119	0.4690394	0.655116	0.344884	3.538899
18786	-3418.378	-3583.903	165.525	1.423325	2.791079	0.5388283	0.72689	0.27311	2.800516
18792	-3417.007	-3582.439	165.4313	1.456062	3.589615	0.4880125	0.529829	0.470171	2.690073
18798	-3410.655	-3576.228	165.5736	1.443776	3.302934	0.4817482	0.646359	0.353641	2.683658
18804	-3416.551	-3582.857	166.3053	1.449081	3.035771	0.4704691	0.687916	0.312084	2.302521
18810	-3419.378	-3585.333	165.9543	1.409884	3.035771	0.3994959	0.667712	0.332288	2.628522
18816	-3419.852	-3585.665	165.813	1.456382	3.09898	0.5074808	0.536718	0.463282	2.552234
18822	-3416.393	-3582.724	166.3318	1.408392	2.205334	0.5074808	0.617882	0.382118	2.521812
18828	-3432.228	-3597.95	165.7218	1.408392	3.188132	0.5368976	0.723188	0.276812	2.586746
18834	-3430.202	-3596.541	166.3395	1.518288	3.061992	0.382815	0.704797	0.295203	2.332894
18840	-3432.774	-3599.159	166.3854	1.479906	2.790766	0.382815	0.664629	0.335371	2.402674
18846	-3436.095	-3602.134	166.0389	1.422222	2.790766	0.382815	0.664629	0.335371	2.654654
18852	-3441.085	-3607.383	166.2981	1.548009	2.790766	0.382815	0.626721	0.373279	2.414811
18858	-3428.47	-3595.38	166.9101	1.555266	2.892377	0.3757019	0.711203	0.288797	1.993961
18864	-3431.157	-3598.438	167.2816	1.820567	3.386839	0.3759456	0.54599	0.45401	1.395473
18870	-3407.243	-3574.487	167.2435	1.820567	3.386839	0.3790183	0.623117	0.376883	1.420255
18876	-3412.227	-3579.827	167.5997	1.882017	2.357192	0.3790183	0.699174	0.300826	1.450042
18882	-3408.426	-3575.674	167.2478	1.662098	3.520344	0.4364932	0.558604	0.441396	1.415665
18888	-3420.069	-3587.439	167.3699	1.680585	3.015561	0.4364932	0.709367	0.290633	1.461593
18894	-3410.829	-3577.787	166.9578	1.72058	3.348756	0.5200367	0.619902	0.380098	1.532395
18900	-3409.309	-3576.668	167.3586	1.733119	2.627021	0.5200367	0.506171	0.493829	1.453776
18906	-3407.434	-3574.592	167.1577	1.81375	3.445489	0.4525488	0.506171	0.493829	1.367181
18912	-3420.128	-3587.23	167.1027	1.803549	2.359322	0.8338321	0.572524	0.427476	1.372184
18918	-3413.462	-3580.904	167.4427	1.779485	3.192567	0.4720005	0.588089	0.411911	1.215634
18924	-3421.952	-3589.582	167.6306	1.779485	3.192567	0.3695744	0.669887	0.330113	1.218452
18930	-3424.442	-3592.151	167.7085	1.918232	2.50436	0.3725963	0.631957	0.368043	1.287631
18936	-3418.937	-3586.302	167.3658	1.918232	2.516266	0.5967885	0.634	0.366	1.249937
18942	-3418.853	-3586.491	167.6376	1.895576	2.646187	0.3643143	0.634	0.366	1.321929
18948	-3416.298	-3583.908	167.6098	1.892341	2.831954	0.4291085	0.546069	0.453931	1.171828
18954	-3415.635	-3582.983	167.3483	1.826832	3.462968	0.4291085	0.730015	0.269985	1.230503
18960	-3417.684	-3585.165	167.4808	1.950576	3.462968	0.3411299	0.589134	0.410866	1.160097
18966	-3406.042	-3573.569	167.5273	1.979764	3.462968	0.3411299	0.675147	0.324853	1.091946
18972	-3410.196	-3577.638	167.4419	1.801749	3.462968	0.3576304	0.60915	0.39085	1.28937
18978	-3403.137	-3570.142	167.0059	1.877026	3.462968	0.552587	0.60915	0.39085	1.300606
18984	-3401.873	-3569.367	167.4941	1.761195	2.877575	0.470364	0.620287	0.379713	1.300606
18990	-3410.77	-3577.976	167.2059	1.843571	2.932251	0.5066663	0.542764	0.457236	1.396759
18996	-3420.755	-3587.8	167.0445	1.740815	2.932251	0.5066663	0.606065	0.393935	1.595296
19002	-3419.93	-3586.948	167.0184	1.57896	2.233541	0.5066663	0.569401	0.430599	1.960355
19008	-3423.16	-3590.417	167.2572	1.666755	2.233541	0.5066663	0.644019	0.355981	1.736392
19014	-3418.721	-3585.432	166.7105	1.666755	3.714648	0.4500525	0.601351	0.398649	1.736392
19020	-3405.101	-3571.95	166.8488	1.542462	3.432728	0.5027177	0.62642	0.37358	1.736392
19026	-3410.766	-3577.58	166.8143	1.708233	3.432728	0.3669198	0.59532	0.40468	1.817837
19032	-3421.662	-3587.247	165.5852	1.489067	3.432728	0.6289606	0.59532	0.40468	2.476497
19038	-3420.074	-3585.906	165.8322	1.485859	3.271298	0.5608037	0.59532	0.40468	2.425419
19044	-3419.359	-3585.206	165.8468	1.440857	4.132678	0.441361	0.738223	0.261777	2.373787
19050	-3421.345	-3587.386	166.0408	1.412019	2.589571	0.3752916	0.555167	0.444833	2.726296
19056	-3409.056	-3574.9	165.8447	1.320944	2.589571	0.4185059	0.595991	0.404009	2.850208
19062	-3410.377	-3576.861	166.4843	1.457313	3.020735	0.4212947	0.632702	0.367298	2.243074
19068	-3419.283	-3585.46	166.1765	1.501982	3.452272	0.4212947	0.736599	0.263401	2.301042
19074	-3413.042	-3579.208	166.1662	1.463827	3.452272	0.4478912	0.504049	0.495951	2.301042
19080	-3407.7	-3574.377	166.6769	1.566012	3.09161	0.3545339	0.504049	0.495951	2.113595
19086	-3415.539	-3581.502	165.963	1.456175	3.549845	0.7112197	0.567305	0.432695	2.15789
19092	-3415.454	-3581.78	166.3259	1.382439	3.549845	0.4385427	0.567305	0.432695	2.238093
19098	-3417.579	-3584.2	166.621	1.382439	3.013874	0.4258576	0.567033	0.432967	2.199568
19104	-3414.754	-3580.314	165.5609	1.27404	4.03005	0.4383535	0.461865	0.538135	2.680659
19110	-3423.521	-3587.895	164.3732	1.22611	3.966626	0.4383535	0.64752	0.35248	3.432804
19116	-3420.78	-3586.306	165.5263	1.416042	4.096469	0.347266	0.677762	0.322238	2.710513
19122	-3426.735	-3591.677	164.9418	1.344545	4.118787	0.3384975	0.573903	0.426097	3.113496
19128	-3421.462	-3587.004	165.542	1.236213	3.563852	0.3821735	0.53014	0.46986	2.880113
19134	-3413.83	-3578.733	164.9035	1.21269	3.563852	0.3821735	0.658438	0.341562	3.275433
19140	-3414.544	-3579.283	164.7399	1.295681	3.324069	0.2514283	0.658438	0.341562	3.549556
19146	-3422.156	-3585.981	163.825	1.269072	4.191066	0.3612972	0.449039	0.550961	3.769445
19152	-3413.55	-3577.366	163.8167	1.111517	4.067555	0.4254289	0.515753	0.484247	3.816217
19158	-3407.633	-3571.955	164.3228	1.214773	2.663191	0.4254289	0.525536	0.474464	3.781809
19164	-3419.173	-3583.988	164.8149	1.225173	2.46338	0.4630053	0.572746	0.427254	3.507341
19170	-3422.188	-3587.136	164.9477	1.22386	2.436515	0.4630053	0.618573	0.381427	3.4384
19176	-3422.041	-3586.254	164.2134	1.250486	2.786343	0.4083303	0.593503	0.406497	3.810143
19182	-3422.91	-3586.51	163.5997	1.134675	3.073181	0.4083303	0.695224	0.304776	4.156219
19188	-3416.129	-3581.098	164.9687	1.301283	2.89615	0.494422	0.681177	0.318823	3.222457
19194	-3414.715	-3580.465	165.75	1.398	2.459975	0.4242115	0.654515	0.345485	2.892757
19200	-3409.362	-3574.23	164.8683	1.178055	3.552807	0.4284704	0.683058	0.316942	3.266846
19206	-3403.503	-3569.542	166.0392	1.398948	2.962277	0.4327871	0.587159	0.412841	2.563395
19212	-3408.6	-3574.688	166.0877	1.396452	2.962277	0.4380811	0.557972	0.442028	2.528751
19218	-3403.887	-3568.805	164.9183	1.305184	3.172332	0.5769338	0.556306	0.443694	3.103679
19224	-3412.163	-3576.234	164.0717	1.353421	2.786932	0.4489922	0.556306	0.443694	3.789267
19230	-3419.685	-3584.994	165.3087	1.307385	2.822698	0.3316276	0.519102	0.480898	3.219767
19236	-3400.097	-3565.966	165.8689	1.390949	4.008646	0.3316276	0.592647	0.407353	2.553346
19242	-3419.075	-3585.434	166.3588	1.583117	3.266559	0.3953056	0.554802	0.445198	2.209827
19248	-3412.557	-3578.713	166.1559	1.54628	3.334434	0.3988358	0.626823	0.373177	2.341977
19254	-3410.259	-3576.986	166.7266	1.470666	2.945964	0.4731357	0.64648	0.35352	2.036587
19260	-3427.069	-3592.863	165.7947	1.454596	2.812244	0.4543657	0.48206	0.51794	2.696642
19266	-3410.442	-3577.081	166.639	1.453425	2.812244	0.4692694	0.629377	0.370623	2.148439
19272	-3415.583	-3582.129	166.5467	1.49508	2.812244	0.5179687	0.708842	0.291158	2.128429
19278	-3414.522	-3580.262	165.7401	1.276232	2.999092	0.3650865	0.708842	0.291158	2.892207
19284	-3418.674	-3583.891	165.2167	1.400926	3.569544	0.425382	0.679195	0.320805	2.925822
19290	-3436.053	-3599.831	163.7775	1.341381	3.355671	0.4466389	0.532528	0.467472	3.831164
19296	-3438.576	-3604.067	165.4903	1.452812	3.339884	0.4806747	0.649166	0.350834	2.721457
19302	-3424.839	-3591.644	166.8044	1.48517	2.124431	0.4381313	0.647775	0.352225	2.278276
19308	-3431.306	-3598.51	167.2037	1.582252	2.124431	0.3047213	0.561869	0.438131	2.133055
19314	-3432.305	-3598.494	166.1888	1.473972	2.6033	0.4675596	0.656704	0.343296	2.485898
19320	-3417.901	-3583.636	165.736	1.411726	2.578627	0.541019	0.577925	0.422075	2.737002
19326	-3419.495	-3585.605	166.1095	1.411726	2.499077	0.5860635	0.732947	0.267053	2.487521
19332	-3416.814	-3582.901	166.0869	1.48481	2.40396	0.5860635	0.71612	0.28388	2.485624
19338	-3414.764	-3581.012	166.2482	1.48481	2.764283	0.5673293	0.606197	0.393803	2.292089
19344	-3407.195	-3573.482	166.2869	1.605736	2.764283	0.5673293	0.606197	0.393803	2.189343
19350	-3429.134	-3595.206	166.0726	1.514721	2.289569	0.6918132	0.524887	0.475113	2.420539
19356	-3430.622	-3597.047	166.4251	1.411451	2.805679	0.5638135	0.598984	0.401016	2.21701
19362	-3427.382	-3593.458	166.0761	1.432207	2.881957	0.5638135	0.598984	0.401016	2.404877
19368	-3423.529	-3588.685	165.156	1.397057	3.459129	0.6134253	0.49016	0.50984	2.805491
19374	-3410.217	-3575.949	165.732	1.482576	3.489773	0.4232888	0.683514	0.316486	2.581595
19380	-3408.623	-3575.061	166.4382	1.484955	3.489773	0.4435861	0.488442	0.511558	2.107259
19386	-3402.868	-3569.508	166.6401	1.614611	3.489773	0.4094455	0.690752	0.309248	1.928728
19392	-3419.969	-3586.632	166.6632	1.403512	3.489773	0.3847028	0.748199	0.251801	2.085852
19398	-3416.04	-3582.646	166.6064	1.454583	2.477973	0.4917453	0.720856	0.279144	2.245824
19404	-3419.193	-3585.703	166.5099	1.566045	2.825461	0.3929636	0.767273	0.232727	2.245824
19410	-3423.408	-3588.958	165.5501	1.317606	2.734701	0.3929636	0.573912	0.426088	3.018268
19416	-3418.11	-3582.155	164.0449	1.115317	2.751093	0.5127619	0.562031	0.437969	3.888548
19422	-3419.858	-3585.267	165.4092	1.323023	2.765753	0.5358223	0.561639	0.438361	2.941175
19428	-3416.853	-3583.257	166.4038	1.478315	2.765753	0.5358223	0.529976	0.470024	2.227163
19434	-3416.506	-3583.087	166.5805	1.535142	2.577267	0.5358223	0.53425	0.46575	2.132698
19440	-3423.949	-3589.869	165.9205	1.428223	5.167283	0.4761997	0.602571	0.397429	2.096018
19446	-3411.63	-3576.978	165.3478	1.306505	4.584273	0.4761997	0.559022	0.440978	2.642626
19452	-3420.223	-3585.54	165.3171	1.306505	3.633458	0.3733649	0.716076	0.283924	2.968602
19458	-3413.926	-3579.008	165.083	1.371961	3.162133	0.3744567	0.681476	0.318524	3.17633
19464	-3411.359	-3576.582	165.2233	1.37517	3.224058	0.4520285	0.738947	0.261053	2.988312
19470	-3407.51	-3572.616	165.1063	1.255862	2.848901	0.4520285	0.609914	0.390086	3.223301
19476	-3404.11	-3569.82	165.7099	1.261795	2.801844	0.4005752	0.692622	0.307378	2.928631
19482	-3407.417	-3573.825	166.4081	1.437122	3.107441	0.4005752	0.692622	0.307378	2.306745
19488	-3405.396	-3571.885	166.4888	1.374054	3.057049	0.4520808	0.692622	0.307378	2.247895
19494	-3406.126	-3573.005	166.8794	1.536456	2.63342	0.4267241	0.672729	0.327271	2.039815
19500	-3406.044	-3571.764	165.7194	1.357014	2.599098	0.4267241	0.672729	0.327271	2.892262
19506	-3409.574	-3575.436	165.862	1.410702	2.509677	0.4442411	0.684909	0.315091	2.779965
19512	-3404.822	-3570.628	165.8062	1.469649	3.40005	0.4260426	0.684909	0.315091	2.56155
19518	-3411.788	-3577.865	166.0764	1.359294	2.779781	0.469654	0.66138	0.33862	2.574152
19524	-3405.345	-3571.75	166.4056	1.515616	2.327112	0.4558059	0.725786	0.274214	2.422746
19530	-3406.465	-3572.731	166.2658	1.401142	3.269244	0.4558059	0.743152	0.256848	2.313804
19536	-3415.764	-3582.118	166.3537	1.393141	3.424816	0.4558059	0.743152	0.256848	2.223727
19542	-3417.304	-3583.345	166.0409	1.431025	3.424816	0.3123838	0.618578	0.381422	2.578034
19548	-3421.814	-3588.259	166.4454	1.524961	2.576201	0.3682578	0.634349	0.365651	2.41778
19554	-3421.064	-3587.33	166.2663	1.406863	2.298193	0.4881535	0.65485	0.34515	2.552625
19560	-3429.935	-3596.881	166.9452	1.653883	3.150696	0.5179593	0.542725	0.457275	1.650191
19566	-3407.641	-3574.002	166.3608	1.505353	3.359639	0.5179593	0.625786	0.374214	2.094283
19572	-3405.22	-3571.439	166.2184	1.452364	3.359639	0.4846869	0.625786	0.374214	2.256793
19578	-3411.622	-3576.799	165.1765	1.365851	3.359639	0.4846869	0.548215	0.451785	2.955937
19584	-3415.716	-3581.419	165.7031	1.427383	2.781623	0.3379473	0.564623	0.435377	2.915247
19590	-3409.133	-3574.859	165.7261	1.252531	2.848723	0.3976444	0.664299	0.335701	2.915247
19596	-3416.296	-3581.49	165.1941	1.239754	2.687773	0.536268	0.541411	0.458589	3.140663
19602	-3421.587	-3586.65	165.0625	1.239754	2.687773	0.5120749	0.585072	0.414928	3.241639
19608	-3413.923	-3579.15	165.2268	1.25171	3.169728	0.4717426	0.591859	0.408141	3.052673
19614	-3413.807	-3578.194	164.3869	1.193422	3.169728	0.4396293	0.604349	0.395651	3.614588
19620	-3422.038	-3585.736	163.6983	1.109519	2.884708	0.450338	0.585706	0.414294	4.116402
19626	-3411.833	-3575.217	163.3843	1.169373	3.495739	0.4540085	0.709591	0.290409	4.116402
19632	-3414.381	-3578.848	164.4667	1.199675	3.003041	0.3779798	0.631439	0.368561	3.672764
19638	-3412.858	-3577.519	164.6611	1.20806	2.714301	0.4002559	0.691668	0.308332	3.603802
19644	-3415.009	-3580.144	165.1356	1.304193	3.944221	0.4002559	0.67888	0.32112	2.98145
19650	-3415.366	-3580.73	165.3647	1.360032	3.415163	0.4503903	0.67888	0.32112	2.868769
19656	-3418.254	-3583.311	165.0563	1.244569	3.627581	0.281332	0.608098	0.391902	3.283025
19662	-3430.729	-3595.843	165.1134	1.363669	3.083871	0.5404037	0.605895	0.394105	3.007197
19668	-3424.862	-3590.415	165.5528	1.360117	2.870541	0.5085423	0.661609	0.338391	2.829991
19674	-3417.126	-3582.34	165.2149	1.401411	2.361487	0.6353811	0.624985	0.375015	3.039324
19680	-3424.447	-3590.587	166.1408	1.408902	2.860553	0.5046702	0.645221	0.354779	2.443557
19686	-3411.566	-3576.655	165.0889	1.323106	2.860553	0.5046702	0.615866	0.384134	3.137404
19692	-3414.767	-3580.739	165.9716	1.487986	2.857472	0.5850869	0.608461	0.391539	2.422297
19698	-3419.378	-3585.34	165.9617	1.462266	3.077488	0.5850869	0.741833	0.258167	2.385203
19704	-3411.556	-3577.858	166.3019	1.597932	3.475273	0.4537186	0.696055	0.303945	2.114269
19710	-3415.245	-3581.35	166.1049	1.525623	2.517141	0.661564	0.52782	0.47218	2.345669
19716	-3418.565	-3584.2	165.6351	1.486077	2.517141	0.685278	0.52782	0.47218	2.644387
19722	-3425.44	-3589.628	164.1883	1.292591	3.461102	0.4505553	0.53355	0.46645	3.59458
19728	-3411.521	-3575.591	164.0707	1.094209	3.049244	0.3654656	0.535725	0.464275	3.964657
19734	-3417.887	-3583.215	165.3287	1.265472	2.769266	0.3945663	0.61584	0.38416	3.170185
19740	-3414.555	-3580.03	165.475	1.396691	3.061738	0.3927936	0.586289	0.413711	2.930157
19746	-3415.647	-3582.37	166.7224	1.44496	3.061738	0.4026367	0.586289	0.413711	2.108141
19752	-3408.369	-3574.687	166.3183	1.54815	3.061738	0.5815569	0.489769	0.510231	2.108141
19758	-3418.999	-3585.952	166.9537	1.647974	3.122308	0.537805	0.60449	0.39551	1.634038
19764	-3407.039	-3573.382	166.3437	1.68275	3.122308	0.7183057	0.645658	0.354342	1.858521
19770	-3413.436	-3580.503	167.0671	1.65668	3.122308	0.3959906	0.678991	0.321009	1.722897
19776	-3409.464	-3576.309	166.8452	1.580454	3.122308	0.3959906	0.555319	0.444681	1.928288
19782	-3413.711	-3580.525	166.814	1.580454	2.738795	0.3656665	0.662792	0.337208	2.099821
19788	-3415.428	-3581.768	166.34	1.562114	4.249771	0.5772748	0.650105	0.349895	1.797203
19794	-3420.921	-3586.866	165.9447	1.349072	3.14859	0.5362886	0.622243	0.377757	2.495473
19800	-3414.293	-3580.696	166.4027	1.521426	2.694658	0.4965849	0.639541	0.360459	2.261919
19806	-3417.15	-3583.713	166.5634	1.459639	2.681176	0.5581154	0.639541	0.360459	2.138494
19812	-3414.462	-3580.784	166.3216	1.486707	2.967533	0.5581154	0.574834	0.425166	2.195015
19818	-3429.35	-3594.814	165.4641	1.376677	4.235651	0.3416372	0.580749	0.419251	2.752277
19824	-3419.876	-3585.439	165.563	1.37749	3.481934	0.336752	0.729213	0.270787	2.857344
19830	-3426.216	-3592.67	166.4535	1.546425	2.725121	0.3812988	0.638206	0.361794	2.338169
19836	-3423.886	-3590.557	166.6712	1.558823	2.725121	0.3846156	0.602012	0.397988	2.186271
19842	-3419.268	-3584.56	165.2918	1.363166	3.376633	0.415828	0.660333	0.339667	2.957938
19848	-3412.946	-3580.227	167.2805	1.585189	2.814914	0.415828	0.674988	0.325012	1.688958
19854	-3411.487	-3577.29	165.8032	1.456777	3.30041	0.415828	0.629743	0.370257	2.607184
19860	-3426.494	-3592.237	165.7434	1.45214	3.396932	0.415828	0.537573	0.462427	2.623839
19866	-3426.942	-3591.82	164.8787	1.084371	3.396932	0.415828	0.663288	0.336712	3.364331
19872	-3430.818	-3595.747	164.9286	1.259832	2.757206	0.3893618	0.67026	0.32974	3.418588
19878	-3434.337	-3599.188	164.8503	1.299624	3.848138	0.3893618	0.598212	0.401788	3.186857
19884	-3411.566	-3577.03	165.4641	1.383871	2.762666	0.5183431	0.537203	0.462797	2.888936
19890	-3411.053	-3575.792	164.7393	1.20568	2.639082	0.341067	0.640314	0.359686	3.649881
19896	-3410.515	-3574.956	164.4411	1.156159	2.895155	0.4609183	0.558521	0.441479	3.649881
19902	-3402.824	-3568.559	165.7348	1.359385	2.895155	0.3836834	0.577417	0.422583	2.849504
19908	-3404.737	-3570.16	165.4223	1.336117	3.173683	0.5050579	0.640695	0.359305	2.849504
19914	-3405.643	-3571.222	165.5794	1.345656	2.795274	0.5019664	0.585543	0.414457	2.849504
19920	-3407.372	-3573.29	165.9177	1.35368	3.200627	0.37827	0.557337	0.442663	2.669547
19926	-3415.284	-3581.294	166.0108	1.360886	2.75267	0.37827	0.680135	0.319865	2.725731
19932	-3410.435	-3575.84	165.4054	1.252785	3.738247	0.3450836	0.680135	0.319865	2.960346
19938	-3424.458	-3590.096	165.6378	1.269326	3.728799	0.3416242	0.580046	0.419954	2.816364
19944	-3412.917	-3578.44	165.5222	1.290812	3.06513	0.3730474	0.68709	0.31291	2.988191
19950	-3408.315	-3573.882	165.568	1.261617	3.06513	0.3730474	0.616089	0.383911	2.978227
19956	-3408.101	-3574.827	166.726	1.467121	3.163659	0.3625724	0.600541	0.399459	2.115879
19962	-3410.586	-3575.314	164.7286	1.391587	2.997445	0.5971689	0.652948	0.347052	3.190523
19968	-3427.816	-3593.135	165.3194	1.412356	2.885502	0.5880531	0.544201	0.455799	2.861107
19974	-3412.419	-3578.059	165.6397	1.478899	3.163776	0.4914408	0.643856	0.356144	2.645557
19980	-3405.032	-3570.284	165.2516	1.204705	4.104165	0.3423645	0.658537	0.341463	3.009854
19986	-3414.19	-3578.514	164.3241	1.230128	4.104165	0.3742393	0.658537	0.341463	3.503816
19992	-3419.878	-3584.195	164.3173	1.146768	3.750433	0.3742393	0.66478	0.33522	3.626595
19998	-3416.123	-3579.666	163.5422	1.111969	3.750433	0.3469071	0.695746	0.304254	4.124034
20004	-3412.943	-3576.806	163.8629	1.113672	2.922462	0.4053828	0.701797	0.298203	4.058041
20010	-3427.465	-3592.353	164.8884	1.25197	3.037757	0.471199	0.606437	0.393563	3.286374
20016	-3419.988	-3584.629	164.6403	1.150277	3.32751	0.3097374	0.606437	0.393563	3.608638
20022	-3423.55	-3588.761	165.2115	1.336215	3.32751	0.3821959	0.594783	0.405217	3.072591
20028	-3427.359	-3591.1	163.7408	1.280037	3.359326	0.3461734	0.583299	0.416701	3.99854
20034	-3422.482	-3586.665	164.1827	1.120598	3.47624	0.4004012	0.643779	0.356221	3.747779
20040	-3425.059	-3589.982	164.9222	1.326387	3.370492	0.4004012	0.617198	0.382802	3.219313
20046	-3424.51	-3590.25	165.7399	1.446934	3.38717	0.475874	0.632261	0.367739	2.564934
20052	-3413.008	-3578.637	165.6292	1.437756	3.02492	0.475874	0.631227	0.368773	2.728832
20058	-3422.204	-3588.264	166.0597	1.46427	3.483774	0.4496607	0.649007	0.350993	2.358983
20064	-3418.135	-3584.058	165.9236	1.322374	3.483774	0.3527303	0.618821	0.381179	2.649512
20070	-3415.476	-3581.208	165.7324	1.413723	3.483774	0.4752824	0.706699	0.293301	2.567967
20076	-3424.927	-3591.261	166.3336	1.413723	2.396267	0.4873268	0.740963	0.259037	2.475567
20082	-3422.022	-3587.906	165.884	1.376953	2.653852	0.4873268	0.658483	0.341517	2.699083
20088	-3424.104	-3590.634	166.5302	1.453438	2.547319	0.3569201	0.689059	0.310941	2.432889
20094	-3424.558	-3591.063	166.5049	1.52315	2.774027	0.3569201	0.698383	0.301617	2.337711
20100	-3414.688	-3581.302	166.614	1.48224	3.104013	0.4983105	0.683071	0.316929	2.031166
20106	-3408.882	-3575.331	166.4497	1.478289	2.499449	0.4168638	0.652008	0.347992	2.408136
20112	-3418.972	-3585.856	166.884	1.529486	2.396859	0.4168638	0.652008	0.347992	2.129612
20118	-3417.914	-3584.221	166.3068	1.540451	2.396859	0.5541782	0.57331	0.42669	2.344511
20124	-3415.256	-3581.864	166.6079	1.509425	2.396859	0.3833639	0.711437	0.288563	2.361687
20130	-3410.783	-3577.752	166.9692	1.529122	2.725408	0.3833639	0.610408	0.389592	2.011645
20136	-3421.021	-3587.464	166.4432	1.379757	3.07892	0.3833639	0.62715	0.37285	2.349855
20142	-3406.611	-3572.619	166.0078	1.420918	3.07892	0.3703193	0.593133	0.406867	2.613157
20148	-3412.552	-3578.24	165.6879	1.393256	3.432262	0.4227898	0.668201	0.331799	2.677975
20154	-3417.807	-3585.247	167.4399	1.639833	2.113423	0.4104244	0.595965	0.404035	1.791893
20160	-3396.265	-3563.294	167.0295	1.690154	3.16432	0.4104244	0.669694	0.330306	1.694149
20166	-3409.397	-3576.225	166.8275	1.654535	4.005843	0.4577174	0.669694	0.330306	1.579369
20172	-3410.806	-3578.095	167.2885	1.683282	2.83064	0.4957408	0.68426	0.31574	1.503839
20178	-3404.981	-3571.86	166.8792	1.683282	3.238864	0.4191986	0.683566	0.316434	1.771879
20184	-3412.737	-3579.73	166.993	1.68631	3.117348	0.435098	0.540832	0.459168	1.703893
20190	-3408.088	-3575.333	167.2458	1.618796	3.129935	0.3983502	0.574363	0.425637	1.616909
20196	-3415.702	-3582.801	167.0981	1.795449	3.021498	0.4067898	0.713073	0.286927	1.616909
20202	-3414.954	-3582.356	167.402	1.803661	3.086643	0.4067898	0.653287	0.346713	1.361114
20208	-3413.883	-3581.397	167.514	1.76736	2.801847	0.4067898	0.649414	0.350586	1.398154
20214	-3430.213	-3595.401	165.1871	1.33521	4.011408	0.4872334	0.619147	0.380853	2.823391
20220	-3431.685	-3596.152	164.4668	1.259819	3.549077	0.4501986	0.686967	0.313033	3.432476
20226	-3427.399	-3592.37	164.9719	1.273295	3.307826	0.374918	0.702191	0.297809	3.265434
20232	-3430.239	-3595.769	165.5299	1.322047	3.307826	0.454672	0.544255	0.455745	2.812247
20238	-3424.728	-3590.458	165.7294	1.444211	3.466522	0.3120549	0.768165	0.231835	2.752327
20244	-3422.02	-3587.842	165.8225	1.435195	4.238421	0.3436504	0.768165	0.231835	2.491465
20250	-3417.264	-3583.293	166.029	1.340405	3.501568	0.4154845	0.761094	0.238906	2.491465
20256	-3418.362	-3584.917	166.5552	1.510134	2.505678	0.403196	0.635799	0.364201	2.33561
20262	-3403.402	-3569.951	166.5486	1.490586	2.994324	0.403196	0.559428	0.440572	2.209418
20268	-3419.926	-3584.894	164.9688	1.296032	2.728118	0.3762026	0.711946	0.288054	3.396917
20274	-3437.609	-3602.748	165.1387	1.146468	2.558234	0.3596643	0.636494	0.363506	3.451508
20280	-3428.954	-3594.816	165.8618	1.411485	2.558234	0.3936948	0.612657	0.387343	2.822739
20286	-3416.016	-3580.927	164.9113	1.264893	3.168922	0.4263823	0.653561	0.346439	3.280387
20292	-3430.102	-3595.689	165.5873	1.190549	2.742231	0.4068454	0.62282	0.37718	3.053993
20298	-3427.64	-3593.261	165.6211	1.352507	2.742231	0.4591695	0.503158	0.496842	2.878738
20304	-3411.189	-3576.794	165.6048	1.336742	2.742231	0.5123424	0.503158	0.496842	2.843777
20310	-3406.204	-3570.212	164.0081	1.057587	2.742231	0.6259362	0.612529	0.387471	3.846906
20316	-3414.609	-3578.339	163.7299	1.047275	2.782305	0.4736731	0.683792	0.316208	4.136531
20322	-3417.019	-3581.352	164.333	1.170818	3.638244	0.3934879	0.619816	0.380184	3.604755
20328	-3417.857	-3582.222	164.3651	1.114975	4.09618	0.3201193	0.719684	0.280316	3.615271
20334	-3412.344	-3577.929	165.5856	1.235443	4.09618	0.3554015	0.624755	0.375245	2.774291
20340	-3417.004	-3582.245	165.2414	1.235443	2.537693	0.3554015	0.631724	0.368276	3.350168
20346	-3423.407	-3588.393	164.9858	1.358854	3.561796	0.5928522	0.701788	0.298212	2.926469
20352	-3421.58	-3585.963	164.383	1.178266	3.352286	0.4437732	0.545498	0.454502	3.579165
20358	-3424.386	-3588.101	163.7156	1.061191	2.498612	0.4437732	0.639031	0.360969	4.242402
20364	-3401.769	-3566.529	164.7594	1.208709	3.258171	0.4151248	0.643873	0.356127	3.393999
20370	-3412.131	-3577.406	165.2743	1.300787	2.667569	0.5223879	0.665985	0.334015	3.075272
20376	-3411.213	-3575.509	164.2959	1.272063	4.140413	0.5845101	0.565449	0.434551	3.276953
20382	-3420.359	-3584.271	163.9121	1.326616	4.140413	0.5846578	0.664289	0.335711	3.470111
20388	-3421.915	-3587.579	165.6631	1.407837	2.884175	0.3668018	0.656432	0.343568	2.887045
20394	-3428.694	-3594.845	166.151	1.472433	2.9841	0.4625972	0.756954	0.243046	2.408251
20400	-3416.519	-3582.731	166.212	1.472433	2.9841	0.4625972	0.756954	0.243046	2.369666
20406	-3414.87	-3581.775	166.9051	1.518852	2.70942	0.4446721	0.665971	0.334029	1.989155
20412	-3415.506	-3582.237	166.7308	1.560548	2.900962	0.4712036	0.715584	0.284416	1.989155
20418	-3400.09	-3566.897	166.807	1.497945	2.938131	0.4552295	0.728377	0.271623	1.987888
20424	-3413.965	-3580.41	166.4452	1.497945	2.938131	0.5053244	0.711556	0.288444	2.170001
20430	-3407.765	-3574.547	166.7818	1.509805	3.378652	0.3393385	0.644178	0.355822	2.027054
20436	-3414.881	-3581.562	166.6812	1.539509	3.422076	0.3508204	0.648139	0.351861	2.046799
20442	-3414.052	-3580.666	166.6139	1.521666	3.193207	0.511117	0.577617	0.422383	1.966555
20448	-3412.764	-3579.899	167.1344	1.521666	3.186389	0.3967308	0.703802	0.296198	1.751085
20454	-3422.571	-3588.811	166.2399	1.477599	3.172615	0.488234	0.575061	0.424939	2.270559
20460	-3415.322	-3581.743	166.4205	1.470967	3.172615	0.488234	0.583908	0.416092	2.158222
20466	-3424.9	-3591.638	166.7381	1.605851	2.668095	0.5758946	0.667625	0.332375	1.911567
20472	-3426.845	-3593.596	166.7513	1.43829	3.086634	0.3841462	0.719444	0.280556	2.110435
20478	-3403.504	-3569.778	166.2742	1.503845	3.364308	0.4534253	0.568917	0.431083	2.221329
20484	-3407.2	-3573.834	166.6341	1.524349	3.255802	0.4281417	0.691585	0.308415	2.030296
20490	-3408.558	-3575.137	166.5787	1.597366	3.097656	0.3733178	0.643808	0.356192	2.130455
20496	-3408.779	-3575.093	166.3144	1.491088	3.635361	0.3733178	0.687305	0.312695	2.235578
20502	-3411.937	-3578.405	166.4687	1.515904	3.02301	0.4013638	0.590568	0.409432	2.239037
20508	-3411.493	-3576.906	165.4136	1.417844	3.02301	0.4553823	0.604469	0.395531	2.894219
20514	-3412.187	-3577.666	165.4794	1.34673	2.535809	0.4553823	0.519837	0.480163	3.03006
20520	-3421.043	-3586.423	165.3802	1.399383	3.665549	0.489016	0.519837	0.480163	2.738131
20526	-3430.903	-3597.127	166.2242	1.361364	3.117552	0.489016	0.519837	0.480163	2.368183
20532	-3433.934	-3598.761	164.8268	1.3011	4.746109	0.3760365	0.632416	0.367584	3.045419
20538	-3438.121	-3603.167	165.0456	1.267916	4.159487	0.3762595	0.689855	0.310145	3.042447
20544	-3419.43	-3583.304	163.8743	1.193022	3.819318	0.3492007	0.595947	0.404053	3.871297
20550	-3419.411	-3583.965	164.5541	1.252148	2.693906	0.3492007	0.56945	0.43055	3.705285
20556	-3422.048	-3587.03	164.9817	1.185451	3.969972	0.3492007	0.645118	0.354882	3.200253
20562	-3427.13	-3591.071	163.9411	1.117444	3.433475	0.3492007	0.611158	0.388842	3.95703
20568	-3423.337	-3587.553	164.2163	1.088792	3.592162	0.3046012	0.728283	0.271717	3.837947
20574	-3427.879	-3591.425	163.5455	1.107088	3.391415	0.3046012	0.725216	0.274784	4.253323
20580	-3425.132	-3590.406	165.2743	1.314314	3.523982	0.3046012	0.725216	0.274784	3.102467
20586	-3418.607	-3584.833	166.2262	1.31882	2.838457	0.4030843	0.64087	0.35913	2.565123
20592	-3417.633	-3583.682	166.0486	1.437253	2.483116	0.5423896	0.576343	0.423657	2.555876
20598	-3419.538	-3584.667	165.1297	1.278053	2.483116	0.5423896	0.525461	0.474539	3.208645
20604	-3423.011	-3587.89	164.8791	1.339451	2.690723	0.5423896	0.631269	0.368731	3.261753
20610	-3426.899	-3592.94	166.0402	1.508142	2.690723	0.674558	0.693988	0.306012	2.334248
20616	-3428.213	-3593.497	165.284	1.26624	2.855167	0.674558	0.648636	0.351364	2.905572
20622	-3431.009	-3596.666	165.657	1.360305	2.834659	0.5676965	0.577438	0.422562	2.71932
20628	-3413.178	-3578.124	164.9454	1.325304	3.0079	0.3690095	0.658203	0.341797	3.329528
20634	-3421.374	-3587.03	165.6557	1.313979	2.935296	0.3905092	0.569143	0.430857	2.906157
20640	-3410.573	-3576.06	165.4874	1.304211	2.935296	0.494782	0.661713	0.338287	2.900126
20646	-3417.182	-3582.131	164.9487	1.195418	2.935296	0.494782	0.661713	0.338287	3.286414
20652	-3415.329	-3582.044	166.715	1.479884	2.801724	0.3646443	0.559624	0.440376	2.212547
20658	-3431.365	-3597.659	166.294	1.533633	4.281145	0.3676496	0.732092	0.267908	2.085774
20664	-3406.053	-3572.925	166.872	1.57358	2.814252	0.3251496	0.611219	0.388781	2.100391
20670	-3406.247	-3573.114	166.8672	1.541202	3.321069	0.3373666	0.663976	0.336024	1.966931
20676	-3419.04	-3585.686	166.6461	1.57716	3.321069	0.3373666	0.650073	0.349927	2.08979
20682	-3401	-3567.952	166.9517	1.57716	3.321069	0.3737091	0.701829	0.298171	1.833686
20688	-3409.877	-3577.322	167.4448	1.59485	2.60745	0.3322566	0.717455	0.282545	1.75281
20694	-3408.625	-3575.474	166.8486	1.577941	3.369571	0.4458308	0.667534	0.332466	1.796775
20700	-3414.431	-3580.817	166.3854	1.474206	3.369571	0.4458308	0.711549	0.288451	2.175967
20706	-3409.096	-3574.908	165.8127	1.422637	3.369571	0.4600697	0.703107	0.296893	2.555998
20712	-3414.555	-3580.678	166.1233	1.438452	3.282949	0.4288697	0.683839	0.316161	2.407856
20718	-3416.134	-3582.041	165.9076	1.39724	2.996144	0.4694266	0.690202	0.309798	2.596702
20724	-3424.744	-3588.519	163.7752	1.191228	2.431912	0.4236081	0.451681	0.548319	4.17451
20730	-3408.289	-3572.297	164.0081	1.093523	2.939859	0.4526734	0.600467	0.399533	3.93256
20736	-3413.439	-3577.01	163.5706	1.08466	2.939859	0.4484319	0.600467	0.399533	4.191397
20742	-3407.079	-3572.037	164.9578	1.196592	2.925764	0.417977	0.600467	0.399533	3.362469
20748	-3412.87	-3579.356	166.486	1.427309	2.93068	0.417977	0.632274	0.367726	2.289856
20754	-3419.622	-3585.975	166.3532	1.424177	3.258653	0.417977	0.590638	0.409362	2.289856
20760	-3413.433	-3579.599	166.1662	1.452912	3.6618	0.3911736	0.642208	0.357792	2.326048
20766	-3416.32	-3582.827	166.5068	1.454747	3.6618	0.3493367	0.641974	0.358026	2.160398
20772	-3412.107	-3577.609	165.5024	1.343028	3.6618	0.4287098	0.707104	0.292896	2.763469
20778	-3410.758	-3575.442	164.684	1.282904	4.121977	0.3783448	0.603139	0.396861	3.253311
20784	-3416.756	-3581.597	164.8401	1.283474	3.269387	0.4586808	0.617862	0.382138	3.253311
20790	-3415.324	-3580.561	165.2368	1.324204	3.269387	0.4297504	0.617862	0.382138	3.024059
20796	-3420.559	-3583.542	162.9825	1.104383	3.218156	0.4876559	0.617862	0.382138	4.408969
20802	-3418.624	-3582.413	163.7894	1.033944	3.059147	0.4876559	0.771279	0.228721	4.028186
20808	-3412.38	-3576.769	164.3883	1.142733	2.873627	0.3659416	0.714141	0.285859	3.797227
20814	-3426.989	-3591.599	164.6105	1.1388	2.929053	0.4539383	0.61753	0.38247	3.560203
20820	-3431.156	-3596.651	165.4951	1.301864	2.929053	0.4539383	0.596768	0.403232	2.940826
20826	-3417.617	-3583.222	165.6051	1.32695	2.842826	0.3533901	0.596768	0.403232	2.998411
20832	-3409.685	-3575.307	165.6221	1.32695	2.842826	0.3533901	0.599035	0.400965	2.988194
20838	-3402.565	-3568.184	165.6187	1.435449	3.367593	0.3897609	0.739007	0.260993	2.748366
20844	-3409.158	-3573.834	164.6761	1.259787	2.529735	0.3897609	0.470838	0.529162	3.627608
20850	-3402.167	-3566.965	164.7974	1.248583	2.349042	0.4115563	0.58141	0.41859	3.591955
20856	-3400.704	-3565.443	164.7394	1.288212	3.455329	0.3440929	0.603714	0.396286	3.397525
20862	-3400.161	-3564.494	164.3328	1.282893	3.184154	0.4523432	0.537245	0.462755	3.577437
20868	-3420.143	-3584.65	164.5073	1.117137	3.068243	0.4523432	0.666341	0.333659	3.600013
20874	-3420.413	-3583.584	163.1706	1.149652	3.410828	0.3336113	0.597986	0.402014	4.40024
20880	-3432.878	-3596.839	163.9609	1.052724	4.486894	0.3746097	0.636563	0.363437	3.746384
20886	-3424.374	-3589.208	164.8338	1.053413	4.620185	0.3746097	0.636563	0.363437	3.212531
20892	-3406.697	-3571.691	164.994	1.15478	3.507865	0.5460004	0.636563	0.363437	3.098318
20898	-3413.755	-3578.645	164.8894	1.357842	2.940494	0.6338961	0.680046	0.319954	3.098318
20904	-3415.374	-3579.967	164.593	1.276484	4.130051	0.4884012	0.546659	0.453341	3.190199
20910	-3412.811	-3577.389	164.5773	1.415192	4.130051	0.5618623	0.536551	0.463449	3.047015
20916	-3410.746	-3573.681	162.935	1.164087	4.041516	0.5470595	0.587839	0.412161	4.177522
20922	-3416.586	-3580.191	163.6049	1.161742	2.998483	0.6729723	0.525913	0.474087	3.91666
20928	-3412.273	-3576.02	163.7468	1.099504	2.998483	0.6153706	0.645862	0.354138	3.91666
20934	-3409.075	-3573.568	164.4936	1.243983	2.686443	0.3858482	0.587173	0.412827	3.703796
20940	-3405.456	-3569.918	164.4612	1.121379	2.738054	0.3858482	0.646144	0.353856	3.779501
20946	-3407.815	-3571.595	163.7794	1.119488	3.540001	0.2964535	0.649739	0.350261	4.092276
20952	-3414.907	-3579.696	164.789	1.245903	3.328663	0.2932036	0.562906	0.437094	3.488511
20958	-3422.764	-3587.671	164.907	1.160072	3.282444	0.3212113	0.579417	0.420583	3.442794
20964	-3414.293	-3581.762	167.4687	1.726283	2.332358	0.4039139	0.546881	0.453119	1.635761
20970	-3407.345	-3574.438	167.0933	1.553725	2.713409	0.5603512	0.639033	0.360967	1.703706
20976	-3412.213	-3579.357	167.1437	1.715036	2.713409	0.5499629	0.639033	0.360967	1.562572
20982	-3399.405	-3566.271	166.866	1.561637	2.529666	0.5096391	0.708801	0.291199	1.969344
20988	-3416.563	-3583.89	167.3276	1.71886	2.582376	0.4607426	0.708801	0.291199	1.577577
20994	-3409.452	-3577.012	167.56	1.707422	2.37751	0.3625618	0.647849	0.352151	1.625917
21000	-3412.849	-3580.393	167.5443	1.749041	2.37751	0.4328017	0.57256	0.42744	1.506894
21006	-3416.328	-3583.755	167.4272	1.718509	2.37751	0.4095819	0.661496	0.338504	1.646714
21012	-3417.239	-3584.376	167.1362	1.701003	2.64092	0.4639403	0.596346	0.403654	1.704076
21018	-3418.505	-3585.546	167.0413	1.621491	2.64092	0.4088109	0.567034	0.432966	1.894308
21024	-3415.495	-3582.727	167.2318	1.61898	2.441337	0.3614095	0.567034	0.432966	1.896152
21030	-3412.927	-3579.192	166.2655	1.591073	2.862133	0.5344985	0.63762	0.36238	2.217202
21036	-3414.688	-3581.632	166.9438	1.541971	2.761978	0.3712132	0.64717	0.35283	2.025112
21042	-3414.806	-3581.996	167.1898	1.574545	2.761978	0.4750733	0.641395	0.358605	1.702455
21048	-3403.353	-3570.428	167.0743	1.651361	2.845769	0.4211766	0.641395	0.358605	1.770769
21054	-3408.891	-3576.299	167.4077	1.756688	2.940342	0.4211766	0.703737	0.296263	1.420507
21060	-3410.902	-3577.693	166.7916	1.722606	3.29023	0.3972214	0.720195	0.279805	1.820106
21066	-3417.557	-3584.58	167.0229	1.63184	3.29023	0.4808124	0.620527	0.379473	1.614038
21072	-3416.136	-3582.676	166.5407	1.719231	3.118826	0.6087973	0.643917	0.356083	1.800898
21078	-3409.126	-3575.862	166.7364	1.705137	3.306141	0.3610335	0.633706	0.366294	1.914843
21084	-3410.796	-3577.777	166.9815	1.516173	3.186017	0.3367626	0.590077	0.409923	1.94394
21090	-3409.682	-3576.511	166.8281	1.620036	3.186017	0.3667249	0.677257	0.322743	1.934901
21096	-3397.593	-3564.632	167.0394	1.56883	2.265282	0.4238642	0.557098	0.442902	2.037892
21102	-3423.783	-3589.21	165.4265	1.34102	3.648408	0.4576685	0.598019	0.401981	2.782197
21108	-3429.416	-3594.211	164.7954	1.199824	3.456075	0.3633551	0.634292	0.365708	3.392722
21114	-3421.909	-3588.99	167.0816	1.523591	2.617264	0.3466703	0.624462	0.375538	2.024164
21120	-3419.853	-3587.096	167.2436	1.616864	2.149875	0.3466703	0.722452	0.277548	2.013482
21126	-3412.224	-3579.23	167.0056	1.652151	2.503356	0.5820187	0.560423	0.439577	1.74352
21132	-3408.715	-3575.542	166.8271	1.612732	2.918348	0.5820187	0.653637	0.346363	1.76199
21138	-3415.267	-3582.601	167.3334	1.627706	2.156811	0.4893496	0.615048	0.384952	1.759758
21144	-3416.334	-3582.656	166.3222	1.457348	2.156811	0.4620805	0.584323	0.415677	2.561599
21150	-3417.445	-3583.315	165.8701	1.443421	2.595902	0.3980213	0.584323	0.415677	2.782171
21156	-3426.068	-3591.315	165.2471	1.38538	2.410251	0.5792103	0.738812	0.261188	3.063239
21162	-3423.113	-3588.278	165.1653	1.321174	2.465989	0.4909685	0.745215	0.254785	3.216284
21168	-3418.429	-3583.045	164.6161	1.317518	3.269224	0.48351	0.610945	0.389055	3.340118
21174	-3417.97	-3582.618	164.6484	1.221372	3.133823	0.48351	0.670817	0.329183	3.40964
21180	-3427.855	-3592.394	164.539	1.330746	3.133823	0.48351	0.572146	0.427854	3.40964
21186	-3438.335	-3602.887	164.5522	1.317548	3.133823	0.48351	0.600551	0.399449	3.40964
21192	-3430.55	-3595.104	164.5538	1.372506	3.133823	0.5045918	0.57482	0.42518	3.355837
21198	-3424.665	-3589.483	164.8178	1.229767	3.133823	0.479507	0.558889	0.441111	3.309167
21204	-3420.192	-3586.184	165.992	1.431321	3.133823	0.479507	0.687821	0.312179	2.476336
21210	-3421.686	-3587.308	165.6219	1.530958	3.650398	0.479507	0.687821	0.312179	2.52095
21216	-3408.712	-3575.636	166.9244	1.629426	3.650398	0.3875074	0.658985	0.341015	1.710767
21222	-3421.427	-3588.46	167.0333	1.637995	3.59579	0.34001	0.658985	0.341015	1.710767
21228	-3426.554	-3594.032	167.4778	1.890245	3.228255	0.34001	0.661509	0.338491	1.292736
21234	-3424.369	-3591.9	167.5307	1.867999	2.522026	0.423131	0.646709	0.353291	1.384739
21240	-3419.656	-3585.767	166.111	1.247783	2.702941	0.461455	0.67786	0.32214	2.652215
21246	-3425.999	-3592.069	166.0696	1.392736	2.687518	0.408077	0.714544	0.285456	2.65273
21252	-3419.537	-3586.405	166.8675	1.480245	2.687518	0.3922486	0.663816	0.336184	2.11106
21258	-3419.28	-3586.347	167.0664	1.614031	2.644279	0.3668891	0.650237	0.349763	1.93717
21264	-3426.812	-3593.423	166.6111	1.576089	3.744117	0.3668891	0.763624	0.236376	1.967909
21270	-3428.022	-3594.514	166.4922	1.463659	3.707638	0.3668891	0.707364	0.292636	2.129597
21276	-3434.639	-3600.112	165.4729	1.463659	3.707638	0.3695768	0.71549	0.28451	2.767474
21282	-3421.774	-3588.157	166.3829	1.430921	1.986668	0.40882	0.647003	0.352997	2.66046
21288	-3408.397	-3574.048	165.6507	1.440573	2.84568	0.40882	0.62547	0.37453	2.834894
21294	-3418.598	-3585.3	166.7015	1.650623	3.0484	0.4918333	0.647838	0.352162	1.882057
21300	-3433.037	-3599.753	166.7162	1.555704	3.0484	0.4336348	0.730977	0.269023	2.004513
21306	-3432.828	-3599.885	167.0572	1.597212	3.0484	0.3027913	0.663714	0.336286	1.927722
21312	-3418.744	-3585.986	167.2422	1.801837	3.119887	0.4654864	0.519883	0.480117	1.393382
21318	-3414.864	-3581.994	167.1303	1.756864	3.236283	0.4080462	0.613312	0.386688	1.555371
21324	-3421.124	-3588.442	167.3176	1.779691	3.236283	0.4975248	0.613341	0.386659	1.269361
21330	-3422.642	-3586.511	163.8692	1.178531	3.024791	0.520956	0.556367	0.443633	3.876655
21336	-3413.582	-3578.69	165.1077	1.301814	3.024791	0.5838123	0.55265	0.44735	3.022874
21342	-3420.426	-3584.38	163.9538	1.150022	3.150497	0.3352397	0.597764	0.402236	4.011996
21348	-3421.969	-3587.567	165.5976	1.3107	2.972898	0.4346616	0.660426	0.339574	2.883108
21354	-3424.213	-3590.044	165.8305	1.419473	2.972898	0.4346616	0.648364	0.351636	2.674741
21360	-3432.806	-3598.916	166.1107	1.419473	2.972898	0.4576834	0.664044	0.335956	2.47529
21366	-3433.347	-3599.553	166.2064	1.528991	3.112581	0.4104268	0.529452	0.470548	2.363296
21372	-3442.839	-3610.07	167.2311	1.730342	3.283912	0.4768262	0.61262	0.38738	1.390967
21378	-3434.392	-3601.368	166.9758	1.562508	3.295996	0.4788771	0.578047	0.421953	1.698166
21384	-3420.707	-3587.524	166.818	1.642217	3.295996	0.4548536	0.5736	0.4264	1.782238
21390	-3415.356	-3581.871	166.5149	1.660573	3.56846	0.3592089	0.629507	0.370493	2.028692
21396	-3418.233	-3584.239	166.0067	1.386655	3.912249	0.3616335	0.647733	0.352267	2.450614
21402	-3417.68	-3583.838	166.1576	1.380176	3.303959	0.3786743	0.672945	0.327055	2.478227
21408	-3421.842	-3588.028	166.1858	1.547511	3.303959	0.3505623	0.702459	0.297541	2.391431
21414	-3416.134	-3581.875	165.741	1.311901	3.303959	0.3505623	0.58565	0.41435	2.812812
21420	-3420.582	-3586.263	165.6807	1.378051	2.68407	0.4700313	0.563132	0.436868	2.831896
21426	-3421.631	-3587.209	165.5781	1.33182	3.210801	0.4993717	0.608178	0.391822	2.753874
21432	-3421.659	-3587.605	165.9459	1.324907	3.095968	0.402851	0.608178	0.391822	2.666628
21438	-3415.508	-3579.574	164.0658	1.26812	2.887703	0.4556397	0.625384	0.374616	3.809177
21444	-3420.25	-3586.123	165.8721	1.354033	2.887703	0.4556397	0.600502	0.399498	2.688938
21450	-3415.984	-3581.48	165.4965	1.401055	2.887703	0.518979	0.600502	0.399498	2.824502
21456	-3421.823	-3587.318	165.4947	1.390872	3.164357	0.3438557	0.571315	0.428685	2.956385
21462	-3424.689	-3588.972	164.2828	1.262502	2.728089	0.52218	0.571315	0.428685	3.663926
21468	-3428.269	-3593.199	164.9302	1.223858	3.901117	0.3537592	0.609647	0.390353	3.216294
21474	-3426.814	-3589.853	163.0392	1.267892	3.901117	0.5984769	0.569274	0.430726	4.042149
21480	-3414.613	-3578.923	164.3101	1.229295	3.901117	0.3503405	0.591355	0.408645	3.580882
21486	-3411.465	-3575.758	164.2933	1.224076	3.270399	0.4858124	0.4758	0.5242	3.580882
21492	-3418.664	-3583.029	164.3654	1.224472	3.270399	0.365992	0.555357	0.444643	3.667594
21498	-3414.967	-3579.093	164.1257	1.290992	3.062379	0.3452907	0.573057	0.426943	3.841227
21504	-3410.445	-3574.405	163.9598	1.252113	3.476256	0.3522841	0.657011	0.342989	3.856033
21510	-3403.864	-3567.843	163.9789	1.193735	3.510929	0.2769768	0.660165	0.339835	3.968875
21516	-3402.005	-3566.791	164.7859	1.309314	3.886327	0.3094179	0.642312	0.357688	3.311243
21522	-3417.92	-3582.902	164.9814	1.307194	3.262062	0.4205498	0.607117	0.392883	3.198206
21528	-3409.924	-3575.954	166.0304	1.439849	2.834009	0.4463354	0.607117	0.392883	2.563043
21534	-3415.601	-3581.481	165.8804	1.403285	3.030994	0.3659674	0.645411	0.354589	2.720213
21540	-3428.897	-3596.153	167.2557	1.654202	2.917399	0.3838394	0.669919	0.330081	1.669293
21546	-3429.414	-3596.241	166.8266	1.646239	3.81016	0.3838394	0.692521	0.307479	1.732813
21552	-3428.403	-3593.701	165.2982	1.347621	3.797551	0.344172	0.722167	0.277833	2.95636
21558	-3414.21	-3580.628	166.4188	1.40558	3.315491	0.4022052	0.648584	0.351416	2.264523
21564	-3410.832	-3577.497	166.6654	1.509525	3.315491	0.4022052	0.695317	0.304683	2.036085
21570	-3415.015	-3581.596	166.5806	1.596698	3.309341	0.4022052	0.589072	0.410928	2.036085
21576	-3403.224	-3570.364	167.1399	1.68387	3.349382	0.3797824	0.636676	0.363324	1.609347
21582	-3412.992	-3580.146	167.1543	1.748346	4.039312	0.2968136	0.652823	0.347177	1.500376
21588	-3409.903	-3576.824	166.9216	1.577278	4.015002	0.2968136	0.652823	0.347177	1.796346
21594	-3407.205	-3573.657	166.4524	1.461349	3.096779	0.4473618	0.618279	0.381721	2.209882
21600	-3408.304	-3574.559	166.2548	1.448589	3.831152	0.2729842	0.658368	0.341632	2.398848
21606	-3408.439	-3574.627	166.1882	1.471373	2.960786	0.5030007	0.632586	0.367414	2.348302
21612	-3414.071	-3580.167	166.0968	1.383873	3.301368	0.3283235	0.632586	0.367414	2.580189
21618	-3408.344	-3573.908	165.5633	1.34999	2.905119	0.3750091	0.641384	0.358616	2.966563
21624	-3413.131	-3577.963	164.8322	1.310009	3.364317	0.3101849	0.641384	0.358616	3.394595
21630	-3424.136	-3589.083	164.9472	1.195001	3.364317	0.3101849	0.65459	0.34541	3.394595
21636	-3419.548	-3584.176	164.6272	1.216202	4.143334	0.3199099	0.608077	0.391923	3.394595
21642	-3422.137	-3586.819	164.6818	1.316458	3.394355	0.4564567	0.471898	0.528102	3.300809
21648	-3417.597	-3583.737	166.1402	1.316458	3.095939	0.3429889	0.463081	0.536919	2.626688
21654	-3417.913	-3584.497	166.5835	1.35994	3.250479	0.412663	0.590292	0.409708	2.191468
21660	-3405.362	-3570.565	165.2024	1.302067	3.764266	0.3489479	0.570845	0.429155	3.04213
21666	-3410.706	-3575.85	165.144	1.288681	3.764266	0.3840772	0.661516	0.338484	3.04213
21672	-3404.537	-3569.561	165.024	1.332737	2.707987	0.3329448	0.60661	0.39339	3.40145
21678	-3412.16	-3577.278	165.1177	1.292661	2.707987	0.3329448	0.589988	0.410012	3.369977
21684	-3408.741	-3574.166	165.4251	1.465154	3.57488	0.3743459	0.616171	0.383829	2.819193
21690	-3400.972	-3566.892	165.9201	1.459845	3.437724	0.4900558	0.588344	0.411656	2.416974
21696	-3411.174	-3576.373	165.1984	1.416474	3.437724	0.4278821	0.69255	0.30745	2.954498
21702	-3416.061	-3582.269	166.208	1.462793	3.692878	0.3443783	0.677544	0.322456	2.346802
21708	-3431.228	-3597.263	166.0347	1.535953	3.348544	0.4558327	0.685668	0.314332	2.355239
21714	-3424.564	-3590.884	166.3198	1.379294	2.117553	0.4886452	0.584655	0.415345	2.596883
21720	-3431.907	-3596.523	164.6156	1.24749	2.724208	0.4449781	0.612153	0.387847	3.556431
21726	-3427.92	-3592.558	164.6374	1.242645	2.404746	0.5261164	0.710662	0.289338	3.556431
21732	-3425.685	-3590.29	164.6053	1.208378	2.395328	0.4480681	0.636834	0.363166	3.674028
21738	-3426.349	-3590.632	164.2828	1.275022	2.395328	0.4657618	0.656355	0.343645	3.803716
21744	-3415.068	-3579.373	164.3042	1.298526	2.475213	0.5344379	0.567013	0.432987	3.689134
21750	-3430.964	-3595.342	164.3774	1.166031	2.475213	0.5324745	0.760866	0.239134	3.725186
21756	-3420.427	-3584.831	164.404	1.30356	2.615897	0.4315872	0.649954	0.350046	3.689984
21762	-3409.924	-3574.265	164.3414	1.147067	2.615897	0.4315872	0.741502	0.258498	3.816409
21768	-3406.735	-3572.003	165.2679	1.400354	2.615897	0.4315872	0.571605	0.428395	3.12688
21774	-3418.758	-3584.36	165.6019	1.406516	2.957248	0.4315872	0.576956	0.423044	2.8299
21780	-3410.325	-3576.791	166.4661	1.41786	3.163455	0.4696993	0.564864	0.435136	2.186052
21786	-3396.9	-3563.023	166.1234	1.38653	3.163455	0.3977208	0.634241	0.365759	2.507373
21792	-3401.785	-3568.443	166.6574	1.415984	2.20561	0.369242	0.566341	0.433659	2.470585
21798	-3411.749	-3578.275	166.5256	1.370452	2.652553	0.5527642	0.711372	0.288628	2.234808
21804	-3402.437	-3568.842	166.4046	1.378741	3.208187	0.4431267	0.57548	0.42452	2.269436
21810	-3405.159	-3571.64	166.4814	1.492233	3.290707	0.4431267	0.542211	0.457789	2.124961
21816	-3407.123	-3573.322	166.1989	1.540129	3.005548	0.51363	0.542211	0.457789	2.274383
21822	-3408.23	-3574.03	165.7997	1.517503	3.493208	0.51363	0.704469	0.295531	2.418754
21828	-3412.432	-3579.061	166.629	1.632673	3.841092	0.3830383	0.592337	0.407663	1.872542
21834	-3403.192	-3570.324	167.1324	1.609919	3.090024	0.3618917	0.652428	0.347572	1.767049
21840	-3418.704	-3585.008	166.3041	1.360899	3.090024	0.5148057	0.593179	0.406821	2.29781
21846	-3418.193	-3584.345	166.1519	1.48242	3.569173	0.3497836	0.645213	0.354787	2.391185
21852	-3421.345	-3587.053	165.7074	1.315664	2.609364	0.4812187	0.56967	0.43033	2.863215
21858	-3419.865	-3585.802	165.9377	1.285623	2.146079	0.5035258	0.570592	0.429408	2.863215
21864	-3420.208	-3586.135	165.9261	1.372419	3.005349	0.5035258	0.621492	0.378508	2.562558
21870	-3414.232	-3580.307	166.0754	1.440785	3.310363	0.4609396	0.60338	0.39662	2.393507
21876	-3428.531	-3594.363	165.8323	1.52395	3.310363	0.447158	0.526097	0.473903	2.509271
21882	-3421.215	-3587.612	166.3962	1.590174	2.892101	0.447158	0.484284	0.515716	2.21944
21888	-3426.48	-3591.882	165.402	1.352163	2.892101	0.4484154	0.638475	0.361525	2.982149
21894	-3428.215	-3593.718	165.5026	1.362556	2.892101	0.4484154	0.638475	0.361525	2.91528
21900	-3430.161	-3596.531	166.3697	1.421713	2.892101	0.4484154	0.638475	0.361525	2.342873
21906	-3419.64	-3586.499	166.8595	1.499279	2.385301	0.3667648	0.64707	0.35293	2.232468
21912	-3407.614	-3573.709	166.0948	1.394715	3.166257	0.3661101	0.571785	0.428215	2.55855
21918	-3432.611	-3599.389	166.7781	1.524582	2.158492	0.4551815	0.662334	0.337666	2.238128
21924	-3426.676	-3593.592	166.9159	1.714405	3.223733	0.3714407	0.532731	0.467269	1.793451
21930	-3418.798	-3585.375	166.577	1.551592	3.223733	0.4686021	0.632311	0.367689	2.010676
21936	-3418.102	-3584.971	166.8689	1.689092	3.831554	0.4686021	0.586511	0.413489	1.553511
21942	-3420.53	-3587.877	167.3472	1.765422	2.507579	0.4686021	0.658029	0.341971	1.54552
21948	-3421.341	-3588.675	167.3341	1.632294	2.677555	0.454523	0.519965	0.480035	1.611143
21954	-3413.613	-3580.316	166.7028	1.665174	2.799957	0.5577976	0.649768	0.350232	1.872782
21960	-3426.325	-3592.999	166.6736	1.698652	2.799957	0.6408743	0.505503	0.494497	1.786645
21966	-3430.753	-3596.057	165.3039	1.528524	3.753117	0.648045	0.688884	0.311116	2.53742
21972	-3423.023	-3587.999	164.9757	1.430557	3.420407	0.648045	0.597263	0.402737	2.874027
21978	-3412.818	-3579.045	166.2278	1.430718	2.479196	0.4013994	0.618061	0.381939	2.60112
21984	-3425.135	-3591.566	166.4307	1.573138	2.571343	0.4013994	0.710512	0.289488	2.356601
21990	-3408.078	-3575.373	167.2949	1.573138	2.706767	0.4013994	0.616834	0.383166	1.741332
21996	-3408.122	-3574.788	166.6664	1.564163	3.586715	0.4013994	0.632862	0.367138	1.931023
22002	-3425.033	-3592.302	167.2694	1.837741	2.593974	0.4388859	0.702527	0.297473	1.557523
22008	-3409.13	-3576.213	167.0828	1.723501	3.105639	0.4201191	0.691551	0.308449	1.636347
22014	-3402.783	-3569.776	166.9922	1.635008	3.105639	0.4201191	0.708129	0.291871	1.763296
22020	-3404.575	-3571.53	166.9557	1.534638	3.612558	0.3689363	0.746767	0.253233	1.790852
22026	-3409.002	-3575.351	166.3487	1.478168	3.484593	0.6381385	0.573463	0.426537	1.969375
22032	-3410.583	-3577.02	166.437	1.677567	3.495649	0.6381385	0.528732	0.471268	1.770127
22038	-3412.568	-3579.849	167.2811	1.673843	2.040781	0.6381385	0.6175	0.3825	1.650012
22044	-3418.886	-3585.331	166.4447	1.459836	2.867427	0.5045074	0.636555	0.363445	2.215882
22050	-3419.518	-3586.583	167.0641	1.528982	2.531563	0.3985347	0.714655	0.285345	1.989779
22056	-3420.127	-3587.254	167.1269	1.639933	3.402967	0.3351095	0.660702	0.339298	1.701912
22062	-3421.633	-3589.037	167.4042	1.743561	2.674124	0.5030289	0.520571	0.479429	1.41498
22068	-3430.934	-3598.038	167.1039	1.713989	2.6149	0.5030289	0.694943	0.305057	1.679547
22074	-3424.601	-3591.406	166.8051	1.713989	2.971141	0.424377	0.629372	0.370628	1.871448
22080	-3408.93	-3575.986	167.0561	1.670889	2.971141	0.2908541	0.685308	0.314692	1.919725
22086	-3410.544	-3577.354	166.8099	1.631138	3.702147	0.2908541	0.732858	0.267142	1.919725
22092	-3426.569	-3591.063	164.4944	1.171299	3.092821	0.4037435	0.705093	0.294907	3.622105
22098	-3430.454	-3594.936	164.4821	1.19753	3.092821	0.4629747	0.619812	0.380188	3.551132
22104	-3407.905	-3574.701	166.7952	1.565789	2.911534	0.4020891	0.645839	0.354161	2.023377
22110	-3415.612	-3581.961	166.3492	1.573618	3.390638	0.4020891	0.713958	0.286042	2.182337
22116	-3414.05	-3580.339	166.2889	1.512049	3.144125	0.5196923	0.516414	0.483586	2.190943
22122	-3426.495	-3592.441	165.9463	1.384687	2.705751	0.6563005	0.672418	0.327582	2.482563
22128	-3431.631	-3596.871	165.2393	1.28883	2.705751	0.5861516	0.595172	0.404828	3.034061
22134	-3407.513	-3572.899	165.3856	1.349311	3.462298	0.5381888	0.631168	0.368832	2.762596
22140	-3409.041	-3574.318	165.2768	1.37595	3.094057	0.5101922	0.642445	0.357555	2.928062
22146	-3409.986	-3575.843	165.8572	1.387452	3.449161	0.5063703	0.607915	0.392085	2.482218
22152	-3408.557	-3572.995	164.4371	1.258177	3.449161	0.5063703	0.607915	0.392085	3.416691
22158	-3400.147	-3564.026	163.8793	1.17539	2.887865	0.5063703	0.573554	0.426446	3.919985
22164	-3418.025	-3582.102	164.0775	1.243263	2.887865	0.557044	0.53149	0.46851	3.720769
22170	-3424.842	-3589.925	165.0833	1.390166	4.146241	0.3385435	0.615787	0.384213	2.996203
22176	-3422.121	-3587.718	165.5974	1.340035	2.493013	0.4364438	0.555963	0.444037	2.996203
22182	-3414.733	-3579.119	164.386	1.244015	2.643647	0.4364438	0.688878	0.311122	3.722117
22188	-3416.918	-3582.379	165.4607	1.404904	2.932055	0.4364438	0.709525	0.290475	2.917511
22194	-3424.874	-3590.638	165.764	1.351755	2.932055	0.4364438	0.602802	0.397198	2.765725
22200	-3432.042	-3598.341	166.2998	1.674657	3.160686	0.4278973	0.634017	0.365983	2.176389
22206	-3429.474	-3595.234	165.7601	1.471241	3.100726	0.3754592	0.644569	0.355431	2.722679
22212	-3429.948	-3595.574	165.6261	1.434237	2.407812	0.3754592	0.651591	0.348409	3.017892
22218	-3438.261	-3604.268	166.0062	1.450098	2.196218	0.5202679	0.744704	0.255296	2.68772
22224	-3420.499	-3584.554	164.0552	1.297693	2.666686	0.5722523	0.640161	0.359839	3.74659
22230	-3414.131	-3579.024	164.8928	1.261143	3.451822	0.3934652	0.729281	0.270719	3.264817
22236	-3425.557	-3590.238	164.6804	1.213512	3.006022	0.3934652	0.586492	0.413508	3.522106
22242	-3408.716	-3574.669	165.9524	1.3591	2.224049	0.3934652	0.590581	0.409419	2.903088
22248	-3414.76	-3580.473	165.7132	1.3591	3.684216	0.3934652	0.697203	0.302797	2.660317
22254	-3412.687	-3578.397	165.7107	1.340475	3.087614	0.5375875	0.732013	0.267987	2.660317
22260	-3404.954	-3571.061	166.1067	1.479475	2.719151	0.5375875	0.5215	0.4785	2.42742
22266	-3427.242	-3593.451	166.2094	1.405304	2.657631	0.5375875	0.582042	0.417958	2.42742
22272	-3424.397	-3590.485	166.0876	1.484355	2.471581	0.7434432	0.682391	0.317609	2.329522
22278	-3430.477	-3596.575	166.0982	1.383555	2.471581	0.6506853	0.569263	0.430737	2.463087
22284	-3424.943	-3590.127	165.1835	1.35423	3.505997	0.4293834	0.474565	0.525435	2.983702
22290	-3424.772	-3590.889	166.1171	1.348271	3.167965	0.5866621	0.588801	0.411199	2.333876
22296	-3420.618	-3587.864	167.2454	1.630359	2.6288	0.3792045	0.559224	0.440776	1.791664
22302	-3434.506	-3599.186	164.6806	1.233907	3.590788	0.4565791	0.585007	0.414993	3.306483
22308	-3434.677	-3597.907	163.2301	1.050252	2.598982	0.4052382	0.650117	0.349883	4.535422
22314	-3439.381	-3602.286	162.9056	1.053311	2.598982	0.4800625	0.559176	0.440824	4.640165
22320	-3427.448	-3591.823	164.3755	1.14689	3.661854	0.3568091	0.601868	0.398132	3.631858
22326	-3424.776	-3589.64	164.8641	1.095739	3.353117	0.3568091	0.642044	0.357956	3.444473
22332	-3420.998	-3585.187	164.1886	1.171792	3.119117	0.3568091	0.525044	0.474956	3.846121
22338	-3414.573	-3578.948	164.3753	1.14493	3.065781	0.3568091	0.662345	0.337655	3.766867
22344	-3418.554	-3582.726	164.172	1.130128	2.242718	0.4783291	0.662345	0.337655	3.983748
22350	-3410.228	-3574.728	164.5006	1.228111	2.254267	0.4370869	0.634122	0.365878	3.776939
22356	-3411.758	-3576.358	164.5997	1.267816	3.635255	0.4314785	0.603312	0.396688	3.351122
22362	-3426.412	-3591.173	164.7617	1.305299	2.451918	0.4702401	0.622098	0.377902	3.487652
22368	-3413.418	-3578.781	165.363	1.263384	2.376687	0.4705909	0.576621	0.423379	3.180594
22374	-3407.983	-3573.263	165.2797	1.163711	2.376687	0.4705909	0.667514	0.332486	3.288787
22380	-3413.336	-3578.394	165.0587	1.248722	2.501364	0.365018	0.62508	0.37492	3.448247
22386	-3419.022	-3584.424	165.4023	1.248332	2.501364	0.365018	0.638417	0.361583	3.246485
22392	-3416.38	-3581.473	165.0929	1.350391	3.641724	0.4521791	0.602837	0.397163	2.985683
22398	-3411.558	-3575.911	164.3531	1.142706	3.67477	0.4858022	0.574833	0.425167	3.504472
22404	-3413.024	-3577.88	164.856	1.258654	2.740012	0.4271399	0.614071	0.385929	3.424313
22410	-3416.888	-3580.682	163.7932	1.083798	2.417416	0.5522829	0.667399	0.332601	4.106038
22416	-3407.024	-3571.206	164.182	1.166686	2.325332	0.4687703	0.536336	0.463664	3.941496
22422	-3422.444	-3588.222	165.778	1.395162	4.223456	0.2958273	0.61052	0.38948	2.613553
22428	-3424.128	-3589.438	165.3099	1.433772	4.223456	0.2816486	0.648985	0.351015	2.896666
22434	-3424.764	-3590.601	165.8369	1.514423	4.223456	0.3004862	0.656998	0.343002	2.496038
22440	-3411.149	-3576.766	165.6174	1.450549	2.653463	0.3004862	0.534454	0.465546	3.03868
22446	-3394.575	-3559.458	164.8823	1.278246	2.718045	0.3781759	0.634425	0.365575	3.458328
22452	-3398.007	-3563.304	165.297	1.207751	2.718045	0.4483881	0.634425	0.365575	3.177659
22458	-3407.554	-3573.326	165.7723	1.298015	3.043965	0.4483881	0.569489	0.430511	2.751225
22464	-3409.29	-3574.582	165.2925	1.383718	3.201396	0.4218023	0.59806	0.40194	2.980039
22470	-3420.257	-3584.075	163.8188	1.225675	2.692455	0.4326017	0.605274	0.394726	4.049139
22476	-3435.343	-3597.437	162.094	1.28965	3.270729	0.6849231	0.51361	0.48639	4.627747
22482	-3429.133	-3595.166	166.0337	1.407748	2.812422	0.4515128	0.580953	0.419047	2.581172
22488	-3418.942	-3585.261	166.3186	1.405184	3.488003	0.3497517	0.591651	0.408349	2.353736
22494	-3418.493	-3584.719	166.2269	1.448153	3.375468	0.3739138	0.551719	0.448281	2.380276
22500	-3420.921	-3586.096	165.1753	1.293858	3.375468	0.4335412	0.54115	0.45885	3.049998
22506	-3425.631	-3590.169	164.5375	1.368707	3.760678	0.7099573	0.630901	0.369099	3.049998
22512	-3419.765	-3585.508	165.743	1.361131	3.720725	0.5253565	0.62229	0.37771	2.488379
22518	-3424.513	-3590.219	165.7065	1.361131	2.948842	0.518103	0.62229	0.37771	2.705313
22524	-3421.565	-3587.758	166.1938	1.373777	2.948842	0.4297175	0.62229	0.37771	2.489805
22530	-3414.278	-3580.542	166.2634	1.369322	2.948842	0.4634666	0.651233	0.348767	2.410975
22536	-3419.513	-3584.881	165.3685	1.315468	2.817527	0.3958673	0.635002	0.364998	3.102323
22542	-3425.587	-3590.971	165.384	1.295062	3.550382	0.5569199	0.512646	0.487354	2.758824
22548	-3425.124	-3590.335	165.2109	1.361007	3.550382	0.4101859	0.656637	0.343363	2.974753
22554	-3428.401	-3593.744	165.3436	1.361007	3.550382	0.483096	0.55881	0.44119	2.815691
22560	-3424.021	-3589.198	165.1771	1.426191	3.091385	0.492406	0.547093	0.452907	2.976172
22566	-3413.911	-3579.408	165.4972	1.393305	2.960661	0.3665173	0.547093	0.452907	2.976172
22572	-3427.313	-3593.043	165.7295	1.410853	3.274694	0.3764705	0.740993	0.259007	2.734027
22578	-3420.531	-3586.506	165.9751	1.410853	2.400768	0.3806136	0.634617	0.365383	2.81732
22584	-3424.836	-3591.109	166.2727	1.390574	2.801142	0.432915	0.545198	0.454802	2.466893
22590	-3413.795	-3579.585	165.7897	1.422804	2.676867	0.499508	0.59551	0.40449	2.709792
22596	-3421.171	-3586.153	164.9816	1.274267	2.676867	0.499508	0.521613	0.478387	3.284195
22602	-3422.367	-3586.479	164.1118	1.178917	3.089849	0.5505796	0.638206	0.361794	3.694108
22608	-3416.187	-3579.582	163.3954	1.303452	3.41713	0.8755791	0.636731	0.363269	3.717167
22614	-3425.129	-3588.952	163.8232	1.316258	2.989094	0.7669252	0.515354	0.484646	3.634969
22620	-3411.041	-3575.157	164.1155	1.412059	3.316492	0.7669252	0.533819	0.466181	3.330272
22626	-3411.773	-3576.315	164.5422	1.563677	3.343474	0.5722751	0.68329	0.31671	3.13737
22632	-3410.701	-3577.108	166.407	1.532189	3.38166	0.4746487	0.657107	0.342893	2.087985
22638	-3425.933	-3591.862	165.9298	1.506672	2.942182	0.543263	0.735315	0.264685	2.453549
22644	-3416.912	-3583.417	166.5056	1.478439	2.437326	0.4883176	0.61915	0.38085	2.311768
22650	-3416.816	-3582.456	165.6401	1.374084	3.36916	0.4883176	0.555704	0.444296	2.662928
22656	-3422.951	-3588.043	165.0922	1.326189	3.36916	0.413134	0.647724	0.352276	3.104383
22662	-3412.856	-3579.06	166.2041	1.422689	3.178369	0.413134	0.634728	0.365272	2.411701
22668	-3417.177	-3583.682	166.5053	1.444626	3.035557	0.4122223	0.635213	0.364787	2.244584
22674	-3416.676	-3582.936	166.2601	1.456054	3.035557	0.3371678	0.741198	0.258802	2.488822
22680	-3401.506	-3566.314	164.8082	1.333173	3.161935	0.3543291	0.660019	0.339981	3.385747
22686	-3404.443	-3570.098	165.6553	1.312606	3.19421	0.3543291	0.660019	0.339981	2.886045
22692	-3411.757	-3577.569	165.8118	1.482597	3.341406	0.4808209	0.652609	0.347391	2.50369
22698	-3411.512	-3576.576	165.0644	1.44494	3.014119	0.9474197	0.478732	0.521268	2.693373
22704	-3411.469	-3576.86	165.3915	1.518974	3.014119	0.6936752	0.522402	0.477598	2.62824
22710	-3415.472	-3581.157	165.6846	1.46578	2.908466	0.5630314	0.497619	0.502381	2.621825
22716	-3421.645	-3585.851	164.2066	1.281657	2.425726	0.4854214	0.552332	0.447668	3.815564
22722	-3422.874	-3588.006	165.1317	1.25063	2.434851	0.458007	0.414452	0.585548	3.320303
22728	-3420.128	-3584.948	164.8196	1.152969	2.434851	0.4139924	0.56272	0.43728	3.606541
22734	-3425.877	-3590.784	164.9068	1.262319	3.717942	0.3198579	0.694822	0.305178	3.288621
22740	-3427.227	-3592.048	164.8214	1.204093	2.55814	0.5120939	0.589917	0.410083	3.440455
22746	-3415.765	-3581.348	165.5831	1.353147	2.55814	0.4748334	0.571219	0.428781	2.937098
22752	-3418.391	-3584.659	166.268	1.404054	3.477337	0.4201267	0.656024	0.343976	2.300478
22758	-3424.035	-3590.739	166.7041	1.455564	2.36808	0.4189473	0.732049	0.267951	2.300478
22764	-3417.061	-3583.067	166.0061	1.366939	2.690251	0.4189473	0.680828	0.319172	2.694269
22770	-3416.016	-3581.3	165.2839	1.321347	2.88907	0.4865393	0.680828	0.319172	3.032592
22776	-3418.346	-3583.533	165.1876	1.253525	3.285698	0.4861066	0.680828	0.319172	3.032592
22782	-3420.643	-3585.73	165.0877	1.355036	2.889167	0.4139453	0.632296	0.367704	3.206296
22788	-3438.681	-3604.035	165.3539	1.312181	3.099458	0.4555084	0.581327	0.418673	2.974458
22794	-3426.303	-3590.54	164.2376	1.202774	2.540038	0.3699015	0.624629	0.375371	3.933104
22800	-3424.27	-3589.591	165.3211	1.277886	2.750313	0.3818954	0.619621	0.380379	3.187181
22806	-3415.835	-3581.483	165.6478	1.27054	2.369612	0.3176282	0.636215	0.363785	3.187336
22812	-3406.642	-3571.958	165.3161	1.325997	2.959098	0.3176282	0.708876	0.291124	3.187336
22818	-3416.256	-3581.757	165.5007	1.300611	2.302112	0.4209777	0.658225	0.341775	3.152426
22824	-3413.894	-3578.064	164.1697	1.269146	4.263597	0.4920542	0.586926	0.413074	3.414892
22830	-3418.707	-3583.058	164.3507	1.266184	4.263597	0.5237193	0.607256	0.392744	3.279757
22836	-3422.504	-3587.005	164.5016	1.215373	4.263597	0.5199272	0.557625	0.442375	3.224239
22842	-3423.389	-3588.11	164.7208	1.279813	4.263597	0.3633838	0.747	0.253	3.224239
22848	-3417.487	-3582.668	165.1813	1.275203	2.694431	0.4668524	0.554212	0.445788	3.193443
22854	-3416.09	-3581.126	165.036	1.200713	3.462622	0.411063	0.753393	0.246607	3.193443
22860	-3416.549	-3582.406	165.857	1.286519	3.643603	0.4162202	0.636769	0.363231	2.598522
22866	-3409.756	-3575.359	165.6022	1.286519	3.195076	0.3370432	0.664917	0.335083	2.955769
22872	-3412.196	-3578.008	165.8121	1.376883	2.766052	0.4202756	0.596838	0.403162	2.784101
22878	-3400.909	-3566.143	165.2342	1.382469	2.766052	0.4202756	0.567537	0.432463	3.128569
22884	-3405.053	-3570.434	165.3816	1.212784	3.323331	0.4202756	0.650393	0.349607	3.001808
22890	-3411.002	-3576.116	165.1139	1.387336	3.174133	0.4202756	0.598629	0.401371	3.093067
22896	-3411.148	-3575.226	164.0776	1.25166	3.174133	0.4599041	0.596921	0.403079	3.73793
22902	-3412.847	-3577.883	165.0356	1.306178	3.767307	0.4549664	0.596921	0.403079	3.016607
22908	-3426.27	-3592.321	166.0503	1.35757	3.730925	0.4021074	0.630571	0.369429	2.4307
22914	-3426.013	-3591.955	165.9417	1.400389	2.89742	0.39299	0.540041	0.459959	2.686451
22920	-3420.34	-3584.72	164.3804	1.261415	2.888477	0.4060159	0.613403	0.386597	3.683831
22926	-3415.576	-3580.498	164.9224	1.197337	3.086826	0.4060159	0.623399	0.376601	3.355978
22932	-3406.407	-3572.855	166.4476	1.553166	3.086826	0.420622	0.567807	0.432193	2.187758
22938	-3421.666	-3588.571	166.9054	1.5615	3.12081	0.3427047	0.615386	0.384614	1.973873
22944	-3419.23	-3585.965	166.7348	1.623961	2.6422	0.3212033	0.631864	0.368136	2.213989
22950	-3416.293	-3582.663	166.3702	1.489859	3.436689	0.4001089	0.711412	0.288588	2.213989
22956	-3411.317	-3578.174	166.8568	1.655193	3.097104	0.4001089	0.616374	0.383626	1.871325
22962	-3417.261	-3583.727	166.4661	1.600296	3.097104	0.4408516	0.609253	0.390747	2.118134
22968	-3405.489	-3572.153	166.6641	1.5846	3.097104	0.4408516	0.643057	0.356943	1.997718
22974	-3413.425	-3579.946	166.5208	1.5846	3.097104	0.3080656	0.61902	0.38098	2.267043
22980	-3409.724	-3576.951	167.227	1.585336	2.726416	0.4982853	0.690613	0.309387	1.651955
22986	-3407.733	-3574.456	166.7231	1.640523	2.955263	0.3601905	0.643157	0.356843	2.064345
22992	-3413.161	-3579.396	166.2344	1.407353	3.584799	0.3601905	0.647919	0.352081	2.369082
22998	-3409.212	-3575.526	166.3144	1.462349	4.093091	0.4043192	0.554488	0.445512	2.111654
23004	-3412.007	-3578.077	166.0696	1.496295	4.093091	0.3239651	0.508451	0.491549	2.354047
23010	-3409.752	-3576.333	166.5805	1.538153	2.685747	0.4860297	0.505676	0.494324	2.150247
23016	-3405.074	-3571.419	166.3457	1.502053	3.587171	0.4860297	0.637432	0.362568	2.084511
23022	-3413.001	-3579.645	166.6445	1.470957	2.540045	0.4208072	0.584303	0.415697	2.271622
23028	-3414.981	-3580.825	165.8438	1.453967	2.744017	0.6965989	0.584303	0.415697	2.458669
23034	-3400.936	-3567.027	166.091	1.428416	2.948236	0.4458651	0.558361	0.441639	2.501786
23040	-3402.316	-3568.946	166.6294	1.505828	3.621972	0.3841178	0.637102	0.362898	2.008857
23046	-3412.69	-3579.672	166.982	1.536075	2.998745	0.4435781	0.682228	0.317772	1.840113
23052	-3422.342	-3588.932	166.59	1.536075	3.334424	0.4390246	0.585658	0.414342	2.018013
23058	-3427.376	-3594.026	166.6498	1.45221	3.334424	0.4390246	0.564893	0.435107	2.033971
23064	-3432.628	-3598.549	165.9209	1.469846	2.284215	0.6221448	0.51317	0.48683	2.604316
23070	-3421.319	-3587.519	166.1997	1.344546	2.249499	0.4937133	0.51317	0.48683	2.642656
23076	-3419.405	-3585.286	165.8808	1.302948	3.09574	0.4723067	0.668846	0.331154	2.642656
23082	-3422.851	-3588.844	165.9931	1.418002	3.059582	0.4069279	0.624048	0.375952	2.58453
23088	-3414.646	-3580.67	166.0237	1.383139	3.069691	0.4069279	0.657718	0.342282	2.58453
23094	-3415.264	-3582.47	167.206	1.633811	2.771157	0.3618262	0.693033	0.306967	1.795396
23100	-3413.551	-3580.737	167.1859	1.737274	2.806397	0.4266706	0.59989	0.40011	1.636212
23106	-3422.868	-3590.182	167.3136	1.615135	2.726622	0.3179941	0.722222	0.277778	1.813137
23112	-3415.831	-3582.785	166.9538	1.646984	2.713791	0.485052	0.566696	0.433304	1.820213
23118	-3417.033	-3584.191	167.1582	1.646984	2.6972	0.485052	0.718163	0.281837	1.682502
23124	-3412.483	-3577.726	165.2439	1.259571	2.694376	0.4336759	0.672255	0.327745	3.200586
23130	-3417.465	-3581.897	164.4314	1.259571	2.805028	0.5082938	0.627612	0.372388	3.572205
23136	-3425.822	-3590.869	165.0468	1.256498	3.042599	0.5082938	0.616634	0.383366	3.151925
23142	-3427.377	-3590.719	163.342	1.232891	3.930549	0.3785281	0.572394	0.427606	4.096427
23148	-3411.614	-3576.503	164.8887	1.298577	2.880325	0.3785281	0.644107	0.355893	3.399574
23154	-3412.563	-3578.391	165.8283	1.316266	3.304761	0.3915906	0.644107	0.355893	2.705836
23160	-3416.826	-3582.287	165.4605	1.271685	3.304761	0.598323	0.459968	0.540032	2.74583
23166	-3423.927	-3589.023	165.0957	1.369071	2.992534	0.577756	0.459968	0.540032	3.003379
23172	-3421.434	-3586.92	165.4854	1.401816	2.88861	0.5401094	0.510678	0.489322	2.810094
23178	-3408.692	-3574.148	165.4552	1.569364	2.697034	0.602981	0.549318	0.450682	2.721168
23184	-3410.751	-3577.388	166.6365	1.576514	2.697034	0.3769402	0.549318	0.450682	2.215526
23190	-3426.454	-3593.621	167.1672	1.631732	2.56178	0.3502947	0.650443	0.349557	1.90687
23196	-3422.848	-3589.309	166.4606	1.553495	2.56178	0.4939314	0.650443	0.349557	2.247327
23202	-3415.287	-3581.862	166.5741	1.529188	2.56178	0.442378	0.622916	0.377084	2.247327
23208	-3419.558	-3586.128	166.5708	1.560161	2.912732	0.442378	0.693708	0.306292	2.125247
23214	-3414.075	-3580.476	166.402	1.570314	2.755056	0.442378	0.483864	0.516136	2.273356
23220	-3405.24	-3571.147	165.9068	1.478445	3.500679	0.442378	0.571196	0.428804	2.450745
23226	-3403.34	-3569.855	166.5149	1.467482	2.868441	0.4382628	0.549061	0.450939	2.239067
23232	-3415.022	-3579.672	164.6499	1.268005	3.648446	0.4568688	0.560047	0.439953	3.291796
23238	-3419.122	-3584.752	165.6301	1.343974	2.613859	0.4568688	0.630915	0.369085	2.917
23244	-3422.792	-3587.869	165.0773	1.331894	3.261836	0.7889662	0.725901	0.274099	2.800336
23250	-3437.671	-3601.94	164.2697	1.230522	3.960891	0.6119746	0.413627	0.586373	3.328508
23256	-3420.253	-3585.965	165.7128	1.341201	3.38045	0.3371004	0.679336	0.320664	2.811472
23262	-3415.27	-3580.152	164.8822	1.34751	3.38045	0.3558876	0.552049	0.447951	3.280898
23268	-3419.059	-3585.165	166.1057	1.470218	2.685858	0.4484141	0.586737	0.413263	2.53689
23274	-3407.373	-3572.864	165.4917	1.407238	3.057201	0.4152248	0.698963	0.301037	2.88889
23280	-3425.1	-3591.159	166.0589	1.494821	2.979681	0.31738	0.628928	0.371072	2.631607
23286	-3432.374	-3597.513	165.139	1.259185	2.616114	0.5052569	0.67457	0.32543	3.211393
23292	-3421.523	-3586.349	164.8265	1.240851	2.616114	0.3322488	0.629502	0.370498	3.596217
23298	-3430.174	-3594.118	163.9436	1.209122	3.121175	0.3375261	0.620294	0.379706	3.988107
23304	-3416.02	-3580.756	164.7363	1.339423	3.165134	0.3517077	0.698591	0.301409	3.426662
23310	-3415.226	-3580.901	165.6747	1.305632	2.796996	0.3517077	0.668824	0.331176	2.983853
23316	-3417.413	-3583.386	165.9729	1.364608	2.796996	0.3379286	0.58525	0.41475	2.785523
23322	-3423.04	-3589.184	166.1441	1.479101	3.017028	0.5510242	0.622007	0.377993	2.307459
23328	-3399.495	-3566.405	166.9097	1.583637	2.785669	0.3996549	0.696006	0.303994	1.975452
23334	-3408.85	-3575.608	166.7579	1.649145	3.026777	0.3996549	0.761429	0.238571	1.962808
23340	-3413.059	-3579.799	166.74	1.595914	3.026777	0.3996549	0.710478	0.289522	2.010341
23346	-3408.165	-3574.612	166.4471	1.479826	2.947307	0.5732511	0.657978	0.342022	2.108464
23352	-3411.785	-3579.051	167.2665	1.462655	2.059273	0.3651428	0.657978	0.342022	2.108464
23358	-3418.941	-3585.982	167.0409	1.5436	2.17486	0.5576265	0.549735	0.450265	1.93618
23364	-3409.69	-3576.992	167.3018	1.641476	2.724647	0.3395936	0.549735	0.450265	1.770749
23370	-3402.189	-3568.908	166.7187	1.469293	2.527473	0.4269119	0.595497	0.404503	2.221679
23376	-3412.181	-3578.952	166.7706	1.528084	2.527473	0.465352	0.64512	0.35488	2.104937
23382	-3406.396	-3573.628	167.2319	1.573839	2.228033	0.465352	0.64512	0.35488	1.86852
23388	-3407.412	-3574.693	167.2808	1.649138	2.64904	0.4764265	0.599046	0.400954	1.619616
23394	-3416.761	-3584.319	167.5578	1.680236	2.053236	0.4764265	0.554068	0.445932	1.620086
23400	-3409.124	-3576.433	167.3097	1.8058	2.943814	0.383801	0.654836	0.345164	1.510943
23406	-3408.428	-3575.876	167.448	1.83124	2.103744	0.5950067	0.583534	0.416466	1.42858
23412	-3418.934	-3586.836	167.9021	1.866999	2.103744	0.4139145	0.738464	0.261536	1.277417
23418	-3414.625	-3582.3	167.6748	1.886904	2.315519	0.4139145	0.624182	0.375818	1.352054
23424	-3421.194	-3588.859	167.6653	1.886904	2.315519	0.4850765	0.668619	0.331381	1.256882
23430	-3423.657	-3590.956	167.2992	1.848211	2.532163	0.5105357	0.675713	0.324287	1.457689
23436	-3408.602	-3576.172	167.5701	1.755221	2.155813	0.5105357	0.693272	0.306728	1.47072
23442	-3413.943	-3581.059	167.1161	1.711697	3.057269	0.56565	0.619069	0.380931	1.454943
23448	-3404.46	-3571.893	167.4335	1.803662	2.421875	0.4613849	0.6227	0.3773	1.493862
23454	-3409.233	-3576.723	167.4897	1.820672	2.356673	0.5428647	0.563346	0.436654	1.359521
23460	-3409.632	-3576.808	167.1758	1.69056	2.356673	0.4908214	0.597885	0.402115	1.749728
23466	-3402.373	-3569.258	166.8857	1.611309	2.84471	0.4083962	0.564028	0.435972	1.944054
23472	-3405.296	-3572.094	166.7976	1.459803	2.501689	0.4306346	0.564028	0.435972	2.180474
23478	-3416.999	-3582.86	165.8614	1.412213	3.328274	0.4694717	0.524384	0.475616	2.531996
23484	-3417.544	-3583.709	166.1656	1.374468	2.43594	0.4694717	0.52722	0.47278	2.611025
23490	-3415.755	-3581.547	165.7921	1.237773	2.43594	0.4694717	0.563108	0.436892	2.922432
23496	-3408.05	-3573.823	165.7735	1.322619	2.46129	0.4694717	0.659639	0.340361	2.8748
23502	-3416.643	-3582.282	165.6388	1.31964	2.641467	0.5125201	0.73714	0.26286	2.861662
23508	-3418.998	-3584.717	165.7189	1.31536	2.622429	0.3153026	0.73714	0.26286	3.04727
23514	-3419.684	-3585.27	165.5869	1.301614	2.813045	0.3825269	0.647937	0.352063	2.996878
23520	-3422.291	-3587.738	165.4476	1.307107	2.813045	0.4472585	0.663394	0.336606	3.004056
23526	-3430.147	-3595.513	165.3652	1.260215	2.919495	0.4472585	0.665185	0.334815	3.053379
23532	-3432.972	-3598.253	165.2809	1.155368	3.101876	0.3768789	0.640716	0.359284	3.199157
23538	-3439.069	-3603.528	164.4593	1.204819	3.101876	0.3768789	0.704539	0.295461	3.651357
23544	-3432.547	-3596.795	164.2484	1.377441	3.292942	0.4164715	0.704539	0.295461	3.584248
23550	-3426.755	-3592.594	165.8393	1.45927	2.486339	0.4164715	0.673518	0.326482	2.80223
23556	-3422.726	-3587.946	165.2201	1.321319	2.486339	0.4595255	0.585571	0.414429	3.209655
23562	-3408.324	-3574.107	165.7834	1.297806	2.486339	0.4595255	0.614774	0.385226	2.886759
23568	-3408.957	-3574.576	165.619	1.367473	3.14351	0.50631	0.647149	0.352851	2.716699
23574	-3398.757	-3564.69	165.933	1.45898	3.114085	0.3988798	0.66761	0.33239	2.591896
23580	-3407.515	-3574.395	166.8797	1.741713	2.441097	0.3543931	0.760268	0.239732	2.059464
23586	-3409.622	-3577.254	167.6319	1.81601	2.582109	0.3256722	0.792171	0.207829	1.476009
23592	-3411.789	-3579.212	167.4225	1.856048	2.955454	0.3256722	0.568891	0.431109	1.476009
23598	-3405.596	-3572.825	167.2289	1.748542	3.23641	0.3256722	0.613501	0.386499	1.612582
23604	-3410.701	-3577.642	166.9413	1.73352	4.008416	0.3578109	0.613501	0.386499	1.577148
23610	-3405.135	-3572.121	166.9861	1.804476	3.324992	0.425068	0.591151	0.408849	1.577148
23616	-3406.019	-3573.005	166.9862	1.764715	3.177234	0.425068	0.697476	0.302524	1.648514
23622	-3411.231	-3578.532	167.3005	1.77306	3.87189	0.3760318	0.677116	0.322884	1.276758
23628	-3415.918	-3583.465	167.547	1.666471	2.485804	0.3760318	0.654235	0.345765	1.60573
23634	-3407.111	-3574.511	167.3998	1.821136	2.777469	0.4600877	0.654235	0.345765	1.377846
23640	-3402.399	-3569.575	167.1769	1.836344	2.777469	0.4247771	0.589807	0.410193	1.582816
23646	-3414.405	-3581.625	167.2201	1.742302	2.468376	0.4760216	0.48556	0.51444	1.659548
23652	-3409.217	-3576.682	167.4648	1.786478	3.019823	0.323478	0.66259	0.33741	1.479523
23658	-3403.302	-3570.73	167.4282	1.72357	2.553878	0.3961358	0.587684	0.412316	1.597547
23664	-3410.49	-3577.891	167.4006	1.839515	2.649029	0.3961358	0.678565	0.321435	1.498867
23670	-3420.717	-3588.297	167.5805	1.701582	2.649029	0.3961358	0.789286	0.210714	1.467165
23676	-3400.643	-3568.17	167.5267	1.827707	2.649029	0.404651	0.587396	0.412604	1.399009
23682	-3397.054	-3564.604	167.5506	1.848514	2.649029	0.404651	0.570598	0.429402	1.364018
23688	-3397.967	-3565.416	167.4493	1.848514	3.159059	0.404651	0.556644	0.443356	1.265933
23694	-3400.916	-3568.193	167.2762	1.772886	2.74546	0.5353053	0.69385	0.30615	1.42563
23700	-3403.778	-3571.083	167.3049	1.947103	2.74546	0.5353053	0.656169	0.343831	1.264025
23706	-3405.612	-3573.186	167.5738	1.878258	2.916766	0.4603801	0.57121	0.42879	1.133636
23712	-3400.15	-3567.435	167.2849	1.934271	4.065513	0.3433137	0.57121	0.42879	1.154859
23718	-3414.085	-3581.454	167.3696	1.869341	4.065513	0.3748246	0.551157	0.448843	1.077782
23724	-3414.27	-3581.404	167.1339	1.931508	4.065513	0.4681467	0.563771	0.436229	1.077427
23730	-3413.211	-3580.68	167.469	1.905565	3.525907	0.3713433	0.5937	0.4063	1.133637
23736	-3418.575	-3586.076	167.5011	1.841757	3.525907	0.3050201	0.785058	0.214942	1.283015
23742	-3414.771	-3582.138	167.3665	1.897114	4.126886	0.308258	0.577942	0.422058	1.166047
23748	-3411.314	-3579.266	167.9522	1.876102	2.712732	0.2736893	0.577942	0.422058	1.220951
23754	-3403.393	-3570.839	167.446	1.846075	3.454437	0.3757736	0.663779	0.336221	1.220951
23760	-3404.107	-3571.178	167.0711	1.824184	3.501725	0.427755	0.663779	0.336221	1.444565
23766	-3411.507	-3578.453	166.9457	1.784961	3.501725	0.6194191	0.574826	0.425174	1.331888
23772	-3416.467	-3583.465	166.998	1.786346	3.800335	0.4332672	0.715066	0.284934	1.438845
23778	-3415.623	-3583.175	167.5521	1.786346	2.505055	0.4455532	0.643028	0.356972	1.406342
23784	-3422.941	-3590.455	167.5141	1.72301	2.690076	0.4529097	0.5661	0.4339	1.406342
23790	-3420.152	-3587.494	167.3418	1.72301	3.232252	0.4435183	0.654864	0.345136	1.371802
23796	-3414.258	-3581.43	167.1715	1.685068	3.232252	0.4973463	0.654864	0.345136	1.460954
23802	-3417.828	-3584.907	167.0793	1.649022	3.101638	0.3806229	0.63087	0.36913	1.746921
23808	-3421.312	-3587.654	166.3415	1.63332	3.496688	0.6180546	0.648767	0.351233	1.885506
23814	-3432.032	-3599.088	167.0563	1.63295	2.691326	0.3896412	0.662108	0.337892	1.885506
23820	-3416.087	-3583.264	167.1765	1.665778	2.691326	0.317467	0.616632	0.383368	1.884361
23826	-3423.911	-3590.059	166.1479	1.453953	2.691326	0.5097569	0.415257	0.584743	2.453705
23832	-3422.62	-3588.686	166.0667	1.475223	2.691326	0.5097569	0.492014	0.507986	2.491266
23838	-3419.146	-3586.044	166.8988	1.577813	2.691326	0.428526	0.498598	0.501402	1.979132
23844	-3421.582	-3588.566	166.9833	1.646463	2.790171	0.428526	0.578321	0.421679	1.84482
23850	-3410.917	-3577.145	166.2277	1.656887	3.111031	0.6674254	0.540229	0.459771	2.002392
23856	-3420.404	-3586.965	166.5606	1.697861	3.111031	0.6674254	0.635611	0.364389	1.747315
23862	-3409.703	-3575.322	165.6189	1.428984	3.165502	0.5534733	0.531216	0.468784	2.627388
23868	-3408.378	-3574.93	166.5516	1.681839	3.165502	0.5936606	0.663245	0.336755	1.821172
23874	-3406.943	-3573.519	166.5758	1.573355	3.529121	0.4578246	0.585594	0.414406	1.93041
23880	-3413.282	-3579.654	166.3718	1.479351	2.648393	0.5700219	0.601393	0.398607	2.248021
23886	-3417.246	-3583.108	165.8615	1.463121	3.575493	0.4805608	0.611416	0.388584	2.429406
23892	-3419.889	-3586.171	166.282	1.518307	3.575493	0.4805608	0.611416	0.388584	2.124494
23898	-3431.8	-3598.449	166.6486	1.62686	3.123048	0.4912584	0.706355	0.293645	1.913676
23904	-3422.892	-3589.419	166.5266	1.62555	3.123048	0.4912584	0.60246	0.39754	1.996556
23910	-3415.162	-3582.117	166.9551	1.622284	3.515572	0.4176401	0.583227	0.416773	1.68822
23916	-3409.474	-3576.219	166.7453	1.498719	3.515572	0.3674527	0.622394	0.377606	1.984874
23922	-3416.356	-3583.194	166.8376	1.586287	3.635554	0.4448604	0.616828	0.383172	1.73021
23928	-3429.243	-3595.406	166.1622	1.55913	3.635554	0.489835	0.753967	0.246033	2.151465
23934	-3428.422	-3594.876	166.4537	1.551071	2.663452	0.3824516	0.751307	0.248693	2.3518
23940	-3421.615	-3588.028	166.4131	1.499541	2.726714	0.495837	0.671685	0.328315	2.260633
23946	-3424.613	-3591.356	166.7431	1.515751	2.726714	0.495837	0.654863	0.345137	2.034907
23952	-3422.271	-3589.306	167.0349	1.62271	2.358185	0.4391316	0.689487	0.310513	1.953859
23958	-3422.545	-3589.683	167.1372	1.62271	2.358185	0.3115826	0.653271	0.346729	2.057445
23964	-3436.448	-3603.778	167.3298	1.812876	2.80472	0.4456125	0.47512	0.52488	1.448755
23970	-3427.048	-3592.844	165.796	1.426484	3.281067	0.2972492	0.636269	0.363731	2.787082
23976	-3428.981	-3595.257	166.2758	1.426484	3.053196	0.4546424	0.755762	0.244238	2.348682
23982	-3441.067	-3607.233	166.166	1.565193	3.277823	0.4932077	0.685063	0.314937	2.229302
23988	-3423.901	-3590.719	166.8181	1.551667	3.091508	0.5036132	0.61654	0.38346	1.844337
23994	-3420.281	-3587.011	166.7302	1.702481	3.426647	0.5036132	0.61654	0.38346	1.707789
24000	-3416.049	-3583.038	166.9883	1.60552	2.534374	0.315081	0.61654	0.38346	2.103523
24006	-3423.951	-3590.489	166.5374	1.640748	3.743362	0.315081	0.70875	0.29125	2.048161
24012	-3423.188	-3588.341	165.1528	1.159694	3.954645	0.4049452	0.572934	0.427066	3.050279
24018	-3408.876	-3574.038	165.162	1.228421	2.8816	0.4437681	0.572934	0.427066	3.206796
24024	-3418.497	-3584.82	166.3235	1.498157	3.308582	0.3685396	0.739549	0.260451	2.31057
24030	-3415.286	-3581.15	165.8646	1.417484	2.998206	0.4194864	0.669047	0.330953	2.665566
24036	-3410.578	-3576.507	165.928	1.456116	2.998206	0.3671582	0.669047	0.330953	2.665566
24042	-3415.488	-3581.48	165.9927	1.430548	2.998206	0.3671582	0.719161	0.280839	2.641474
24048	-3410.944	-3577.415	166.4719	1.423514	2.646465	0.3963186	0.565725	0.434275	2.408836
24054	-3414.227	-3579.695	165.4675	1.395769	2.743015	0.6508332	0.66986	0.33014	2.765602
24060	-3414.829	-3580.674	165.8453	1.285837	2.743015	0.4007285	0.537899	0.462101	2.848149
24066	-3417.304	-3582.655	165.3509	1.383346	2.86364	0.4007285	0.667643	0.332357	3.054468
24072	-3413.206	-3578.218	165.0122	1.235187	3.381303	0.4584406	0.595205	0.404795	3.154271
24078	-3415.327	-3581.223	165.8964	1.315713	2.788551	0.4198648	0.656121	0.343879	2.764252
24084	-3408.835	-3575.126	166.2909	1.495879	2.747779	0.4198648	0.656121	0.343879	2.419528
24090	-3413.719	-3580.443	166.7238	1.535516	3.041999	0.440188	0.656121	0.343879	2.00674
24096	-3410.712	-3577.514	166.8024	1.525989	3.141517	0.3704572	0.552436	0.447564	2.022027
24102	-3422.731	-3589.361	166.6295	1.499244	3.141517	0.3704572	0.663866	0.336134	2.153312
24108	-3420.639	-3587.407	166.7682	1.520657	2.7696	0.3704572	0.654398	0.345602	2.153312
24114	-3424.263	-3591.609	167.3459	1.662812	2.955537	0.4073596	0.600941	0.399059	1.552504
24120	-3415.025	-3582.163	167.1385	1.585489	2.955537	0.4073596	0.63596	0.36404	1.756665
24126	-3414.694	-3580.628	165.9341	1.427794	2.955537	0.6370662	0.519641	0.480359	2.409913
24132	-3412.387	-3579.105	166.7176	1.552422	2.586644	0.441902	0.605143	0.394857	2.132109
24138	-3417.962	-3584.239	166.2774	1.524801	2.56014	0.6522033	0.605143	0.394857	2.230625
24144	-3418.449	-3580.861	162.4124	1.016741	2.698288	0.5368229	0.574537	0.425463	4.858298
24150	-3416.061	-3582.594	166.5333	1.489373	2.56014	0.5018394	0.639649	0.360351	2.233842
24156	-3419.91	-3585.631	165.7215	1.479116	2.810539	0.5711489	0.600322	0.399678	2.609926
24162	-3406.682	-3572.131	165.4495	1.310983	3.121261	0.4767478	0.596727	0.403273	2.889927
24168	-3410.33	-3575.819	165.4897	1.301837	3.045446	0.4708869	0.64694	0.35306	2.896292
24174	-3404.397	-3568.49	164.0926	1.132959	2.8978	0.4708869	0.661118	0.338882	3.853655
24180	-3406.9	-3570.814	163.9139	1.160792	3.320993	0.4708869	0.547262	0.452738	3.839855
24186	-3412.833	-3578.635	165.8014	1.276	2.947316	0.4094369	0.549005	0.450995	2.815632
24192	-3407.758	-3573.197	165.4385	1.299616	3.212623	0.4263764	0.508726	0.491274	2.934977
24198	-3400.467	-3565.825	165.3581	1.393443	2.884099	0.3575307	0.682772	0.317228	3.090356
24204	-3410.488	-3577.045	166.5569	1.399373	2.884099	0.3578974	0.695261	0.304739	2.350822
24210	-3414.866	-3580.61	165.7447	1.370951	3.213624	0.3377683	0.688267	0.311733	2.813035
24216	-3415.042	-3580.345	165.3029	1.307275	3.213624	0.3562529	0.605862	0.394138	3.093789
24222	-3419.911	-3585.588	165.6767	1.323971	3.213624	0.3562529	0.686815	0.313185	2.85906
24228	-3431.711	-3597.121	165.4105	1.370158	3.399167	0.4316766	0.5785	0.4215	2.85906
24234	-3420.243	-3585.433	165.1895	1.285471	2.486773	0.4316766	0.563899	0.436101	3.278313
24240	-3420.839	-3584.697	163.8587	1.174372	2.828744	0.4316766	0.680772	0.319228	4.021277
24246	-3412.262	-3577.08	164.8178	1.258676	2.788009	0.4316766	0.629441	0.370559	3.428993
24252	-3404.927	-3571.586	166.6584	1.408508	2.505162	0.4185044	0.592019	0.407981	2.31634
24258	-3403.924	-3568.202	164.278	1.275694	3.039225	0.5015612	0.609712	0.390288	3.599295
24264	-3416.308	-3580.569	164.2611	1.272322	3.370924	0.6652879	0.493815	0.506185	3.390889
24270	-3416.627	-3580.611	163.9843	1.183756	2.939193	0.4965035	0.577731	0.422269	3.851485
24276	-3433.14	-3598.373	165.2335	1.259232	2.939193	0.4965035	0.591026	0.408974	3.076876
24282	-3422.861	-3589.91	167.0485	1.672038	3.044905	0.3908316	0.496827	0.503173	1.754839
24288	-3413.993	-3581.295	167.3024	1.82756	3.044905	0.3908316	0.648184	0.351816	1.457156
24294	-3414.014	-3581.322	167.3084	1.814299	3.044905	0.3908316	0.589359	0.410641	1.462685
24300	-3408.024	-3575.468	167.4443	1.826749	3.044905	0.3908316	0.604644	0.395356	1.347508
24306	-3421.896	-3588.698	166.8022	1.517904	3.044905	0.4564062	0.601403	0.398597	1.945874
24312	-3414.219	-3580.872	166.6536	1.719716	2.920349	0.4564062	0.570416	0.429584	1.945874
24318	-3416.397	-3583.35	166.9528	1.651778	2.719647	0.3807383	0.559532	0.440468	1.945874
24324	-3429.142	-3595.34	166.198	1.442991	2.719647	0.4031977	0.607106	0.392894	2.538652
24330	-3415.66	-3582.329	166.6688	1.614258	3.952214	0.4031977	0.636671	0.363329	1.804646
24336	-3412.121	-3578.432	166.3108	1.476812	3.014455	0.4404026	0.693204	0.306796	2.320916
24342	-3416.716	-3582.736	166.0191	1.555603	3.115742	0.4759647	0.574483	0.425517	2.389589
24348	-3420.551	-3586.304	165.7529	1.548165	2.639124	0.3739645	0.584662	0.415338	2.806166
24354	-3411.593	-3577.805	166.212	1.473711	3.251531	0.572368	0.61635	0.38365	2.184435
24360	-3412.853	-3578.712	165.8589	1.451195	3.251531	0.3510055	0.701007	0.298993	2.667593
24366	-3419.662	-3584.942	165.2805	1.363746	3.622347	0.4113775	0.550431	0.449569	2.913865
24372	-3424.04	-3589.064	165.0242	1.243782	3.622347	0.4113775	0.666452	0.333548	3.139263
24378	-3418.003	-3582.928	164.9241	1.314349	3.622347	0.4271808	0.554838	0.445162	3.139263
24384	-3419.755	-3585.058	165.3037	1.356708	3.560428	0.5302782	0.645926	0.354074	2.793266
24390	-3415.72	-3581.369	165.6489	1.342819	2.992165	0.4525041	0.5852	0.4148	2.808031
24396	-3427.377	-3590.923	163.5461	1.122444	4.376013	0.4525041	0.5852	0.4148	3.880171
24402	-3426.869	-3589.829	162.9599	1.121524	3.643014	0.4047344	0.567122	0.432878	4.404381
24408	-3415.655	-3579.73	164.0748	1.049411	3.615419	0.3414844	0.683969	0.316031	3.88987
24414	-3420.088	-3584.247	164.1587	1.132881	3.379611	0.4119686	0.57493	0.42507	3.763054
24420	-3422.476	-3585.722	163.2455	1.136088	3.562192	0.324777	0.741789	0.258211	4.344424
24426	-3421.941	-3586.788	164.8472	1.211911	3.562192	0.324777	0.683112	0.316888	3.380177
24432	-3422.09	-3587.65	165.5598	1.28964	2.730785	0.3721531	0.5891	0.4109	3.055047
24438	-3418.799	-3584.982	166.1829	1.391661	2.730785	0.3285585	0.610975	0.389025	2.671297
24444	-3409.63	-3575.916	166.2863	1.451927	2.792935	0.4287254	0.706482	0.293518	2.426919
24450	-3426.226	-3592.49	166.2634	1.466231	2.792935	0.4287254	0.686295	0.313705	2.432316
24456	-3439.315	-3604.574	165.2595	1.376181	3.5323	0.3826965	0.671292	0.328708	2.972518
24462	-3432.203	-3598.365	166.1616	1.379181	2.964458	0.3169009	0.628274	0.371726	2.644281
24468	-3422.948	-3589.278	166.33	1.488069	2.554092	0.5414079	0.509964	0.490036	2.326092
24474	-3426.006	-3591.136	165.1299	1.435239	2.865819	0.5003299	0.657556	0.342444	3.048954
24480	-3405.109	-3571.295	166.1853	1.452077	2.865819	0.3950869	0.589684	0.410316	2.509657
24486	-3411.768	-3577.121	165.3529	1.42951	4.301872	0.2568809	0.761951	0.238049	2.895471
24492	-3407.985	-3573.206	165.2211	1.345303	4.301872	0.4462673	0.730824	0.269176	2.78212
24498	-3416.006	-3580.583	164.5775	1.252819	3.942865	0.4462673	0.750871	0.249129	3.293495
24504	-3418.471	-3584.269	165.7986	1.435807	2.834505	0.4621006	0.684161	0.315839	2.691352
24510	-3408.562	-3574.319	165.7573	1.354798	3.526326	0.3770813	0.66769	0.33231	2.691352
24516	-3396.331	-3562.461	166.1293	1.362012	2.589509	0.3770813	0.6509	0.3491	2.700521
24522	-3413.907	-3580.36	166.4528	1.421406	2.335052	0.3644162	0.652317	0.347683	2.558158
24528	-3414.681	-3581.044	166.3635	1.382734	2.678051	0.5627627	0.670274	0.329726	2.313406
24534	-3414.151	-3580.073	165.9218	1.352922	3.32504	0.350487	0.524424	0.475576	2.672182
24540	-3405.15	-3570.355	165.2044	1.276664	2.944692	0.4358921	0.61608	0.38392	3.145143
24546	-3416.737	-3581.625	164.8883	1.383086	3.600699	0.7117484	0.642051	0.357949	2.863514
24552	-3417.883	-3581.638	163.7552	1.298817	3.574631	0.6539925	0.56029	0.43971	3.634485
24558	-3416.948	-3581.246	164.2978	1.442134	3.278168	0.6539925	0.56029	0.43971	3.299864
24564	-3413.192	-3577.866	164.6734	1.115393	2.741332	0.4632675	0.698951	0.301049	3.576231
24570	-3421.321	-3585.536	164.2158	1.304198	2.80945	0.5122635	0.590562	0.409438	3.666481
24576	-3423.935	-3589.062	165.1274	1.281955	3.510175	0.3468337	0.616539	0.383461	3.156634
24582	-3409.504	-3574.743	165.2389	1.373969	3.527212	0.347065	0.704862	0.295138	3.031193
24588	-3410.502	-3575.685	165.1827	1.377901	3.265625	0.4683466	0.533346	0.466654	2.983944
24594	-3411.026	-3576.438	165.412	1.35161	3.177868	0.4683466	0.649852	0.350148	2.882801
24600	-3414.434	-3580.71	166.2756	1.397244	3.256266	0.3825127	0.585975	0.414025	2.400285
24606	-3421.105	-3587.581	166.4767	1.383276	3.057155	0.3396756	0.585975	0.414025	2.38926
24612	-3421.438	-3585.98	164.5428	1.168198	3.057155	0.3954087	0.562181	0.437819	3.61375
24618	-3424.073	-3588.377	164.3041	1.221694	3.565822	0.387898	0.549084	0.450916	3.61375
24624	-3413.435	-3577.213	163.778	1.161485	3.565822	0.387898	0.651138	0.348862	3.951592
24630	-3408.342	-3573.708	165.3665	1.268551	2.882912	0.387898	0.649517	0.350483	3.123468
24636	-3413.431	-3578.385	164.9541	1.27996	2.882912	0.3192283	0.67341	0.32659	3.444976
24642	-3417.525	-3582.726	165.2005	1.307701	2.931845	0.5161227	0.622067	0.377933	3.050286
24648	-3424.021	-3588.063	164.0424	1.273357	2.852908	0.5792965	0.660278	0.339722	3.713094
24654	-3414.899	-3580.011	165.112	1.335086	2.568665	0.5423766	0.570952	0.429048	3.160596
24660	-3414.077	-3579.571	165.4938	1.362755	2.568665	0.3400153	0.580514	0.419486	3.136073
24666	-3433.409	-3599.3	165.8908	1.362755	2.905173	0.3400153	0.580514	0.419486	2.804728
24672	-3423.253	-3588.679	165.4265	1.362755	2.692029	0.4638576	0.580514	0.419486	2.998796
24678	-3424.184	-3588.67	164.4859	1.415869	3.843402	0.4638576	0.580514	0.419486	3.253213
24684	-3430.931	-3597.094	166.1628	1.532515	3.843402	0.4638576	0.699839	0.300161	2.149168
24690	-3418.371	-3582.339	163.9678	1.251144	3.653304	0.4638576	0.593795	0.406205	3.691583
24696	-3418.265	-3582.025	163.7603	1.192839	4.075439	0.4218316	0.559127	0.440873	3.804203
24702	-3422.13	-3585.987	163.8573	1.127616	4.47644	0.3416629	0.56238	0.43762	3.804203
24708	-3411.52	-3576.035	164.5148	1.312457	3.026175	0.2883275	0.601227	0.398773	3.687263
24714	-3427.309	-3591.444	164.1351	1.102013	3.677415	0.4141971	0.723858	0.276142	3.728022
24720	-3410.457	-3574.206	163.7494	1.102013	3.978981	0.3312954	0.60621	0.39379	3.985573
24726	-3430.544	-3594.498	163.9536	1.194831	4.110251	0.3622232	0.716602	0.283398	3.752172
24732	-3415.812	-3581.501	165.6892	1.28032	2.868488	0.4238669	0.716602	0.283398	2.885463
24738	-3423.672	-3589.619	165.9477	1.393731	3.13073	0.4238669	0.585278	0.414722	2.589716
24744	-3430.99	-3596.9	165.9103	1.429179	3.434933	0.476872	0.566495	0.433505	2.457097
24750	-3434.497	-3600.616	166.1189	1.418731	2.132097	0.3439075	0.601246	0.398754	2.857861
24756	-3423.329	-3588.825	165.4961	1.246535	3.007896	0.3439075	0.601246	0.398754	3.080941
24762	-3417.947	-3584.449	166.502	1.498838	3.084032	0.4140105	0.524025	0.475975	2.196479
24768	-3417.189	-3584.154	166.9647	1.466075	2.525554	0.4140105	0.524025	0.475975	2.07972
24774	-3410.402	-3576.601	166.1986	1.490822	3.883191	0.4140105	0.613717	0.386283	2.202609
24780	-3427.764	-3594.269	166.5054	1.355684	2.637268	0.3695582	0.710676	0.289324	2.466554
24786	-3420.521	-3585.817	165.2953	1.29246	3.53951	0.3695582	0.612838	0.387162	3.015504
24792	-3416.308	-3583.01	166.702	1.563145	2.399774	0.5378729	0.623919	0.376081	2.090006
24798	-3408.836	-3575.675	166.8387	1.534969	2.399774	0.4748904	0.548389	0.451611	2.086606
24804	-3407.247	-3573.749	166.502	1.475907	3.397819	0.4327892	0.615143	0.384857	2.107131
24810	-3416.516	-3583.199	166.6834	1.487	2.850583	0.4327892	0.6169	0.3831	2.128645
24816	-3413.138	-3579.717	166.5783	1.492208	3.352731	0.4327892	0.6169	0.3831	2.057602
24822	-3424.396	-3590.846	166.4504	1.483033	3.29542	0.4083121	0.61715	0.38285	2.191757
24828	-3418.442	-3584.824	166.3823	1.483033	2.660082	0.4257599	0.639076	0.360924	2.388594
24834	-3424.219	-3590.437	166.2188	1.477585	3.715704	0.4626448	0.607182	0.392818	2.179155
24840	-3424.446	-3590.167	165.7219	1.620995	3.259471	0.5333886	0.560206	0.439794	2.439509
24846	-3420.364	-3586.833	166.4687	1.39501	3.259471	0.4400832	0.560206	0.439794	2.207976
24852	-3421.572	-3587.258	165.6856	1.326877	3.385467	0.3522114	0.560206	0.439794	2.815955
24858	-3414.636	-3579.994	165.3586	1.210512	3.385467	0.3522114	0.616219	0.383781	3.082972
24864	-3410.239	-3576.373	166.1348	1.396439	3.385467	0.3522114	0.616219	0.383781	2.496384
24870	-3412.903	-3579.467	166.5646	1.550237	3.195293	0.5504054	0.640625	0.359375	1.938046
24876	-3406.975	-3573.711	166.7358	1.543585	3.19803	0.4503798	0.626433	0.373567	1.938046
24882	-3409.985	-3576.833	166.848	1.568408	3.411943	0.4503798	0.626433	0.373567	1.786896
24888	-3403.59	-3570.076	166.4859	1.43708	3.411943	0.4262228	0.646644	0.353356	2.147374
24894	-3426.477	-3591.632	165.1546	1.393199	4.262704	0.4262228	0.646644	0.353356	2.823193
24900	-3423.265	-3590.284	167.0186	1.601038	2.421223	0.5144137	0.565655	0.434345	1.870597
24906	-3432.622	-3599.155	166.5332	1.572847	3.626104	0.5144137	0.681389	0.318611	1.870597
24912	-3429.028	-3592.166	163.1379	1.086919	3.477805	0.5376032	0.530134	0.469866	4.227934
24918	-3422.87	-3587.042	164.1716	1.204089	3.477805	0.4782668	0.558709	0.441291	3.623994
24924	-3422.595	-3587.655	165.0594	1.144047	2.38416	0.4735758	0.541873	0.458127	3.424488
24930	-3415.557	-3579.792	164.2354	1.148002	2.473124	0.4933749	0.541873	0.458127	3.854561
24936	-3418.835	-3583.294	164.4588	1.22812	2.473124	0.4933749	0.654373	0.345627	3.679583
24942	-3417.855	-3584.543	166.688	1.755173	2.583443	0.6360927	0.604656	0.395344	1.811633
24948	-3422.945	-3589.552	166.6074	1.739667	2.767265	0.6199608	0.604783	0.395217	1.834515
24954	-3416.901	-3583.638	166.7365	1.596693	3.416362	0.6199608	0.664112	0.335888	1.654994
24960	-3422.345	-3588.807	166.4625	1.560772	2.425954	0.377225	0.627469	0.372531	2.419557
24966	-3422.484	-3588.525	166.0416	1.265443	2.275439	0.4835446	0.63352	0.36648	2.790021
24972	-3405.718	-3571.977	166.2587	1.453821	3.109362	0.4476695	0.597734	0.402266	2.33519
24978	-3411.133	-3576.808	165.6743	1.462963	3.109362	0.6451317	0.619904	0.380096	2.503214
24984	-3400.037	-3566.597	166.5593	1.498512	2.254531	0.6143725	0.55358	0.44642	2.199809
24990	-3403.955	-3570.037	166.0823	1.541153	3.19405	0.6143725	0.664998	0.335002	2.199809
24996	-3419.758	-3586.257	166.4994	1.413876	2.89989	0.3125175	0.62759	0.37241	2.435875
25002	-3411.815	-3577.908	166.0927	1.471841	3.166131	0.3125175	0.707283	0.292717	2.583588
25008	-3412.615	-3578.42	165.8048	1.382017	3.166131	0.3125175	0.647779	0.352221	2.815449
25014	-3418.334	-3582.359	164.0251	1.301973	2.592212	0.3756339	0.647779	0.352221	3.976941
25020	-3417.549	-3583.67	166.1206	1.55206	2.592212	0.3098733	0.714594	0.285406	2.676536
25026	-3411.135	-3576.615	165.4795	1.447947	2.592212	0.4902861	0.747802	0.252198	2.916733
25032	-3429.012	-3594.648	165.636	1.350402	2.778733	0.3867236	0.700351	0.299649	2.942281
25038	-3415.6	-3580.48	164.8806	1.281607	3.252652	0.4351103	0.61882	0.38118	3.259312
25044	-3410.427	-3575.504	165.0775	1.236179	2.620184	0.4634358	0.619149	0.380851	3.30193
25050	-3412.42	-3577.485	165.0654	1.22985	2.620184	0.4740755	0.728727	0.271273	3.30193
25056	-3410.405	-3575.383	164.9783	1.164319	2.5941	0.4740755	0.644256	0.355744	3.398939
25062	-3424.825	-3591.131	166.3058	1.484071	3.326015	0.4057484	0.682477	0.317523	2.27962
25068	-3411.444	-3577.727	166.2831	1.409163	3.326015	0.4561434	0.682477	0.317523	2.283002
25074	-3419.186	-3584.867	165.6818	1.375019	2.596566	0.4884138	0.682477	0.317523	2.839107
25080	-3415.691	-3581.373	165.6826	1.368452	3.526682	0.4394316	0.682477	0.317523	2.655815
25086	-3432.591	-3597.368	164.7768	1.368452	3.730269	0.4394316	0.532278	0.467722	3.158249
25092	-3408.793	-3572.717	163.9243	1.343891	4.045169	0.3402146	0.653654	0.346346	3.722227
25098	-3416.401	-3581.919	165.5186	1.306517	4.045169	0.4070612	0.657347	0.342653	2.719228
25104	-3408.121	-3573.944	165.8225	1.4265	3.533349	0.4070612	0.726545	0.273455	2.569019
25110	-3423.052	-3587.975	164.9226	1.178757	3.568495	0.3185686	0.625461	0.374539	3.362126
25116	-3421.444	-3586.694	165.2501	1.197906	3.072386	0.3185686	0.625461	0.374539	3.272539
25122	-3412.579	-3576.911	164.3315	1.164236	2.779119	0.3079415	0.625461	0.374539	3.913774
25128	-3417.43	-3583.22	165.7893	1.314563	2.779119	0.3870795	0.723149	0.276851	2.870818
25134	-3418.718	-3584.308	165.5891	1.446757	3.309812	0.2809702	0.679245	0.320755	2.916948
25140	-3419.154	-3584.717	165.5626	1.395563	2.911843	0.3662331	0.638966	0.361034	2.94854
25146	-3421.031	-3586.268	165.2373	1.297705	2.911873	0.4126493	0.496224	0.503776	3.147117
25152	-3407.544	-3572.611	165.0675	1.297705	2.670135	0.4882765	0.598754	0.401246	3.232571
25158	-3415.748	-3581.926	166.1778	1.413409	2.670135	0.4332332	0.601512	0.398488	2.548924
25164	-3416.871	-3583.745	166.8743	1.615364	3.269818	0.4281941	0.613602	0.386398	1.802293
25170	-3415.21	-3581.598	166.3889	1.58649	3.269818	0.6048124	0.650251	0.349749	1.9571
25176	-3419.542	-3585.974	166.4324	1.556039	3.269818	0.6048124	0.635399	0.364601	1.948337
25182	-3416.176	-3582.793	166.6168	1.450013	2.728338	0.4783887	0.67453	0.32547	2.17962
25188	-3419.263	-3585.204	165.9413	1.366795	3.444622	0.5821492	0.530368	0.469632	2.368922
25194	-3411.353	-3576.73	165.3768	1.435385	2.636885	0.5821492	0.595332	0.404668	2.886104
25200	-3415.067	-3581.562	166.4958	1.473474	2.720986	0.4814163	0.576257	0.423743	2.241448
25206	-3405.015	-3570.964	165.9483	1.38185	3.479836	0.4814163	0.543553	0.456447	2.447433
25212	-3419.959	-3585.048	165.0888	1.343072	2.828591	0.4198343	0.518979	0.481021	3.222037
25218	-3420.555	-3585.727	165.1725	1.254004	2.828591	0.3788968	0.601075	0.398925	3.271892
25224	-3420.785	-3587.745	166.9601	1.502973	2.828591	0.3788968	0.672848	0.327152	2.010014
25230	-3407.268	-3573.586	166.3178	1.602332	2.828591	0.4820885	0.630104	0.369896	2.241067
25236	-3436.638	-3602.872	166.2341	1.487196	2.927231	0.5274413	0.658906	0.341094	2.292971
25242	-3421.93	-3588.417	166.4869	1.507145	3.546564	0.3001208	0.69796	0.30204	2.237255
25248	-3423.975	-3590.612	166.6369	1.401389	2.896649	0.3001208	0.610631	0.389369	2.375875
25254	-3424.748	-3591.286	166.5388	1.49094	2.896649	0.2864691	0.540753	0.459247	2.401692
25260	-3411.451	-3577.294	165.8434	1.344272	2.889977	0.4314882	0.641278	0.358722	2.738502
25266	-3410.565	-3575.302	164.737	1.219755	3.014163	0.4188659	0.609988	0.390012	3.455142
25272	-3411.145	-3576.315	165.1695	1.280973	4.073512	0.5439536	0.656552	0.343448	2.798604
25278	-3413.313	-3577.989	164.6755	1.239818	4.073512	0.4364432	0.521188	0.478812	3.227827
25284	-3409.842	-3574.318	164.4759	1.232544	4.073512	0.276319	0.569087	0.430913	3.546478
25290	-3417.975	-3583.016	165.0405	1.313751	3.645651	0.4744391	0.57604	0.42396	3.014969
25296	-3406.882	-3572.935	166.0531	1.359327	3.645651	0.3671725	0.583066	0.416934	2.490472
25302	-3409.575	-3575.828	166.2533	1.376577	2.726818	0.5034389	0.583066	0.416934	2.432259
25308	-3425.189	-3589.225	164.0356	1.273745	2.533668	0.5034389	0.548036	0.451964	3.870442
25314	-3413.338	-3578.869	165.5308	1.360114	2.865826	0.4189497	0.62913	0.37087	2.939121
25320	-3414.81	-3579.803	164.994	1.512981	3.550693	0.9929544	0.564761	0.435239	2.534726
25326	-3414.105	-3579.783	165.678	1.280764	3.550693	0.6134398	0.651582	0.348418	2.534726
25332	-3412.454	-3578.01	165.5562	1.504784	3.110804	0.6134398	0.602665	0.397335	2.578025
25338	-3411.355	-3576.859	165.5036	1.380852	3.110804	0.6134398	0.684108	0.315892	2.687028
25344	-3407.16	-3571.841	164.6805	1.301113	4.033289	0.573659	0.590398	0.409602	3.062015
25350	-3410.398	-3575.338	164.9399	1.374331	3.438701	0.546533	0.625087	0.374913	3.014559
25356	-3413.084	-3576.546	163.4622	1.30918	3.438701	0.546533	0.59693	0.40307	3.916888
25362	-3424.427	-3588.038	163.6111	1.309277	3.438701	0.7510904	0.639486	0.360514	3.668368
25368	-3415.485	-3579.741	164.2558	1.502844	3.661995	0.7510904	0.49364	0.50636	3.128132
25374	-3415.956	-3582.253	166.2972	1.533548	3.646939	0.478369	0.709038	0.290962	2.089853
25380	-3410.315	-3576.559	166.2444	1.543862	3.419185	0.322582	0.709038	0.290962	2.366733
25386	-3407.095	-3573.683	166.5879	1.465513	2.673994	0.3302124	0.640423	0.359577	2.386891
25392	-3408.968	-3574.676	165.7078	1.388004	2.688351	0.3209668	0.569594	0.430406	2.984205
25398	-3427.252	-3592.388	165.1357	1.398013	3.105744	0.5980536	0.569594	0.430406	2.915332
25404	-3426.158	-3591.033	164.8749	1.258424	2.790593	0.4599176	0.576409	0.423591	3.365337
25410	-3419.505	-3584.98	165.4757	1.219097	2.790593	0.4446483	0.613247	0.386753	3.048769
25416	-3416.857	-3581.433	164.5759	1.229397	2.790593	0.6054352	0.621944	0.378056	3.422278
25422	-3412.073	-3576.503	164.4302	1.271651	2.790593	0.6113467	0.574718	0.425282	3.477804
25428	-3418.631	-3585.175	166.5442	1.470844	2.790593	0.4894162	0.660522	0.339478	2.182705
25434	-3418.211	-3584.916	166.7058	1.553546	3.977417	0.4378945	0.510323	0.489677	1.770301
25440	-3410.802	-3577.274	166.4721	1.626823	3.822321	0.4763173	0.603062	0.396938	1.870977
25446	-3414.347	-3581.037	166.6903	1.564772	4.046254	0.3468375	0.603062	0.396938	1.880036
25452	-3425.214	-3591.464	166.2494	1.491558	3.220473	0.4022132	0.456825	0.543175	2.341823
25458	-3427.108	-3593.341	166.2324	1.411492	3.236475	0.3974998	0.456825	0.543175	2.405021
25464	-3429.669	-3595.365	165.6961	1.438051	3.100231	0.3909993	0.594197	0.405803	2.763342
25470	-3422.937	-3588.715	165.7778	1.405832	2.991718	0.5288516	0.577957	0.422043	2.611967
25476	-3418.926	-3585.508	166.5817	1.485275	2.991718	0.5076907	0.553395	0.446605	2.0714
25482	-3423.192	-3589.11	165.918	1.417169	2.991718	0.5203374	0.551594	0.448406	2.526355
25488	-3437.358	-3603.999	166.6404	1.589257	2.634426	0.4065061	0.565499	0.434501	2.186305
25494	-3413.29	-3580.542	167.252	1.75284	2.977842	0.4065061	0.663818	0.336182	1.549552
25500	-3400.486	-3567.827	167.3411	1.777185	2.794047	0.4054366	0.652899	0.347101	1.526691
25506	-3404.327	-3571.026	166.6995	1.66721	3.027429	0.5106845	0.606319	0.393681	1.856877
25512	-3415.919	-3582.487	166.5675	1.630922	2.784077	0.4504736	0.603226	0.396774	2.108907
25518	-3418.17	-3584.929	166.7587	1.699659	2.784077	0.4483407	0.646511	0.353489	1.938839
25524	-3408.727	-3575.788	167.061	1.63737	2.719963	0.3913615	0.688345	0.311655	1.867972
25530	-3417.572	-3584.471	166.8991	1.63737	3.266694	0.4376056	0.690436	0.309564	1.758639
25536	-3395.8	-3562.753	166.9535	1.68718	2.913405	0.4614931	0.608053	0.391947	1.758639
25542	-3411.647	-3578.921	167.2744	1.71854	2.80408	0.4614931	0.590923	0.409077	1.54042
25548	-3407.409	-3574.746	167.3367	1.812897	2.80408	0.4614931	0.657808	0.342192	1.422154
25554	-3420.468	-3588.295	167.8277	1.964865	2.508124	0.3405682	0.611837	0.388163	1.203193
25560	-3405.892	-3573.425	167.5337	1.852813	2.589306	0.5215142	0.667773	0.332227	1.23096
25566	-3418.925	-3586.119	167.1944	1.716331	2.160843	0.5956349	0.67308	0.32692	1.676482
25572	-3417.117	-3583.689	166.5717	1.637362	3.405903	0.5048777	0.626758	0.373242	1.867143
25578	-3414.674	-3581.845	167.1714	1.640882	2.36575	0.4650242	0.61983	0.38017	1.814699
25584	-3417.821	-3584.227	166.406	1.412541	2.783036	0.3379848	0.713502	0.286498	2.492514
25590	-3415.957	-3581.86	165.9035	1.412541	3.022468	0.3632218	0.690985	0.309015	2.706044
25596	-3426.817	-3592.252	165.435	1.339014	3.370959	0.396821	0.625862	0.374138	2.909382
25602	-3412.005	-3577.198	165.1933	1.348257	3.370959	0.396821	0.624956	0.375044	3.049056
25608	-3415.416	-3580.831	165.4153	1.380545	2.460393	0.388284	0.646895	0.353105	3.14477
25614	-3420.831	-3586.257	165.4256	1.323202	3.378665	0.4619932	0.604008	0.395992	2.850306
25620	-3418.812	-3584.412	165.6005	1.297085	2.871826	0.50032	0.665824	0.334176	2.847184
25626	-3423.336	-3588.262	164.9262	1.233643	2.206502	0.5329481	0.51639	0.48361	3.447537
25632	-3421.375	-3585.295	163.9204	1.338273	2.823823	0.5329481	0.635546	0.364454	3.794502
25638	-3418.134	-3582.233	164.0991	1.269997	2.823823	0.6958286	0.642414	0.357586	3.595542
25644	-3433.78	-3597.15	163.3705	1.225576	3.113199	0.6958286	0.641148	0.358852	3.969504
25650	-3423.381	-3588.893	165.512	1.400046	3.113199	0.4349453	0.626638	0.373362	2.84481
25656	-3432.399	-3597.873	165.4744	1.272124	2.930409	0.4349453	0.601688	0.398312	2.991277
25662	-3419.96	-3585.541	165.5805	1.493062	3.313579	0.4397528	0.629797	0.370203	2.691738
25668	-3411.652	-3576.96	165.3081	1.365574	3.313579	0.4868491	0.721626	0.278374	2.88534
25674	-3421.47	-3586.23	164.76	1.191401	4.355256	0.527755	0.650322	0.349678	3.06011
25680	-3424.898	-3588.233	163.335	1.124112	4.22632	0.4776035	0.686676	0.313324	4.002256
25686	-3424.117	-3587.027	162.9099	1.188659	4.329668	0.443819	0.511945	0.488055	4.22242
25692	-3422.468	-3587.616	165.1475	1.314642	2.566378	0.4230546	0.63508	0.36492	3.272375
25698	-3404.706	-3570.566	165.8605	1.332791	2.345551	0.4331143	0.624615	0.375385	2.890592
25704	-3407.788	-3573.789	166.0005	1.422751	3.441768	0.4169773	0.583118	0.416882	2.470118
25710	-3412.645	-3577.399	164.7537	1.200357	2.731229	0.6477614	0.545664	0.454336	3.315711
25716	-3416.763	-3581.022	164.2584	1.224174	2.731229	0.5985345	0.640818	0.359182	3.63181
25722	-3415.862	-3580.754	164.8917	1.412743	2.752894	0.5985345	0.599144	0.400856	3.143805
25728	-3413.941	-3578.991	165.0493	1.312174	2.752894	0.5874594	0.585564	0.414436	3.119557
25734	-3427.302	-3592.811	165.5096	1.243987	3.153333	0.5874594	0.652763	0.347237	2.779524
25740	-3420.553	-3585.694	165.1407	1.41057	3.153333	0.5874594	0.652763	0.347237	2.902283
25746	-3409.848	-3574.117	164.2688	1.364839	3.34309	0.5874594	0.679562	0.320438	3.402853
25752	-3409.694	-3575.399	165.7047	1.494599	3.805498	0.5874594	0.615145	0.384855	2.349397
25758	-3415.941	-3582.381	166.4398	1.565181	2.239985	0.6049556	0.543744	0.456256	2.247623
25764	-3406.04	-3572.82	166.7798	1.481639	2.299594	0.4670003	0.616982	0.383018	2.202346
25770	-3422.606	-3588.993	166.3873	1.49056	3.10199	0.4552003	0.62173	0.37827	2.222662
25776	-3411.546	-3577.069	165.5232	1.364014	3.10199	0.5002066	0.62173	0.37827	2.793942
25782	-3413.964	-3578.853	164.8892	1.250967	3.15792	0.5002066	0.62173	0.37827	3.22823
25788	-3411.054	-3575.803	164.7492	1.285127	3.11141	0.446676	0.575334	0.424666	3.356098
25794	-3417.441	-3582.306	164.8648	1.219618	3.11141	0.4192272	0.575334	0.424666	3.356098
25800	-3426.68	-3591.93	165.25	1.319774	2.169407	0.2637004	0.575334	0.424666	3.530059
25806	-3435.062	-3601.442	166.3802	1.311558	2.169407	0.4107134	0.575334	0.424666	2.669303
25812	-3415.945	-3582.11	166.1653	1.283495	2.592626	0.5980671	0.649346	0.350654	2.493428
25818	-3411.456	-3576.822	165.3668	1.18061	2.592626	0.5980671	0.529234	0.470766	3.043854
25824	-3418.371	-3583.57	165.1999	1.259233	2.592626	0.4195086	0.466173	0.533827	3.270609
25830	-3421.313	-3585.506	164.1937	1.278514	2.628176	0.5987699	0.652746	0.347254	3.665428
25836	-3424.584	-3589.279	164.6945	1.254115	2.589513	0.4415536	0.652746	0.347254	3.546957
25842	-3437.057	-3602.808	165.7515	1.401609	3.202875	0.446453	0.537333	0.462667	2.662505
25848	-3428.038	-3593.604	165.5656	1.361712	2.622831	0.3678737	0.666214	0.333786	3.043689
25854	-3422.957	-3588.501	165.5444	1.245096	2.871833	0.3799212	0.676701	0.323299	3.043689
25860	-3411.197	-3577.138	165.941	1.337167	3.218427	0.4259628	0.666683	0.333317	2.604436
25866	-3416.461	-3582.787	166.3255	1.540039	2.950794	0.4336486	0.672971	0.327029	2.296362
25872	-3405.209	-3571.988	166.779	1.498144	2.950794	0.4331941	0.630856	0.369144	2.02909
25878	-3418.612	-3585.126	166.5141	1.556354	3.352308	0.4331941	0.67917	0.32083	2.057263
25884	-3413.816	-3580.469	166.6523	1.546197	3.223389	0.3611975	0.67917	0.32083	2.098403
25890	-3411.465	-3577.65	166.1855	1.363804	3.223389	0.4742519	0.658445	0.341555	2.379786
25896	-3407.649	-3573.649	165.9999	1.545998	2.625864	0.6736238	0.576104	0.423896	2.355893
25902	-3413.318	-3579.411	166.0939	1.406082	2.625864	0.6736238	0.604617	0.395383	2.385006
25908	-3414.003	-3579.955	165.9518	1.382174	2.894831	0.4675702	0.635564	0.364436	2.607711
25914	-3403.508	-3568.983	165.4756	1.341997	2.894831	0.4233415	0.590713	0.409287	2.970672
25920	-3414.12	-3579.269	165.1491	1.373306	3.025411	0.470314	0.522275	0.477725	3.063673
25926	-3412.335	-3577.728	165.3926	1.243301	3.025411	0.4076116	0.697332	0.302668	3.063673
25932	-3418.885	-3585.339	166.4546	1.418332	2.648804	0.3727967	0.535728	0.464272	2.451606
25938	-3408.86	-3574.585	165.7253	1.345514	2.876712	0.5488537	0.522741	0.477259	2.692796
25944	-3416.116	-3582.744	166.6286	1.563169	2.876712	0.3862363	0.560916	0.439084	2.164804
25950	-3399.928	-3565.713	165.7852	1.444447	2.876712	0.3882614	0.571837	0.428163	2.766547
25956	-3408.931	-3575.539	166.6085	1.438027	2.769695	0.3882614	0.661575	0.338425	2.286699
25962	-3411.926	-3578.035	166.1094	1.495708	3.892417	0.3882614	0.572707	0.427293	2.286699
25968	-3413.454	-3579.899	166.4453	1.539761	3.892417	0.4104694	0.660702	0.339298	2.011109
25974	-3408.223	-3574.469	166.2461	1.503707	3.294406	0.4104694	0.5594	0.4406	2.307473
25980	-3413.498	-3580.337	166.8389	1.58784	2.297966	0.411162	0.5594	0.4406	2.161287
25986	-3419.476	-3586.38	166.9035	1.700829	2.812177	0.411162	0.630516	0.369484	1.877636
25992	-3408.736	-3575.769	167.0327	1.700829	2.837171	0.4079409	0.691401	0.308599	1.785302
25998	-3401.082	-3567.446	166.3642	1.609507	3.407634	0.3498326	0.63522	0.36478	2.213137
26004	-3410.963	-3577.906	166.9433	1.658367	3.744681	0.3541755	0.685127	0.314873	1.700815
26010	-3404.956	-3571.32	166.364	1.60422	3.665831	0.3781292	0.674549	0.325451	2.116447
26016	-3412.191	-3578.031	165.8401	1.442048	3.097796	0.4675415	0.672032	0.327968	2.586386
26022	-3403.578	-3570.411	166.8331	1.54127	3.097796	0.3754135	0.659775	0.340225	1.996787
26028	-3406.936	-3573.886	166.9503	1.633213	2.719359	0.3772489	0.659775	0.340225	1.964793
26034	-3409.504	-3576.568	167.0643	1.71508	2.4324	0.5353939	0.679859	0.320141	1.732928
26040	-3411.434	-3578.511	167.0773	1.714572	3.00525	0.4754134	0.773368	0.226632	1.605774
26046	-3411.046	-3578.194	167.1476	1.665672	3.777528	0.3877038	0.70341	0.29659	1.488544
26052	-3404.695	-3570.806	166.1112	1.579232	3.45416	0.3700406	0.627246	0.372754	2.356411
26058	-3424.278	-3590.696	166.4184	1.635588	2.263096	0.6002315	0.595318	0.404682	2.212525
26064	-3425.023	-3592.213	167.1895	1.878684	3.357916	0.343535	0.69818	0.30182	1.481481
26070	-3432.296	-3599.471	167.1749	1.657539	3.357916	0.3940017	0.553322	0.446678	1.580216
26076	-3427.398	-3594.156	166.7579	1.657539	2.848516	0.3940017	0.567746	0.432254	2.016001
26082	-3420.208	-3587.207	166.9991	1.663636	2.831257	0.4936615	0.600877	0.399123	1.730034
26088	-3416.298	-3583.511	167.2131	1.709242	2.831257	0.4744263	0.600877	0.399123	1.566948
26094	-3415.279	-3581.859	166.58	1.598978	2.831257	0.4744263	0.559334	0.440666	2.080328
26100	-3411.258	-3577.863	166.6051	1.55502	2.831257	0.4744263	0.635324	0.364676	2.092763
26106	-3410.514	-3576.658	166.1443	1.418903	3.291358	0.4941582	0.683375	0.316625	2.332488
26112	-3407.342	-3573.411	166.0682	1.372879	3.305592	0.3864568	0.691566	0.308434	2.528573
26118	-3419.428	-3585.339	165.911	1.382995	3.093013	0.4397915	0.691566	0.308434	2.610659
26124	-3412.042	-3577.518	165.4761	1.382995	2.864013	0.4397915	0.677801	0.322199	2.935719
26130	-3414.65	-3581.323	166.6726	1.49329	3.349938	0.3687192	0.693883	0.306117	2.076857
26136	-3417.848	-3584.261	166.4134	1.465483	2.471808	0.4968665	0.62448	0.37552	2.358611
26142	-3413.594	-3579.891	166.2969	1.538446	3.13975	0.4002251	0.671576	0.328424	2.304978
26148	-3417.644	-3584.487	166.8431	1.472672	2.607761	0.4002251	0.660511	0.339489	2.146373
26154	-3418.381	-3584.433	166.0518	1.448346	2.430664	0.4822602	0.661121	0.338879	2.623837
26160	-3428.906	-3594.286	165.3798	1.342518	2.430664	0.4836405	0.592491	0.407509	3.093982
26166	-3427.197	-3594.001	166.8046	1.414379	2.430664	0.4836405	0.649819	0.350181	2.167754
26172	-3421.505	-3587.623	166.1179	1.545414	2.893542	0.409902	0.664784	0.335216	2.468011
26178	-3411.605	-3577.792	166.1866	1.429939	2.883718	0.409902	0.566606	0.433394	2.499985
26184	-3425.591	-3591.694	166.103	1.440803	2.883718	0.409902	0.651707	0.348293	2.54537
26190	-3416.8	-3582.606	165.8064	1.417067	2.556173	0.4741847	0.66275	0.33725	2.764163
26196	-3424.524	-3590.397	165.8729	1.298479	2.384524	0.4611341	0.54998	0.45002	2.861427
26202	-3422.528	-3587.906	165.3781	1.431977	3.103862	0.4521254	0.472496	0.527504	2.890178
26208	-3424.678	-3589.835	165.1563	1.320076	2.816488	0.50321	0.472496	0.527504	3.112187
26214	-3422.71	-3588.238	165.528	1.364263	3.008237	0.5676187	0.571321	0.428679	2.749838
26220	-3427.357	-3594.091	166.7347	1.452664	2.170444	0.6197126	0.640447	0.359553	2.140294
26226	-3427.769	-3594.51	166.7409	1.701421	3.160507	0.5485887	0.708914	0.291086	1.724368
26232	-3427.591	-3593.108	165.5167	1.293128	2.710259	0.4170842	0.566973	0.433027	3.032057
26238	-3424.181	-3589.556	165.3754	1.251875	2.710259	0.3858093	0.702959	0.297041	3.176711
26244	-3411.51	-3576.284	164.7738	1.36356	3.344972	0.3858093	0.690783	0.309217	3.307635
26250	-3420.059	-3585.745	165.6858	1.350912	3.249463	0.3858093	0.690783	0.309217	2.792033
26256	-3432.081	-3596.898	164.8165	1.192364	3.249463	0.4212174	0.777407	0.222593	3.365452
26262	-3419.739	-3585.108	165.3684	1.215138	2.694491	0.3418459	0.723885	0.276115	3.260377
26268	-3415.748	-3580.454	164.7057	1.274111	3.095285	0.3564564	0.58556	0.41444	3.493661
26274	-3425.74	-3590.647	164.9067	1.250013	3.095285	0.2872158	0.539628	0.460372	3.480548
26280	-3417.957	-3582.739	164.7816	1.185075	2.732704	0.4517871	0.545745	0.454255	3.486724
26286	-3427.045	-3591.261	164.216	1.069794	2.524358	0.4517871	0.622425	0.377575	3.937118
26292	-3425.33	-3588.052	162.7228	1.068893	3.276107	0.4517871	0.622425	0.377575	4.596904
26298	-3418.03	-3582.089	164.0589	1.060194	3.276107	0.3602026	0.622425	0.377575	3.944153
26304	-3418.04	-3581.019	162.9794	1.066622	2.731522	0.5679119	0.622425	0.377575	4.477411
26310	-3427.378	-3591.922	164.5441	1.247568	2.731522	0.5679119	0.502984	0.497016	3.478351
26316	-3412.988	-3578.063	165.0751	1.291918	3.150853	0.4521636	0.59729	0.40271	3.144165
26322	-3428.456	-3592.93	164.4735	1.359752	3.909576	0.5069535	0.641952	0.358048	3.237195
26328	-3432.042	-3597.181	165.139	1.469378	3.217951	0.5069535	0.604256	0.395744	2.927526
26334	-3425.505	-3590.715	165.2104	1.202681	3.481386	0.3663901	0.52172	0.47828	3.136651
26340	-3432.297	-3596.613	164.316	1.245735	3.18896	0.6681916	0.67435	0.32565	3.414186
26346	-3424.545	-3590.776	166.2309	1.426999	2.27738	0.4954481	0.555921	0.444079	2.561364
26352	-3428.412	-3594.691	166.2795	1.426999	2.27738	0.4183228	0.555921	0.444079	2.615471
26358	-3413.291	-3576.509	163.2174	1.156905	2.904603	0.3797704	0.593236	0.406764	4.432138
26364	-3408.823	-3572.575	163.752	1.156883	2.939424	0.5669838	0.644901	0.355099	3.936052
26370	-3412.889	-3577.45	164.5609	1.28733	3.307376	0.3975595	0.699388	0.300612	3.472411
26376	-3419.683	-3583.477	163.794	1.271745	3.307376	0.3230947	0.699388	0.300612	4.013091
26382	-3408.4	-3572.763	164.3624	1.182059	3.307376	0.3230947	0.663547	0.336453	3.738243
26388	-3406.851	-3571.923	165.0723	1.24037	3.402466	0.4071704	0.59859	0.40141	3.16633
26394	-3415.839	-3579.389	163.5497	1.121558	3.402466	0.4362135	0.636958	0.363042	4.087731
26400	-3412.703	-3576.941	164.2379	1.245748	3.402466	0.3515256	0.590238	0.409762	3.716571
26406	-3421.148	-3584.795	163.6473	1.113962	3.232454	0.4132997	0.569259	0.430741	4.098582
26412	-3424.128	-3587.698	163.5697	1.103831	2.773699	0.4122577	0.612492	0.387508	4.260295
26418	-3425.172	-3590.52	165.3479	1.169475	2.773699	0.57233	0.57965	0.42035	3.034264
26424	-3429.306	-3593.606	164.3003	1.256583	2.563934	0.3607205	0.582988	0.417012	3.870462
26430	-3429.093	-3593.084	163.9906	1.214685	2.653086	0.532551	0.582988	0.417012	3.870462
26436	-3418.233	-3583.195	164.9618	1.23513	2.590091	0.3704117	0.582988	0.417012	3.481233
26442	-3415.942	-3579.66	163.7177	1.182139	2.960684	0.5631528	0.529219	0.470781	3.939264
26448	-3437.096	-3602.183	165.0862	1.348551	3.221178	0.5859881	0.687356	0.312644	2.957288
26454	-3429.408	-3594.313	164.9053	1.460664	2.572913	0.7841669	0.658096	0.341904	3.011289
26460	-3419.091	-3584.708	165.6166	1.327237	2.497834	0.5855242	0.642914	0.357086	2.843854
26466	-3409.481	-3574.907	165.4251	1.342502	3.445866	0.5052068	0.614749	0.385251	2.778739
26472	-3420.878	-3585.349	164.471	1.188637	3.525416	0.3720173	0.666174	0.333826	3.563105
26478	-3410.95	-3575.163	164.2124	1.201171	3.84615	0.4944381	0.545041	0.454959	3.508615
26484	-3407.905	-3572.452	164.5472	1.310731	3.317205	0.5634919	0.610918	0.389082	3.298045
26490	-3420.243	-3584.549	164.306	1.317635	3.317205	0.5341385	0.587074	0.412926	3.46226
26496	-3413.298	-3578.855	165.5572	1.349406	2.973538	0.4151745	0.650909	0.349091	2.905756
26502	-3404.525	-3570.097	165.5718	1.414097	3.975791	0.3872194	0.705217	0.294783	2.658396
26508	-3406.65	-3571.988	165.3378	1.39188	3.113288	0.3631315	0.6442	0.3558	3.038251
26514	-3417.266	-3582.191	164.9245	1.221629	3.113288	0.4682596	0.574732	0.425268	3.267419
26520	-3418.274	-3584.289	166.0147	1.403338	2.671245	0.4333673	0.741124	0.258876	2.65564
26526	-3407.886	-3573.184	165.2983	1.29611	2.671245	0.4333673	0.617297	0.382703	3.153357
26532	-3418.624	-3584.49	165.8662	1.371321	3.759714	0.4804307	0.595057	0.404943	2.442486
26538	-3421.609	-3587.085	165.4761	1.370451	3.006393	0.4804307	0.658534	0.341466	2.863066
26544	-3414.722	-3579.626	164.904	1.293633	3.006393	0.3616245	0.658534	0.341466	3.381752
26550	-3418.016	-3583.963	165.9466	1.401302	3.335861	0.3616245	0.676551	0.323449	2.610136
26556	-3420.86	-3585.824	164.9635	1.342729	2.981786	0.3616245	0.629598	0.370402	3.324117
26562	-3412.246	-3577.904	165.6577	1.373041	3.020761	0.5712994	0.6459	0.3541	2.658201
26568	-3412.158	-3578.845	166.6863	1.587038	3.109444	0.4196041	0.661636	0.338364	2.003835
26574	-3414.208	-3580.61	166.4021	1.610507	4.006535	0.5229429	0.708994	0.291006	1.834009
26580	-3408.773	-3574.578	165.8048	1.271509	2.901392	0.3639951	0.660141	0.339859	2.882737
26586	-3417.294	-3582.701	165.4069	1.340106	3.68866	0.3728937	0.676441	0.323559	2.882737
26592	-3414.632	-3581.098	166.466	1.64852	2.663956	0.4878863	0.65237	0.34763	2.157494
26598	-3420.744	-3587.282	166.5381	1.505044	2.820318	0.4878863	0.722897	0.277103	2.157494
26604	-3418.221	-3584.847	166.6266	1.577855	2.62517	0.656862	0.738668	0.261332	1.941339
26610	-3412.37	-3578.861	166.4915	1.600135	2.62517	0.4431652	0.762906	0.237094	2.234456
26616	-3418.163	-3584.357	166.1936	1.608969	3.077635	0.4943283	0.626575	0.373425	2.234456
26622	-3418.639	-3584.922	166.2833	1.608969	3.081503	0.363001	0.626575	0.373425	2.33125
26628	-3409.463	-3576.325	166.8614	1.603368	3.081503	0.4448705	0.69593	0.30407	1.851227
26634	-3421.433	-3588.272	166.8387	1.650558	2.823007	0.5632302	0.604391	0.395609	1.776452
26640	-3416.512	-3583.313	166.8006	1.546834	3.014648	0.3794801	0.676772	0.323228	2.032406
26646	-3413.843	-3580.783	166.9401	1.59576	2.665916	0.380439	0.683513	0.316487	2.008884
26652	-3408.523	-3575.021	166.4982	1.607841	2.958592	0.4227285	0.679086	0.320914	2.152037
26658	-3409.839	-3575.98	166.1413	1.489417	2.906725	0.4227285	0.727493	0.272507	2.469736
26664	-3409.287	-3575.573	166.2856	1.549651	2.906725	0.4281334	0.487762	0.512238	2.334308
26670	-3417.963	-3583.136	165.1728	1.200191	3.050408	0.3836353	0.68004	0.31996	3.241341
26676	-3402.066	-3568.133	166.0667	1.47514	2.513296	0.5806881	0.626302	0.373698	2.475199
26682	-3420.485	-3586.316	165.8315	1.307541	2.927512	0.4744125	0.632201	0.367799	2.711751
26688	-3419.378	-3585.025	165.647	1.492246	2.991829	0.5505689	0.673194	0.326806	2.618348
26694	-3421.273	-3587.377	166.1046	1.470721	3.083662	0.434231	0.664928	0.335072	2.444004
26700	-3415.044	-3581.144	166.1	1.422449	3.067234	0.4678671	0.582416	0.417584	2.444004
26706	-3419.8	-3585.986	166.1855	1.689174	3.067234	0.4119839	0.669623	0.330377	2.284655
26712	-3412.595	-3579.242	166.6473	1.5183	2.676645	0.3611428	0.71853	0.28147	2.272827
26718	-3417.292	-3583.706	166.4143	1.571748	3.299653	0.4685641	0.71853	0.28147	2.085089
26724	-3408.175	-3574.73	166.5545	1.609923	3.299653	0.4685641	0.71184	0.28816	1.966665
26730	-3424.083	-3590.056	165.9731	1.491515	3.299653	0.5055258	0.696448	0.303552	2.381026
26736	-3425.657	-3592.01	166.3531	1.596889	2.834798	0.4837687	0.735316	0.264684	2.218202
26742	-3421.849	-3588.963	167.1131	1.696243	2.810217	0.3685446	0.735316	0.264684	1.794808
26748	-3425.541	-3592.49	166.9487	1.737475	3.096294	0.3685446	0.716502	0.283498	1.794808
26754	-3410.662	-3575.826	165.1641	1.352609	3.421563	0.5305224	0.674463	0.325537	2.91182
26760	-3415.89	-3580.82	164.9296	1.347619	2.708395	0.5378472	0.636797	0.363203	3.226448
26766	-3411.215	-3577.129	165.9146	1.476895	2.708395	0.4654404	0.602539	0.397461	2.626163
26772	-3427.187	-3591.923	164.7354	1.210823	3.625969	0.3095667	0.686715	0.313285	3.452591
26778	-3424.429	-3588.934	164.5053	1.295257	3.018286	0.3621659	0.678319	0.321681	3.609868
26784	-3426.246	-3591.194	164.9481	1.23724	2.421797	0.3869562	0.564586	0.435414	3.516907
26790	-3420.987	-3587.48	166.4928	1.51032	2.892478	0.475712	0.549107	0.450893	2.176173
26796	-3421.996	-3588.39	166.3947	1.416567	2.734805	0.4639259	0.654609	0.345391	2.357594
26802	-3421.587	-3587.06	165.4733	1.3736	2.361781	0.5651481	0.558412	0.441588	2.962187
26808	-3408.867	-3574.733	165.8663	1.442947	2.894629	0.5792609	0.688988	0.311012	2.511779
26814	-3411.778	-3578.272	166.4937	1.621486	3.380582	0.5410924	0.63966	0.36034	1.898129
26820	-3403.465	-3568.915	165.4497	1.302448	2.300202	0.5329521	0.63966	0.36034	3.068051
26826	-3414.885	-3580.812	165.9267	1.347273	2.295404	0.5223209	0.63966	0.36034	2.764818
26832	-3411.99	-3578.15	166.1601	1.416078	2.366946	0.3387165	0.591696	0.408304	2.764818
26838	-3414.028	-3580.067	166.0388	1.478709	2.721746	0.423673	0.612318	0.387682	2.5908
26844	-3433.812	-3601.177	167.3645	1.834512	2.762054	0.4990515	0.61749	0.38251	1.34829
26850	-3413.405	-3580.837	167.4312	1.862054	2.762054	0.4468533	0.558102	0.441898	1.34472
26856	-3412.951	-3580.03	167.0785	1.72464	2.622626	0.4401308	0.575232	0.424768	1.763772
26862	-3411.492	-3578.049	166.5569	1.633929	3.079489	0.4401308	0.625246	0.374754	2.041875
26868	-3406.675	-3573.33	166.6543	1.583051	2.647695	0.477412	0.729259	0.270741	2.093814
26874	-3403.507	-3570.188	166.6805	1.583051	2.647695	0.4385584	0.705273	0.294727	2.121356
26880	-3412.851	-3579.631	166.7798	1.583051	3.220722	0.4385584	0.627866	0.372134	1.88974
26886	-3410.669	-3577.166	166.4968	1.511344	3.139331	0.4310696	0.603413	0.396587	2.15641
26892	-3417.139	-3584.108	166.9693	1.698208	2.6438	0.4088028	0.573672	0.426328	1.890201
26898	-3414.419	-3580.924	166.5046	1.698208	2.84736	0.4939375	0.493949	0.506051	2.038096
26904	-3414.473	-3581.04	166.5669	1.500875	3.165495	0.4939375	0.667038	0.332962	2.038096
26910	-3421.786	-3588.109	166.3231	1.454981	2.81665	0.4939375	0.609803	0.390197	2.322626
26916	-3428.076	-3594.448	166.372	1.406073	2.81665	0.4939375	0.692216	0.307784	2.322626
26922	-3415.441	-3581.009	165.5678	1.439961	2.905137	0.4243007	0.592475	0.407525	2.852079
26928	-3411.284	-3577.11	165.8259	1.43419	3.273642	0.4243007	0.647941	0.352059	2.603859
26934	-3427.153	-3593.077	165.9244	1.484706	4.157036	0.5126629	0.50382	0.49618	2.213105
26940	-3415.578	-3582.096	166.518	1.458295	3.222743	0.4929075	0.59056	0.40944	2.084399
26946	-3432.889	-3598.375	165.4865	1.401258	3.441358	0.4567238	0.514486	0.485514	2.756777
26952	-3416.866	-3583.124	166.2581	1.41997	3.592366	0.3925826	0.616935	0.383065	2.302834
26958	-3407.78	-3573.487	165.7074	1.433716	3.380269	0.3925826	0.645263	0.354737	2.688711
26964	-3410.318	-3576.41	166.0923	1.431335	2.522381	0.5988801	0.562788	0.437212	2.467074
26970	-3418.41	-3584.822	166.4126	1.521085	2.566056	0.5519847	0.581273	0.418727	2.237851
26976	-3413.168	-3579.261	166.0925	1.501648	2.90137	0.4970162	0.631202	0.368798	2.412284
26982	-3422.099	-3588.062	165.9628	1.501648	2.966749	0.3410885	0.6641	0.3359	2.657951
26988	-3419.511	-3586.264	166.7535	1.501648	3.169737	0.2944957	0.514836	0.485164	2.171511
26994	-3422.999	-3589.394	166.395	1.449202	3.169737	0.5050791	0.513721	0.486279	2.171511
27000	-3421.977	-3588.002	166.0257	1.366846	3.169737	0.4156984	0.651169	0.348831	2.557534
27006	-3427.045	-3593.772	166.727	1.534134	2.6752	0.4217187	0.584644	0.415356	2.134726
27012	-3423.641	-3589.476	165.835	1.420987	3.088748	0.4800073	0.643372	0.356628	2.591648
27018	-3424.664	-3591.192	166.528	1.541409	2.76045	0.3841321	0.601377	0.398623	2.279974
27024	-3416.172	-3582.711	166.5394	1.525323	2.76045	0.3376266	0.632543	0.367457	2.344243
27030	-3427.599	-3594.869	167.2701	1.596044	2.6752	0.4510617	0.60958	0.39042	1.688266
27036	-3414.206	-3580.843	166.6369	1.495639	2.782085	0.4405957	0.611443	0.388557	2.164105
27042	-3427.371	-3594.402	167.0309	1.50591	2.639798	0.4405957	0.603419	0.396581	1.940092
27048	-3417.273	-3584.304	167.0317	1.56461	3.032644	0.3795472	0.603419	0.396581	1.859671
27054	-3408.848	-3575.607	166.7591	1.625331	3.032644	0.4960335	0.688711	0.311289	1.859768
27060	-3405.028	-3572.118	167.09	1.690772	3.032644	0.4250573	0.66657	0.33343	1.669906
27066	-3406.5	-3573.47	166.9696	1.667302	2.891319	0.545916	0.659931	0.340069	1.669906
27072	-3414.375	-3581.395	167.0196	1.767927	2.919804	0.545916	0.731106	0.268894	1.551672
27078	-3423.195	-3590.539	167.3437	1.759656	3.559866	0.460517	0.731106	0.268894	1.212875
27084	-3425.152	-3592.507	167.3554	1.628463	3.559866	0.3432408	0.584054	0.415946	1.487841
27090	-3413.041	-3579.77	166.7296	1.662661	3.274707	0.320687	0.527915	0.472085	2.014335
27096	-3424.844	-3592.218	167.3739	1.769901	2.516557	0.4813965	0.80781	0.19219	1.502775
27102	-3417.766	-3585.408	167.6412	1.883669	2.366594	0.522426	0.522802	0.477198	1.205942
27108	-3409.894	-3577.508	167.6133	1.868838	2.57951	0.522426	0.639461	0.360539	1.151332
27114	-3417.935	-3585.518	167.5835	1.868838	2.814168	0.4447484	0.652041	0.347959	1.197289
27120	-3414.157	-3581.548	167.3903	1.870616	3.483406	0.4447484	0.701955	0.298045	1.12453
27126	-3408.495	-3576.065	167.57	1.864525	2.726318	0.4447484	0.550568	0.449432	1.24601
27132	-3401.298	-3568.843	167.5453	1.902159	3.002403	0.3738445	0.669785	0.330215	1.24601
27138	-3415.36	-3582.886	167.5258	1.866538	3.294592	0.3738445	0.588037	0.411963	1.19147
27144	-3420.118	-3585.735	165.6179	1.392604	3.322343	0.391267	0.522892	0.477108	2.783932
27150	-3406.942	-3572.8	165.8582	1.404354	2.919625	0.4208325	0.619653	0.380347	2.69676
27156	-3408.642	-3574.505	165.8627	1.342466	2.914102	0.458299	0.513093	0.486907	2.691876
27162	-3405.227	-3570.809	165.5819	1.434614	2.914102	0.458299	0.690009	0.309991	2.807188
27168	-3408.368	-3574.142	165.7743	1.434244	2.917317	0.4916432	0.663401	0.336599	2.653825
27174	-3403.435	-3569.406	165.9703	1.407304	3.722518	0.3464854	0.546986	0.453014	2.521796
27180	-3412.08	-3578.444	166.3644	1.435205	2.694595	0.3438289	0.616837	0.383163	2.521796
27186	-3411.48	-3577.81	166.3296	1.469967	2.694595	0.3438289	0.616837	0.383163	2.521796
27192	-3416.892	-3582.03	165.138	1.429975	2.694595	0.5618314	0.572495	0.427505	3.035153
27198	-3411.336	-3575.724	164.3883	1.171613	2.889148	0.5677651	0.535379	0.464621	3.572396
27204	-3406.886	-3570.114	163.2288	1.155507	3.444466	0.5677651	0.680672	0.319328	4.118125
27210	-3401.325	-3564.805	163.4805	1.028056	3.138443	0.5552249	0.571861	0.428139	4.12701
27216	-3405.273	-3568.029	162.756	1.231289	3.138443	0.8979241	0.548096	0.451904	4.173792
27222	-3405.776	-3569.25	163.4741	1.387225	2.534214	0.8979241	0.617582	0.382418	3.828221
27228	-3417.709	-3581.555	163.8454	1.22747	2.808801	0.7136101	0.726379	0.273621	3.757569
27234	-3417.926	-3582.081	164.1554	1.178001	2.925181	0.4988176	0.58423	0.41577	3.757569
27240	-3410.166	-3574.054	163.8876	1.147619	2.71283	0.4946267	0.588517	0.411483	3.987278
27246	-3417.517	-3581.919	164.4016	1.263864	2.961388	0.3934072	0.559157	0.440843	3.665904
27252	-3415.033	-3579.943	164.9094	1.252744	2.328613	0.3001758	0.635197	0.364803	3.665904
27258	-3415.85	-3580.465	164.6143	1.225288	2.697947	0.3650433	0.631647	0.368353	3.665904
27264	-3413.769	-3577.75	163.9819	1.061379	3.112455	0.3650433	0.561562	0.438438	4.019639
27270	-3414.106	-3576.854	162.7475	1.099433	3.544277	0.3558782	0.677801	0.322199	4.611476
27276	-3414.456	-3579.327	164.8713	1.086724	2.906377	0.3330267	0.611854	0.388146	3.582144
27282	-3415.958	-3581.39	165.4319	1.205009	3.053719	0.3304973	0.63607	0.36393	3.149614
27288	-3414.004	-3578.477	164.4726	1.121867	3.313646	0.3564375	0.76824	0.23176	3.666522
27294	-3396.469	-3561.511	165.0416	1.146411	3.313646	0.5184682	0.637828	0.362172	3.145226
27300	-3411.742	-3576.57	164.8279	1.259532	2.98619	0.5536478	0.542694	0.457306	3.25132
27306	-3417.253	-3583.253	165.9994	1.3215	2.761969	0.4414696	0.567893	0.432107	2.680693
27312	-3421.64	-3588.033	166.3928	1.353035	3.344321	0.4414696	0.567893	0.432107	2.260833
27318	-3417.754	-3584.138	166.3831	1.376442	3.002904	0.4528105	0.628807	0.371193	2.327815
27324	-3413.149	-3579.112	165.9623	1.415752	3.002904	0.4528105	0.557488	0.442512	2.567531
27330	-3418.796	-3585.3	166.5044	1.449805	2.747279	0.4661445	0.595418	0.404582	2.260274
27336	-3415.422	-3581.599	166.177	1.431013	3.125391	0.3809561	0.644482	0.355518	2.476327
27342	-3414.212	-3580.673	166.4616	1.48102	2.96197	0.5271041	0.636573	0.363427	2.140747
27348	-3418.517	-3584.018	165.5015	1.541985	3.135821	0.6867291	0.588095	0.411905	2.519911
27354	-3431.439	-3598.161	166.7218	1.729149	2.827926	0.4052087	0.606737	0.393263	1.983983
27360	-3422.605	-3588.249	165.6441	1.313559	3.135821	0.4794634	0.676699	0.323301	2.76371
27366	-3426.35	-3592.068	165.718	1.431722	3.623466	0.3938923	0.553281	0.446719	2.625643
27372	-3408.614	-3573.356	164.7415	1.189779	3.81651	0.4977664	0.610639	0.389361	3.207215
27378	-3423.924	-3589.027	165.1025	1.300996	2.548717	0.3709444	0.663418	0.336582	3.371331
27384	-3416.605	-3581.213	164.608	1.225121	4.138605	0.3430316	0.574364	0.425636	3.371867
27390	-3431.229	-3593.982	162.7538	1.142352	4.138605	0.3430316	0.442504	0.557496	4.482732
27396	-3422.032	-3584.976	162.9437	1.100133	4.138605	0.3310299	0.482709	0.517291	4.414171
27402	-3417.61	-3581.066	163.4563	1.116738	3.889643	0.5140183	0.481314	0.518686	3.966575
27408	-3417.77	-3581.559	163.7893	1.215688	3.889643	0.3256561	0.535351	0.464649	3.92221
27414	-3413.568	-3577.503	163.9351	1.374626	4.007014	0.3256561	0.50327	0.49673	3.723946
27420	-3418.939	-3583.558	164.6187	1.187018	4.007014	0.4093831	0.657875	0.342125	3.335209
27426	-3410.624	-3576.083	165.4589	1.445762	4.430588	0.4537201	0.520556	0.479444	2.540825
27432	-3409.086	-3575.029	165.9433	1.40828	3.016986	0.5216816	0.617497	0.382503	2.508064
27438	-3404.638	-3571.336	166.6986	1.531723	3.17229	0.4440961	0.617497	0.382503	1.985491
27444	-3406.577	-3572.704	166.1277	1.508445	3.645579	0.4465705	0.667058	0.332942	2.252666
27450	-3415.505	-3581.202	165.6969	1.411686	3.80095	0.4265282	0.529697	0.470303	2.573504
27456	-3415.454	-3581.597	166.1427	1.369956	2.945119	0.4265984	0.529697	0.470303	2.528664
27462	-3418.641	-3584.652	166.0102	1.567666	3.335076	0.3693722	0.564979	0.435021	2.457173
27468	-3410.9	-3577.764	166.8638	1.775777	2.857858	0.276488	0.596611	0.403389	2.034432
27474	-3412.757	-3579.771	167.0137	1.754995	2.954333	0.276488	0.651066	0.348934	1.919822
27480	-3402.255	-3569.634	167.3793	1.730887	2.954333	0.4168458	0.687173	0.312827	1.463579
27486	-3403.248	-3570.473	167.2248	1.724042	2.931233	0.3907004	0.619481	0.380519	1.627309
27492	-3406.792	-3574.081	167.2893	1.612053	2.94465	0.4322531	0.560783	0.439217	1.600544
27498	-3404.288	-3570.961	166.6727	1.476596	2.94465	0.4398288	0.67507	0.32493	2.107214
27504	-3406.085	-3572.915	166.8303	1.525263	2.94465	0.3589944	0.665351	0.334649	2.074357
27510	-3412.347	-3578.807	166.4607	1.456431	2.685186	0.4695439	0.650811	0.349189	2.298571
27516	-3423.97	-3590.751	166.7811	1.50337	2.482401	0.4695439	0.62355	0.37645	2.123931
27522	-3408.7	-3573.907	165.2067	1.314003	2.750222	0.4190068	0.578278	0.421722	3.191233
27528	-3417.128	-3582.401	165.2735	1.400116	2.750222	0.3015979	0.502102	0.497898	3.245017
27534	-3402.661	-3568.548	165.8875	1.492942	2.962904	0.3015979	0.633344	0.366656	2.764468
27540	-3408.643	-3574.703	166.0593	1.46987	3.122565	0.4193682	0.633344	0.366656	2.48007
27546	-3423.547	-3589.459	165.9119	1.382916	3.716732	0.4229994	0.573531	0.426469	2.48007
27552	-3419.969	-3585.741	165.7722	1.290423	3.716732	0.4229994	0.618853	0.381147	2.624484
27558	-3420.881	-3587.052	166.1715	1.427975	3.048082	0.3349086	0.618853	0.381147	2.561363
27564	-3416.682	-3582.76	166.0779	1.427975	2.594758	0.4909758	0.565356	0.434644	2.561363
27570	-3417.041	-3582.984	165.9424	1.385106	2.37683	0.4257919	0.604173	0.395827	2.807597
27576	-3416.95	-3582.554	165.6043	1.476177	2.37683	0.5745835	0.712363	0.287637	2.807597
27582	-3416.737	-3581.949	165.2114	1.376149	3.121687	0.5745835	0.724622	0.275378	2.8998
27588	-3418.558	-3584.689	166.1313	1.434902	2.579394	0.5745835	0.655772	0.344228	2.44556
27594	-3411.308	-3577.633	166.3248	1.331378	2.900397	0.3954721	0.621623	0.378377	2.487941
27600	-3414.199	-3580.001	165.8026	1.395984	3.856887	0.3789645	0.695872	0.304128	2.562178
27606	-3423.538	-3589.89	166.352	1.399059	3.406991	0.3789645	0.695872	0.304128	2.317843
27612	-3424.181	-3590.364	166.1834	1.403029	2.938586	0.4297854	0.671255	0.328745	2.480717
27618	-3414.881	-3581.32	166.4392	1.364339	3.0294	0.3724947	0.578198	0.421802	2.389106
27624	-3415.444	-3580.58	165.1354	1.325519	2.570333	0.4966223	0.598232	0.401768	3.195585
27630	-3410.317	-3575.533	165.2162	1.285402	3.153037	0.5296745	0.680375	0.319625	2.985523
27636	-3422.501	-3587.857	165.3552	1.330134	3.153037	0.5296745	0.539337	0.460663	2.874784
27642	-3413.065	-3578.991	165.9263	1.414713	3.710821	0.3951713	0.711578	0.288422	2.485522
27648	-3420.019	-3585.613	165.5936	1.462589	3.371439	0.4260725	0.60435	0.39565	2.703886
27654	-3416.508	-3581.145	164.637	1.249333	3.319597	0.4130059	0.637978	0.362022	3.43008
27660	-3407.925	-3572.992	165.0672	1.300584	3.319597	0.4130059	0.637978	0.362022	3.146112
27666	-3418.768	-3583.116	164.3473	1.204479	3.765586	0.3305273	0.625054	0.374946	3.625812
27672	-3422.411	-3587.408	164.9967	1.239482	3.452123	0.3305273	0.587513	0.412487	3.292856
27678	-3430.063	-3594.59	164.5268	1.379215	3.452123	0.5056621	0.614982	0.385018	3.292856
27684	-3424.495	-3589.017	164.5217	1.311112	2.940844	0.5056621	0.481303	0.518697	3.45721
27690	-3416.948	-3582.089	165.141	1.177214	2.610563	0.4425398	0.582725	0.417275	3.323722
27696	-3431.924	-3598.278	166.3537	1.430282	2.610563	0.5104293	0.679857	0.320143	2.361965
27702	-3413.5	-3579.8	166.3002	1.436072	3.795898	0.3881658	0.602211	0.397789	2.224153
27708	-3432.67	-3598.746	166.076	1.422748	3.795898	0.3881658	0.767134	0.232866	2.375902
27714	-3416.889	-3582.37	165.4808	1.307194	3.720826	0.457433	0.638004	0.361996	2.754041
27720	-3420.158	-3585.112	164.9542	1.133494	3.720826	0.3282449	0.646239	0.353761	3.325005
27726	-3416.889	-3582.926	166.0365	1.401273	3.720826	0.3061251	0.681879	0.318121	2.54023
27732	-3410.343	-3575.92	165.577	1.317212	3.720826	0.2742044	0.67653	0.32347	2.919626
27738	-3412.743	-3578.409	165.6662	1.34549	3.396751	0.2739189	0.681915	0.318085	2.921578
27744	-3420.724	-3586.187	165.4631	1.223187	3.396751	0.2731145	0.652114	0.347886	3.117748
27750	-3414.079	-3580.219	166.1401	1.482975	3.396751	0.2826059	0.718773	0.281227	2.534092
27756	-3412.051	-3578.529	166.4778	1.576778	2.999115	0.3817237	0.718773	0.281227	2.225231
27762	-3428.041	-3594.119	166.0787	1.308009	3.552063	0.3817237	0.567392	0.432608	2.509675
27768	-3422.681	-3589.397	166.7156	1.454666	2.424218	0.3817237	0.567392	0.432608	2.321257
27774	-3411.502	-3577.706	166.2041	1.540472	3.60244	0.3817237	0.650487	0.349513	2.271595
27780	-3410.526	-3576.538	166.012	1.435357	3.270463	0.3673982	0.600726	0.399274	2.557056
27786	-3405.147	-3571.617	166.4693	1.455728	3.239495	0.4415057	0.664234	0.335766	2.171786
27792	-3408.631	-3575.081	166.4508	1.365472	2.469697	0.4908329	0.548119	0.451881	2.405293
27798	-3409.288	-3576.217	166.9298	1.598673	2.757912	0.4801898	0.580302	0.419698	1.861659
27804	-3410.118	-3576.704	166.5862	1.636297	2.757912	0.536391	0.585418	0.414582	2.006026
27810	-3423.924	-3590.622	166.6988	1.629522	3.130893	0.3846971	0.743125	0.256875	2.006026
27816	-3414.419	-3581.542	167.1228	1.619655	3.369264	0.2863173	0.713863	0.286137	1.805878
27822	-3416.484	-3582.659	166.1751	1.536429	2.72403	0.5284821	0.658861	0.341139	2.355862
27828	-3417.657	-3584.534	166.8773	1.583817	2.72403	0.4332202	0.640901	0.359099	1.973641
27834	-3426.81	-3593.528	166.7173	1.523822	3.338557	0.4641997	0.668877	0.331123	1.909795
27840	-3418.534	-3584.93	166.396	1.51694	2.65508	0.543003	0.55553	0.44447	2.232898
27846	-3421.775	-3588.257	166.4821	1.416585	3.635164	0.3383043	0.769919	0.230081	2.222609
27852	-3422.851	-3589.587	166.7352	1.567061	2.993746	0.4773691	0.556919	0.443081	1.947971
27858	-3436.099	-3602.037	165.9382	1.509615	2.993746	0.3992831	0.556919	0.443081	2.588065
27864	-3417.909	-3582.687	164.7781	1.327027	2.890742	0.6323273	0.61171	0.38829	3.196968
27870	-3409.449	-3574.291	164.8412	1.271288	2.890742	0.6048184	0.546506	0.453494	3.215763
27876	-3407.571	-3572.406	164.8346	1.159725	2.295448	0.5626355	0.579276	0.420724	3.489561
27882	-3405.273	-3570.121	164.848	1.18247	2.782854	0.4126643	0.645015	0.354985	3.477915
27888	-3415.054	-3580.244	165.1898	1.238447	2.782854	0.4126643	0.521227	0.478773	3.244292
27894	-3429.218	-3594.205	164.9873	1.247026	2.951353	0.487278	0.675167	0.324833	3.23648
27900	-3422.307	-3586.11	163.8033	1.267622	2.951353	0.3204464	0.553516	0.446484	4.096954
27906	-3426.121	-3589.465	163.3433	1.20171	3.003366	0.5196029	0.553516	0.446484	4.170137
27912	-3430.762	-3595.404	164.6414	1.232738	3.155618	0.3994022	0.714083	0.285917	3.490648
27918	-3419.247	-3584.27	165.0226	1.248191	3.155618	0.4391827	0.60396	0.39604	3.213896
27924	-3424.729	-3590.141	165.4114	1.237681	3.155618	0.4391827	0.678991	0.321009	2.988356
27930	-3418.032	-3583.111	165.0794	1.229727	2.875571	0.4391827	0.678991	0.321009	3.261289
27936	-3419.387	-3585.381	165.9945	1.252392	2.495785	0.3549415	0.678991	0.321009	2.904517
27942	-3411.638	-3576.205	164.567	1.111355	2.855639	0.3740109	0.582851	0.417149	3.707352
27948	-3411.307	-3575.534	164.2272	1.175747	2.997412	0.3740109	0.639687	0.360313	3.830718
27954	-3407.429	-3572.159	164.7295	1.310137	3.189487	0.3740109	0.600905	0.399095	3.4151
27960	-3419.095	-3583.809	164.7144	1.19507	3.189487	0.3740109	0.673872	0.326128	3.491221
27966	-3408.571	-3574.379	165.8085	1.303527	3.80224	0.3740109	0.608873	0.391127	2.633769
27972	-3410.952	-3576.194	165.2423	1.146985	2.728258	0.3740109	0.598883	0.401117	3.326336
27978	-3411.09	-3576.815	165.7256	1.459358	2.864576	0.5581711	0.521941	0.478059	2.616935
27984	-3404.936	-3570.99	166.0543	1.55628	3.049126	0.5581711	0.521941	0.478059	2.299896
27990	-3407.957	-3573.29	165.3322	1.423031	3.049126	0.3673652	0.659097	0.340903	3.033727
27996	-3417.709	-3582.823	165.114	1.411047	3.051658	0.3739807	0.634208	0.365792	3.162343
28002	-3422.917	-3589.636	166.7183	1.494651	2.869527	0.3739807	0.539126	0.460874	2.168989
28008	-3436.908	-3602.976	166.0678	1.341614	3.041944	0.3663652	0.707282	0.292718	2.639635
28014	-3431.612	-3597.036	165.4235	1.326761	2.82746	0.4224582	0.681071	0.318929	3.029897
28020	-3427.097	-3592.987	165.8905	1.390385	2.809601	0.4550722	0.626895	0.373105	2.677211
28026	-3422.716	-3588.673	165.9571	1.400367	2.809601	0.4310763	0.626895	0.373105	2.65659
28032	-3409.803	-3576.724	166.921	1.516566	3.360794	0.4042966	0.695225	0.304775	1.844476
28038	-3422.669	-3589.414	166.7452	1.536166	3.360794	0.4042966	0.645331	0.354669	1.950562
28044	-3435.037	-3602.176	167.1394	1.727454	3.02569	0.4632562	0.664752	0.335248	1.560012
28050	-3435.435	-3602.584	167.1495	1.727454	2.439461	0.5795513	0.634976	0.365024	1.612523
28056	-3426.018	-3593.089	167.0711	1.650268	3.61908	0.3625878	0.634976	0.365024	1.635158
28062	-3425.958	-3592.133	166.1756	1.410615	3.61908	0.3051173	0.696249	0.303751	2.471918
28068	-3412.129	-3577.849	165.7199	1.542105	3.254725	0.3101882	0.64559	0.35441	2.751137
28074	-3414.056	-3579.953	165.8966	1.421843	3.703563	0.4502683	0.59708	0.40292	2.437131
28080	-3435.457	-3600.906	165.4489	1.283642	3.509736	0.3803495	0.636188	0.363812	2.92207
28086	-3431.9	-3597.139	165.2392	1.286352	3.246865	0.4379215	0.619299	0.380701	3.041674
28092	-3419.407	-3584.922	165.5148	1.352894	3.246865	0.4307035	0.65516	0.34484	2.843512
28098	-3422.035	-3588.077	166.0418	1.479275	3.246865	0.5370497	0.478364	0.521636	2.326332
28104	-3418.126	-3583.997	165.8712	1.394329	3.083064	0.4467917	0.488447	0.511553	2.623014
28110	-3417.519	-3583.757	166.2379	1.412078	3.445293	0.4113572	0.593345	0.406655	2.332765
28116	-3418.202	-3583.855	165.6529	1.416898	3.212298	0.4326909	0.617795	0.382205	2.726569
28122	-3430.961	-3595.182	164.2206	1.183933	3.522368	0.4206587	0.690374	0.309626	3.657051
28128	-3417.941	-3582.926	164.9856	1.188813	2.904935	0.5367679	0.660831	0.339169	3.236166
28134	-3412.697	-3577.993	165.2955	1.339479	3.037385	0.5367679	0.660831	0.339169	2.927368
28140	-3418.793	-3585.496	166.7033	1.403951	2.399907	0.3733532	0.587645	0.412355	2.379768
28146	-3424.135	-3590.192	166.057	1.51921	2.785243	0.5369217	0.617975	0.382025	2.415417
28152	-3415.261	-3581.339	166.0786	1.379629	3.355871	0.3622641	0.679951	0.320049	2.536036
28158	-3420.262	-3585.906	165.6431	1.341472	3.679962	0.4544982	0.637103	0.362897	2.645605
28164	-3410.789	-3576.254	165.4654	1.341472	3.323778	0.3858174	0.623128	0.376872	2.913631
28170	-3411.735	-3577.657	165.9221	1.440666	4.382239	0.3858174	0.675694	0.324306	2.341921
28176	-3412.116	-3577.925	165.8086	1.384339	3.659136	0.4941417	0.642196	0.357804	2.478518
28182	-3412.135	-3577.984	165.8494	1.413251	3.533859	0.5610137	0.594914	0.405086	2.396584
28188	-3421.973	-3587.585	165.6118	1.464527	2.798786	0.5409631	0.604169	0.395831	2.718213
28194	-3435.723	-3601.905	166.1814	1.424336	2.831105	0.5409631	0.672185	0.327815	2.379754
28200	-3430.544	-3593.876	163.3319	1.20338	3.52911	0.5514188	0.434642	0.565358	4.028134
28206	-3412.27	-3576.327	164.0567	1.266902	4.181125	0.5626815	0.68795	0.31205	3.431965
28212	-3434.514	-3597.647	163.1335	1.06798	2.32066	0.5506907	0.621522	0.378478	4.517651
28218	-3444.521	-3608.248	163.7269	1.161853	2.768575	0.5506907	0.621522	0.378478	4.005039
28224	-3431.535	-3595.013	163.4786	1.331177	3.514451	0.7323176	0.625648	0.374352	3.729286
28230	-3413.901	-3579.1	165.1996	1.322912	3.816604	0.4392166	0.659361	0.340639	2.914404
28236	-3403.501	-3568.646	165.1453	1.309733	3.51627	0.3845525	0.720172	0.279828	3.082079
28242	-3409.603	-3575.732	166.129	1.384892	3.319378	0.3768315	0.626577	0.373423	2.491695
28248	-3405.251	-3571.458	166.2068	1.430319	3.503304	0.3768315	0.639413	0.360587	2.369764
28254	-3418.968	-3583.439	164.4709	1.437267	3.950651	0.617087	0.60767	0.39233	3.084593
28260	-3408.12	-3572.901	164.781	1.323129	3.950651	0.617087	0.60767	0.39233	2.967191
28266	-3415.898	-3580.719	164.8212	1.323129	3.995869	0.5633279	0.675366	0.324634	2.981391
28272	-3427.071	-3590.864	163.7937	1.079676	2.875127	0.4905131	0.552515	0.447485	4.041916
28278	-3421.664	-3585.578	163.9143	1.111916	1.988097	0.5064815	0.634532	0.365468	4.195584
28284	-3423.45	-3588.878	165.4279	1.250767	2.4232	0.6754733	0.616384	0.383616	2.950232
28290	-3444.396	-3609.706	165.3101	1.450911	3.086036	0.684612	0.547491	0.452509	2.709017
28296	-3441.792	-3606.342	164.5496	1.447811	2.920844	0.684612	0.603217	0.396783	3.210828
28302	-3426.91	-3593.106	166.1957	1.666223	2.681369	0.7047713	0.683652	0.316348	2.109014
28308	-3427.301	-3593.518	166.2167	1.621107	2.637217	0.7399696	0.558287	0.441713	2.109014
28314	-3402.996	-3569.858	166.8626	1.638248	3.550341	0.4635069	0.607459	0.392541	1.674582
28320	-3409.83	-3577.099	167.2689	1.574661	2.469677	0.4327973	0.660213	0.339787	1.796428
28326	-3412.282	-3579.206	166.9246	1.633574	2.469677	0.6095464	0.695196	0.304804	1.796428
28332	-3431.426	-3598.73	167.3037	1.633052	2.469677	0.3729858	0.754088	0.245912	1.811396
28338	-3419.647	-3586.258	166.6111	1.514363	2.469677	0.4289086	0.657527	0.342473	2.277742
28344	-3407.388	-3573.916	166.5281	1.575474	3.429475	0.4289086	0.635057	0.364943	2.020846
28350	-3405.993	-3572.372	166.3785	1.590231	3.429475	0.5529717	0.661439	0.338561	1.971806
28356	-3407.29	-3573.492	166.2017	1.510425	3.682203	0.3871304	0.624803	0.375197	2.26696
28362	-3401.302	-3567.831	166.5285	1.500786	3.136416	0.560628	0.624803	0.375197	2.000964
28368	-3400.687	-3567.12	166.4337	1.556976	3.136416	0.5369312	0.624803	0.375197	2.050952
28374	-3428.365	-3595.013	166.6479	1.573447	2.94043	0.4216843	0.685871	0.314129	2.082932
28380	-3417.218	-3584.16	166.9425	1.540703	2.911764	0.4371999	0.694916	0.305084	1.897311
28386	-3413.837	-3580.347	166.5097	1.570936	2.747469	0.5260699	0.635817	0.364183	2.113666
28392	-3414.906	-3581.431	166.5248	1.607079	2.823012	0.4744384	0.692864	0.307136	2.113666
28398	-3413.827	-3580.437	166.6093	1.631643	2.927425	0.4148358	0.737599	0.262401	2.082157
28404	-3418.916	-3585.699	166.7828	1.543516	2.927425	0.3711086	0.620264	0.379736	2.082157
28410	-3420.582	-3587.309	166.7265	1.513783	2.927425	0.5759473	0.606763	0.393237	1.902729
28416	-3417.314	-3583.495	166.1809	1.536036	2.860792	0.4156171	0.621208	0.378792	2.436584
28422	-3408.031	-3573.969	165.938	1.389525	3.060082	0.4528275	0.62671	0.37329	2.583929
28428	-3416.304	-3582.259	165.9544	1.298245	3.060082	0.4528275	0.726436	0.273564	2.630255
28434	-3423.987	-3589.764	165.7774	1.408541	3.060082	0.4915927	0.640136	0.359864	2.630255
28440	-3418.03	-3585.155	167.125	1.585059	2.763661	0.4409532	0.640136	0.359864	1.782072
28446	-3409.661	-3576.586	166.9245	1.514465	2.635593	0.4616333	0.72979	0.27021	1.982022
28452	-3411.129	-3577.72	166.5913	1.514465	3.444858	0.4616333	0.717879	0.282121	1.976425
28458	-3420.503	-3586.749	166.2461	1.532613	3.444858	0.3851812	0.571569	0.428431	2.28302
28464	-3431.315	-3598.382	167.0669	1.570929	3.004759	0.4470677	0.575105	0.424895	1.751024
28470	-3422.586	-3588.73	166.1442	1.508335	3.150284	0.4722047	0.635223	0.364777	2.33533
28476	-3425.836	-3592.235	166.3987	1.423513	3.897245	0.3426758	0.745578	0.254422	2.206051
28482	-3423.769	-3590.106	166.3375	1.465558	3.543351	0.2719181	0.643903	0.356097	2.40296
28488	-3433.941	-3600.43	166.489	1.442312	2.406236	0.4521827	0.661742	0.338258	2.394789
28494	-3441.837	-3607.392	165.5554	1.358728	2.406236	0.5025659	0.661742	0.338258	2.967589
28500	-3436.939	-3603.43	166.4906	1.466688	3.411825	0.2581054	0.661742	0.338258	2.358766
28506	-3437.549	-3603.038	165.4897	1.346152	3.815861	0.3539426	0.705403	0.294597	2.825127
28512	-3437.894	-3603.343	165.449	1.399617	3.815861	0.5219565	0.561369	0.438631	2.629701
28518	-3429.127	-3594.787	165.6599	1.399617	4.249909	0.6491679	0.685752	0.314248	2.287641
28524	-3419.825	-3585.775	165.9499	1.511895	3.120997	0.6491679	0.685752	0.314248	2.291635
28530	-3415.785	-3581.663	165.878	1.403897	2.994921	0.509698	0.710492	0.289508	2.569352
28536	-3419.256	-3584.909	165.6535	1.332557	2.994921	0.509698	0.488585	0.511415	2.751514
28542	-3431.172	-3597.356	166.184	1.469091	2.994921	0.3855483	0.631453	0.368547	2.476527
28548	-3429.386	-3595.124	165.7374	1.302442	2.994921	0.3855483	0.615886	0.384114	2.854099
28554	-3423.495	-3588.308	164.8129	1.243434	2.96255	0.3855483	0.666063	0.333937	3.447174
28560	-3434.819	-3600.971	166.1519	1.538573	3.125941	0.5977981	0.70117	0.29883	2.189883
28566	-3415.853	-3581.606	165.7527	1.435348	2.54644	0.5977981	0.661849	0.338151	2.669162
28572	-3413.403	-3579.561	166.1585	1.435348	2.597127	0.3565425	0.641618	0.358382	2.661023
28578	-3417.953	-3584.729	166.7758	1.616645	2.334598	0.3035662	0.649292	0.350708	2.315548
28584	-3407.683	-3573.953	166.2706	1.471866	3.991499	0.3035662	0.672269	0.327731	2.292569
28590	-3411.955	-3578.052	166.0966	1.531677	4.081335	0.3413996	0.664282	0.335718	2.292569
28596	-3417.994	-3584.001	166.0078	1.437334	2.784646	0.5595147	0.577955	0.422045	2.475981
28602	-3404.666	-3570.414	165.7479	1.43723	3.310626	0.4267124	0.631762	0.368238	2.638434
28608	-3413.338	-3579.882	166.5444	1.471302	3.310626	0.3528118	0.598156	0.401844	2.2063
28614	-3420.719	-3587.15	166.4308	1.412497	3.310626	0.3039863	0.598156	0.401844	2.385176
28620	-3418.943	-3585.521	166.5779	1.456933	2.735963	0.3908292	0.598156	0.401844	2.300756
28626	-3407.513	-3572.926	165.4132	1.247917	2.761306	0.3908292	0.641647	0.358353	3.136855
28632	-3416.096	-3581.074	164.9776	1.385376	2.761306	0.5435423	0.636499	0.363501	3.155995
28638	-3426.868	-3592.672	165.8041	1.314099	3.39084	0.2938322	0.636499	0.363501	2.829383
28644	-3422.234	-3588.536	166.3014	1.388029	2.671653	0.4559233	0.630183	0.369817	2.461757
28650	-3427.212	-3594.481	167.2696	1.687817	3.059791	0.4428986	0.644004	0.355996	1.508941
28656	-3417.027	-3583.444	166.4171	1.73066	3.059791	0.7504181	0.644004	0.355996	1.764768
28662	-3429.839	-3594.824	164.9847	1.466402	2.971762	0.2563113	0.533553	0.466447	3.383611
28668	-3430.898	-3596.486	165.5881	1.476208	3.745364	0.2761983	0.57572	0.42428	2.808315
28674	-3422.21	-3587.505	165.2954	1.255278	2.840122	0.4373223	0.679934	0.320066	3.129372
28680	-3419.145	-3585.101	165.9558	1.384525	3.435488	0.438417	0.534531	0.465469	2.498795
28686	-3416.362	-3582.424	166.0627	1.486657	3.455422	0.438417	0.581369	0.418631	2.362439
28692	-3413.337	-3579.576	166.2393	1.529138	3.146578	0.438417	0.622304	0.377696	2.300409
28698	-3417.834	-3584.294	166.4604	1.555549	3.146578	0.4483754	0.66661	0.33339	2.128967
28704	-3409.949	-3576.693	166.744	1.569079	3.146578	0.4483754	0.66661	0.33339	1.931811
28710	-3409.055	-3575.756	166.7003	1.50616	3.126975	0.3113431	0.66201	0.33799	2.189143
28716	-3406.217	-3572.49	166.2734	1.555921	3.126975	0.3295725	0.643929	0.356071	2.404192
28722	-3412.402	-3578.849	166.4467	1.433429	3.106345	0.3643519	0.578123	0.421877	2.330656
28728	-3414.048	-3580.268	166.2195	1.501668	2.484457	0.4895723	0.488421	0.511579	2.461867
28734	-3416.733	-3582.234	165.5007	1.331651	3.046975	0.4895723	0.488421	0.511579	2.851983
28740	-3416.9	-3582.076	165.1757	1.328375	3.046975	0.4895723	0.552905	0.447095	3.049567
28746	-3425.239	-3591.503	166.2632	1.386199	2.645362	0.4422179	0.654071	0.345929	2.50974
28752	-3426.081	-3592.794	166.7132	1.594684	2.984208	0.3693004	0.708195	0.291805	2.080601
28758	-3424.182	-3590.487	166.3049	1.466438	3.167661	0.3693004	0.642126	0.357874	2.377339
28764	-3417.534	-3583.604	166.0697	1.357569	2.573214	0.3693004	0.610694	0.389306	2.754104
28770	-3428.801	-3593.977	165.1751	1.265925	4.403728	0.4119106	0.541801	0.458199	2.877172
28776	-3415.578	-3580.415	164.8367	1.278348	4.403728	0.4119106	0.629657	0.370343	3.073114
28782	-3410.514	-3575.784	165.2705	1.200026	3.779299	0.3939685	0.578781	0.421219	3.004639
28788	-3412.27	-3576.808	164.5382	1.268039	3.197073	0.3564633	0.585372	0.414628	3.570516
28794	-3416.893	-3581.572	164.6786	1.148145	2.648671	0.4718508	0.585372	0.414628	3.570516
28800	-3416.98	-3580.706	163.7261	1.011754	2.648671	0.4136218	0.629991	0.370009	4.255064
28806	-3424.293	-3587.841	163.5477	0.9255482	3.080289	0.4541588	0.538828	0.461172	4.255064
28812	-3417.72	-3581.308	163.5875	1.033046	2.640766	0.416534	0.634025	0.365975	4.320432
28818	-3420.59	-3585.301	164.711	1.206117	2.581531	0.4076356	0.63711	0.36289	3.603992
28824	-3424.654	-3591.592	166.9382	1.617963	3.872813	0.4475433	0.511408	0.488592	1.571488
28830	-3424.427	-3591.124	166.6972	1.589729	3.929228	0.4475433	0.51286	0.48714	1.750291
28836	-3427.472	-3594.287	166.8146	1.654733	2.791188	0.5409213	0.51286	0.48714	1.823969
28842	-3411.038	-3577	165.9614	1.547799	3.053056	0.5035239	0.600677	0.399323	2.418137
28848	-3423.191	-3589.246	166.0553	1.436466	3.053056	0.5142234	0.590001	0.409999	2.418137
28854	-3438.726	-3605.042	166.3154	1.340065	2.998228	0.4376222	0.595602	0.404398	2.412243
28860	-3425.044	-3591.519	166.4749	1.483354	2.998228	0.2910499	0.777187	0.222813	2.412243
28866	-3431.535	-3596.148	164.6127	1.310893	3.18245	0.4543979	0.619156	0.380844	3.39598
28872	-3417.672	-3583.66	165.9883	1.317944	2.236565	0.3162251	0.633729	0.366271	2.999497
28878	-3422.749	-3588.198	165.449	1.373452	4.296286	0.3057071	0.634292	0.365708	2.800305
28884	-3418.786	-3585.684	166.8981	1.623678	2.665964	0.3662049	0.645673	0.354327	2.037285
28890	-3426.842	-3593.01	166.168	1.515006	3.728435	0.3130417	0.600997	0.399003	2.374637
28896	-3428.764	-3594.784	166.02	1.414185	3.555789	0.3643743	0.528292	0.471708	2.501046
28902	-3429.767	-3595.875	166.1082	1.497503	3.046807	0.4113001	0.528292	0.471708	2.461328
28908	-3425.712	-3591.463	165.7508	1.489064	3.046807	0.3717243	0.464763	0.535237	2.735788
28914	-3412.088	-3577.932	165.844	1.438496	2.654484	0.3787762	0.657562	0.342438	2.807238
28920	-3410.105	-3576.085	165.9796	1.350852	2.654484	0.3842996	0.669338	0.330662	2.771306
28926	-3411.66	-3577.505	165.8452	1.320265	2.654484	0.3842996	0.704814	0.295186	2.871555
28932	-3421.899	-3587.841	165.9423	1.393463	2.654484	0.3842996	0.50599	0.49401	2.768082
28938	-3415.352	-3581.251	165.8995	1.393463	2.611905	0.5729397	0.490328	0.509672	2.607789
28944	-3412.811	-3578.191	165.3807	1.331814	2.611905	0.7144015	0.644155	0.355845	2.843186
28950	-3414.776	-3581.147	166.3716	1.426351	2.974378	0.2787562	0.644155	0.355845	2.537611
28956	-3408.337	-3574.424	166.0867	1.331019	2.354826	0.4254927	0.673545	0.326455	2.759809
28962	-3403.23	-3569.373	166.1436	1.317177	2.354826	0.4026241	0.604021	0.395979	2.759809
28968	-3403.809	-3569.332	165.5236	1.36078	3.209107	0.4026241	0.604021	0.395979	2.874505
28974	-3402.294	-3567.974	165.6802	1.423606	3.213051	0.4026241	0.591184	0.408816	2.740047
28980	-3410.728	-3576.221	165.4926	1.477223	3.213051	0.5654646	0.521058	0.478942	2.65234
28986	-3419.831	-3585.6	165.7692	1.47388	2.590878	0.6817199	0.554643	0.445357	2.549782
28992	-3429.689	-3594.626	164.9371	1.41809	2.838811	0.8077981	0.677493	0.322507	2.927114
28998	-3418.75	-3583.781	165.0311	1.380593	2.838811	0.7039417	0.562539	0.437461	2.970131
29004	-3427.524	-3592.254	164.7298	1.238119	2.739122	0.7039417	0.599624	0.400376	3.261207
29010	-3407.611	-3572.103	164.4925	1.350416	3.17141	0.6852348	0.513215	0.486785	3.23954
29016	-3410.039	-3575.884	165.845	1.278923	2.492979	0.5012898	0.662093	0.337907	2.815803
29022	-3414.199	-3580.134	165.9344	1.384835	2.650823	0.5550114	0.562207	0.437793	2.59701
29028	-3423.162	-3588.329	165.1664	1.341161	2.650823	0.4970509	0.653433	0.346567	3.144817
29034	-3426.759	-3593.865	167.106	1.680451	2.076782	0.5172798	0.610043	0.389957	1.879484
29040	-3421.137	-3588.572	167.435	1.649106	2.231552	0.313224	0.610043	0.389957	1.882337
29046	-3421.36	-3588.198	166.8377	1.5415	3.537268	0.3119686	0.671392	0.328608	1.968855
29052	-3411.173	-3577.158	165.9848	1.415524	2.679601	0.3930583	0.565472	0.434528	2.710848
29058	-3414.94	-3581.281	166.3403	1.505454	3.650977	0.3731826	0.6986	0.3014	2.206076
29064	-3411.183	-3577.375	166.1926	1.505454	2.902894	0.3731826	0.665178	0.334822	2.488715
29070	-3425.507	-3590.936	165.4282	1.57488	2.960924	0.5649114	0.620531	0.379469	2.696812
29076	-3424.873	-3590.677	165.8049	1.470788	2.960924	0.4043982	0.504197	0.495803	2.696812
29082	-3433.736	-3600.39	166.6546	1.621108	2.960924	0.4353319	0.586833	0.413167	2.024593
29088	-3434.276	-3601.04	166.7642	1.619978	2.78455	0.4185984	0.555373	0.444627	2.024593
29094	-3423.493	-3589.072	165.5784	1.348892	2.675414	0.5350504	0.460847	0.539153	2.849089
29100	-3422.891	-3588.639	165.7475	1.305789	2.933449	0.4114752	0.520215	0.479785	2.831574
29106	-3416.019	-3581.699	165.6799	1.338621	2.776613	0.5005547	0.532642	0.467358	2.799267
29112	-3427.98	-3593.574	165.5933	1.508426	2.597401	0.5005547	0.721522	0.278478	2.799267
29118	-3413.167	-3579.005	165.8373	1.387427	2.597401	0.4298683	0.588537	0.411463	2.799267
29124	-3417.075	-3582.769	165.6943	1.455988	3.128102	0.3484237	0.606593	0.393407	2.799267
29130	-3410.107	-3576.579	166.4724	1.466438	2.886613	0.3576623	0.665485	0.334515	2.36155
29136	-3405.087	-3571.357	166.2701	1.503136	2.886613	0.4434548	0.563408	0.436592	2.36155
29142	-3410.053	-3576.451	166.3975	1.430613	2.834811	0.4746273	0.501631	0.498369	2.306405
29148	-3415.629	-3581.09	165.4609	1.264096	3.471349	0.4746273	0.605311	0.394689	2.830042
29154	-3426.315	-3593.558	167.2432	1.613262	2.568421	0.4999033	0.637032	0.362968	1.671563
29160	-3426.456	-3591.786	165.3301	1.271714	3.203593	0.3905132	0.606161	0.393839	3.059876
29166	-3429.969	-3595.512	165.5434	1.488875	3.217917	0.5619688	0.641038	0.358962	2.615895
29172	-3429.112	-3595.067	165.9553	1.380732	3.353147	0.3628163	0.62935	0.37065	2.611825
29178	-3417.629	-3582.286	164.6563	1.236195	3.025244	0.3703656	0.688365	0.311635	3.54497
29184	-3430.128	-3594.68	164.5516	1.315528	3.106958	0.366042	0.711541	0.288459	3.54497
29190	-3427.637	-3592.203	164.566	1.241621	3.684601	0.3889044	0.646682	0.353318	3.423076
29196	-3421.601	-3587.751	166.1494	1.287251	3.104417	0.3889044	0.646669	0.353331	2.578715
29202	-3425.864	-3589.606	163.7424	1.056446	2.795993	0.3889044	0.646669	0.353331	4.209051
29208	-3418.613	-3584.322	165.7093	1.398528	2.795993	0.3889044	0.567949	0.432051	2.861657
29214	-3417.468	-3583.901	166.4337	1.4162	3.209257	0.3484988	0.682831	0.317169	2.3442
29220	-3414.837	-3580.455	165.6178	1.312297	3.49077	0.3540105	0.682831	0.317169	2.839397
29226	-3413.857	-3578.775	164.918	1.264596	3.49077	0.32896	0.675716	0.324284	3.317835
29232	-3426.252	-3591.499	165.2462	1.264596	3.052329	0.32896	0.621874	0.378126	3.22679
29238	-3420.88	-3586.501	165.6207	1.264596	3.052329	0.3943102	0.664157	0.335843	2.922557
29244	-3430.901	-3594.257	163.356	1.153469	3.200279	0.3241157	0.587488	0.412512	4.351913
29250	-3425.631	-3591.212	165.5811	1.374576	3.209964	0.4902162	0.558369	0.441631	2.735432
29256	-3419.731	-3585.663	165.9317	1.23183	3.082865	0.3973985	0.62227	0.37773	2.742175
29262	-3416.812	-3582.683	165.8704	1.322881	3.137693	0.3973985	0.605542	0.394458	2.710159
29268	-3412.246	-3578.562	166.3163	1.4037	3.137693	0.4601223	0.605542	0.394458	2.308938
29274	-3425.336	-3591.743	166.4075	1.36803	2.772145	0.3572973	0.649284	0.350716	2.496894
29280	-3416.385	-3582.239	165.8532	1.339687	3.340382	0.4936883	0.649284	0.350716	2.553743
29286	-3410.275	-3574.802	164.5266	1.232056	3.340382	0.5054218	0.649284	0.350716	3.404939
29292	-3413.086	-3577.376	164.2905	1.188234	2.414639	0.5084462	0.613156	0.386844	3.802258
29298	-3407.229	-3573.409	166.1797	1.420542	3.22601	0.3593362	0.655363	0.344637	2.483105
29304	-3425.123	-3590.882	165.759	1.477089	2.970318	0.4419096	0.651645	0.348355	2.675908
29310	-3420.758	-3586.434	165.6761	1.342549	2.970318	0.4419096	0.714018	0.285982	2.808876
29316	-3425.347	-3590.429	165.0818	1.316555	3.491475	0.4419096	0.715457	0.284543	3.056868
29322	-3422.196	-3587.073	164.8768	1.245803	2.384849	0.4809447	0.56536	0.43464	3.464215
29328	-3424.589	-3589.279	164.6902	1.262155	2.892288	0.3735934	0.637773	0.362227	3.539587
29334	-3424.502	-3589.549	165.0473	1.330792	2.546432	0.3735934	0.644843	0.355157	3.383731
29340	-3416.347	-3580.748	164.4003	1.239007	3.363747	0.3735934	0.725118	0.274882	3.60877
29346	-3412.492	-3577.64	165.1476	1.33165	3.363747	0.32972	0.725118	0.274882	3.170118
29352	-3421.408	-3586.752	165.3443	1.346531	3.132461	0.2781212	0.754964	0.245036	3.170118
29358	-3418.217	-3583.54	165.3233	1.344864	4.150306	0.2578042	0.649361	0.350639	2.992223
29364	-3423.103	-3588.185	165.0812	1.241054	4.150306	0.2915998	0.68907	0.31093	3.149048
29370	-3409.862	-3574.647	164.785	1.17531	2.950404	0.4316278	0.650882	0.349118	3.455187
29376	-3424.746	-3590.413	165.667	1.365486	2.950404	0.4316278	0.705861	0.294139	2.816975
29382	-3422.472	-3588.011	165.5386	1.400788	3.356959	0.4645468	0.607762	0.392238	2.736681
29388	-3423.663	-3589.47	165.8071	1.306646	3.320048	0.5020476	0.484275	0.515725	2.599163
29394	-3408.559	-3574.249	165.6892	1.263303	3.336872	0.3773972	0.665815	0.334185	2.832464
29400	-3408.581	-3574.03	165.4493	1.283407	3.943788	0.3768694	0.638099	0.361901	2.832464
29406	-3408.146	-3573.939	165.7925	1.460071	2.682913	0.2961817	0.643656	0.356344	2.925558
29412	-3412.487	-3577.964	165.4765	1.408274	2.646207	0.4917424	0.614174	0.385826	2.925558
29418	-3407.567	-3573.023	165.4557	1.378571	3.122783	0.4030048	0.614174	0.385826	2.925558
29424	-3412.766	-3578.23	165.4642	1.403245	3.376867	0.4030048	0.645158	0.354842	2.844232
29430	-3416.536	-3580.775	164.2389	1.258903	3.028483	0.4992218	0.714986	0.285014	3.636618
29436	-3415.934	-3579.947	164.0136	1.178509	3.028483	0.4743493	0.640627	0.359373	3.837231
29442	-3411.58	-3575.04	163.4597	1.117472	2.827789	0.4315362	0.575455	0.424545	4.280813
29448	-3419.232	-3582.015	162.7833	1.142991	2.827789	0.5881251	0.54779	0.45221	4.503312
29454	-3409.176	-3572.607	163.4317	1.217825	3.368176	0.5881251	0.54779	0.45221	3.96611
29460	-3411.613	-3577.186	165.5729	1.339656	3.368176	0.3689444	0.657152	0.342848	2.859727
29466	-3411.138	-3576.945	165.8072	1.37175	2.745906	0.5083378	0.538831	0.461169	2.701906
29472	-3421.651	-3586.865	165.2141	1.498986	3.594537	0.6231712	0.63342	0.36658	2.668187
29478	-3421.565	-3586.474	164.9089	1.35792	3.594537	0.5358099	0.560363	0.439637	3.018089
29484	-3427.893	-3593.355	165.4616	1.275208	3.436617	0.3503053	0.60004	0.39996	2.9732
29490	-3425.943	-3590.981	165.0381	1.413802	3.436617	0.4731604	0.679322	0.320678	3.004285
29496	-3421.578	-3587.524	165.9466	1.373321	2.75975	0.437912	0.679322	0.320678	2.685903
29502	-3409.338	-3575.229	165.8915	1.438687	2.75975	0.4322732	0.619513	0.380487	2.685903
29508	-3406.462	-3572.569	166.1068	1.392514	2.75975	0.4943735	0.63267	0.36733	2.514068
29514	-3409.648	-3575.98	166.3322	1.386658	2.17876	0.4943735	0.668896	0.331104	2.557618
29520	-3414.39	-3581.201	166.8108	1.464643	2.17876	0.4077438	0.618007	0.381993	2.304198
29526	-3419.551	-3586.382	166.831	1.539496	2.997086	0.4077438	0.68144	0.31856	1.985324
29532	-3412.481	-3579.365	166.884	1.606422	2.657745	0.4245061	0.68144	0.31856	1.985324
29538	-3411.089	-3577.896	166.8067	1.59281	3.171178	0.3846206	0.638196	0.361804	1.947448
29544	-3414.953	-3581.859	166.9053	1.677286	3.533918	0.3927403	0.589346	0.410654	1.713373
29550	-3418.022	-3585.048	167.0258	1.717236	3.42315	0.340239	0.73746	0.26254	1.705458
29556	-3421.365	-3588.816	167.4509	1.765953	2.614448	0.340239	0.631634	0.368366	1.612011
29562	-3421.757	-3587.848	166.0911	1.523514	3.323722	0.401719	0.667138	0.332862	2.396551
29568	-3412.388	-3579.245	166.8568	1.612485	3.323722	0.3872491	0.575313	0.424687	1.855347
29574	-3417.068	-3582.889	165.8211	1.462842	2.714017	0.4085661	0.575313	0.424687	2.754094
29580	-3420.382	-3586.624	166.2424	1.48408	3.559025	0.4686615	0.679811	0.320189	2.189781
29586	-3419.46	-3585.06	165.5995	1.333784	2.432247	0.5295578	0.638654	0.361346	2.921834
29592	-3425.685	-3590.812	165.1269	1.477564	3.078512	0.3617315	0.621781	0.378219	3.123331
29598	-3426.198	-3591.048	164.8505	1.274268	3.073573	0.5640014	0.690488	0.309512	3.198086
29604	-3410.643	-3576.234	165.5913	1.260275	3.073573	0.5462447	0.605074	0.394926	2.777877
29610	-3408.864	-3574.501	165.637	1.376606	2.260678	0.5652715	0.582203	0.417797	2.893457
29616	-3415.473	-3580.436	164.9625	1.369039	2.260678	0.5011516	0.634366	0.365634	3.359903
29622	-3417.183	-3581.995	164.8122	1.233491	2.803069	0.4289668	0.567935	0.432065	3.445974
29628	-3417.311	-3582.21	164.8988	1.192554	2.848628	0.3940669	0.682931	0.317069	3.445974
29634	-3435.335	-3600.226	164.8905	1.200857	2.848628	0.3940669	0.69841	0.30159	3.445974
29640	-3418.385	-3583.607	165.2222	1.238737	2.848628	0.3630228	0.540279	0.459721	3.265332
29646	-3415.919	-3581.059	165.1401	1.26951	2.717112	0.3630228	0.650904	0.349096	3.330589
29652	-3412.569	-3577.306	164.7369	1.266236	3.042397	0.5326067	0.679852	0.320148	3.306429
29658	-3405.328	-3570.21	164.8815	1.1907	3.371421	0.509276	0.557693	0.442307	3.20942
29664	-3405.693	-3571.669	165.9764	1.345748	2.158878	0.4668049	0.557693	0.442307	2.836621
29670	-3407.373	-3572.724	165.3515	1.429316	2.921862	0.4268876	0.60758	0.39242	2.981749
29676	-3414.322	-3579.319	164.9969	1.349983	2.862806	0.4268876	0.652393	0.347607	3.255615
29682	-3407.636	-3572.894	165.2585	1.439848	3.491384	0.4427881	0.635932	0.364068	2.87551
29688	-3410.093	-3575.679	165.5856	1.326185	3.792895	0.4073227	0.624934	0.375066	2.718781
29694	-3412.852	-3579.429	166.5772	1.478685	2.529455	0.4073227	0.574572	0.425428	2.329232
29700	-3413.351	-3580.014	166.663	1.473495	3.327435	0.4233492	0.574572	0.425428	2.031961
29706	-3409.449	-3575.879	166.4302	1.530282	3.198652	0.521854	0.602561	0.397439	2.069947
29712	-3409.696	-3575.64	165.9434	1.451381	3.526823	0.3353257	0.597047	0.402953	2.570416
29718	-3421.111	-3585.682	164.5716	1.454086	3.482958	0.5570525	0.596003	0.403997	3.166974
29724	-3426.763	-3592.579	165.8161	1.27559	3.678597	0.3653636	0.649819	0.350181	2.684175
29730	-3426.625	-3592.569	165.9442	1.330231	3.678597	0.2725603	0.667477	0.332523	2.700004
29736	-3425.137	-3589.954	164.8167	1.487319	3.678597	0.4044702	0.67992	0.32008	3.113503
29742	-3418.304	-3583.279	164.9745	1.319076	2.673406	0.5968432	0.599379	0.400621	3.173441
29748	-3422.73	-3587.288	164.5574	1.296797	3.802164	0.5706256	0.6319	0.3681	3.187644
29754	-3420.252	-3583.947	163.6953	1.077612	3.095284	0.4764627	0.616431	0.383569	4.059222
29760	-3415.121	-3578.931	163.81	1.161056	2.802184	0.4357211	0.616431	0.383569	4.059222
29766	-3435.686	-3600.6	164.9141	1.414611	2.802184	0.4541548	0.65207	0.34793	3.253197
29772	-3426.374	-3592.624	166.2507	1.530202	3.116039	0.4252737	0.640404	0.359596	2.315807
29778	-3428.331	-3595.205	166.8744	1.672786	3.137874	0.4252737	0.628417	0.371583	1.803003
29784	-3413.984	-3580.744	166.7601	1.563429	2.487258	0.5162384	0.539514	0.460486	2.045352
29790	-3416.118	-3582.519	166.4018	1.554459	2.487258	0.6866041	0.509742	0.490258	2.123674
29796	-3418.015	-3584.058	166.0436	1.471045	3.468333	0.5046597	0.653227	0.346773	2.308781
29802	-3415.275	-3579.4	164.1256	1.355645	3.468333	0.4531002	0.588535	0.411465	3.590182
29808	-3427.134	-3591.844	164.7095	1.206487	2.607368	0.5144572	0.605471	0.394529	3.488405
29814	-3427.029	-3592.034	165.0055	1.233334	2.749768	0.3756528	0.605471	0.394529	3.407002
29820	-3419.309	-3585.296	165.987	1.336285	2.749768	0.3756528	0.605471	0.394529	2.759341
29826	-3421.98	-3587.732	165.7518	1.337037	3.479786	0.4560412	0.569786	0.430214	2.625073
29832	-3417.471	-3583.499	166.0281	1.400994	3.387432	0.4710676	0.555719	0.444281	2.418476
29838	-3414.335	-3581.262	166.9277	1.526115	3.042613	0.4766739	0.667417	0.332583	1.831651
29844	-3408.717	-3575.661	166.9438	1.510041	3.042613	0.4766739	0.682783	0.317217	1.831651
29850	-3406.234	-3572.572	166.3373	1.447012	3.042613	0.4766739	0.644467	0.355533	2.274747
29856	-3407.626	-3573.831	166.2057	1.463386	2.670122	0.4382953	0.645313	0.354687	2.494622
29862	-3412.146	-3578.027	165.8803	1.455866	2.751033	0.4382953	0.710473	0.289527	2.677872
29868	-3416.858	-3583.21	166.3524	1.345985	2.866811	0.3933366	0.631192	0.368808	2.473372
29874	-3415.447	-3581.104	165.6569	1.286662	2.866811	0.3933366	0.552156	0.447844	2.93663
29880	-3406.201	-3572.557	166.3559	1.415382	3.609059	0.3933366	0.626956	0.373044	2.238213
29886	-3411.903	-3577.594	165.6908	1.342638	3.621125	0.3540198	0.749472	0.250528	2.747049
29892	-3415.015	-3580.837	165.8225	1.316787	3.621125	0.3738049	0.567827	0.432173	2.65715
29898	-3417.723	-3584.17	166.4469	1.421778	2.454939	0.3738049	0.717026	0.282974	2.511715
29904	-3425.702	-3591.584	165.8815	1.391248	2.454939	0.3738049	0.674383	0.325617	2.877726
29910	-3429.45	-3596.211	166.7606	1.429206	2.454939	0.4278794	0.600439	0.399561	2.242395
29916	-3410.949	-3578.04	167.0908	1.571762	2.406086	0.4278794	0.594452	0.405548	1.947849
29922	-3426.826	-3593.746	166.9209	1.522426	2.870795	0.4278794	0.568044	0.431956	1.947849
29928	-3423.255	-3589.324	166.0694	1.484665	2.645192	0.5887247	0.538641	0.461359	2.420335
29934	-3419.112	-3584.892	165.7801	1.424536	2.725983	0.4885846	0.591492	0.408508	2.711817
29940	-3412.512	-3577.404	164.8914	1.191128	2.357258	0.4885846	0.628947	0.371053	3.48834
29946	-3419.692	-3585.516	165.8234	1.269598	2.357258	0.3804955	0.628947	0.371053	3.007738
29952	-3416.526	-3582.051	165.525	1.170242	2.204131	0.3804955	0.56406	0.43594	3.292292
29958	-3421.832	-3587.13	165.2983	1.292593	2.365582	0.3901603	0.694044	0.305956	3.292292
29964	-3405.222	-3570.72	165.4974	1.333051	2.365582	0.3901603	0.633272	0.366728	3.15049
29970	-3429.754	-3595.92	166.1657	1.197538	3.003402	0.4562448	0.667685	0.332315	2.572845
29976	-3425.125	-3590.21	165.0847	1.164098	2.809881	0.4203498	0.572257	0.427743	3.334383
29982	-3424.289	-3589.729	165.4402	1.208874	2.993043	0.4158485	0.6918	0.3082	3.054718
29988	-3420.386	-3583.953	163.5667	1.12418	3.095388	0.488567	0.550748	0.449252	4.094216
29994	-3428.65	-3593.853	165.2032	1.229302	3.026295	0.4767522	0.55379	0.44621	3.110481
30000	-3418.922	-3584.115	165.1938	1.304538	2.900537	0.4264713	0.519665	0.480335	3.156519
30006	-3418.459	-3583.969	165.5098	1.240157	2.900537	0.3590599	0.599941	0.400059	3.085088
30012	-3426.129	-3593.157	167.0276	1.458262	2.923111	0.3467381	0.593628	0.406372	2.011227
30018	-3416.805	-3583.732	166.9263	1.494499	2.923111	0.4073714	0.577819	0.422181	1.973448
30024	-3425.6	-3592.652	167.0523	1.503301	2.801641	0.4073714	0.623434	0.376566	1.918755
30030	-3425.972	-3593.341	167.3688	1.658013	2.801641	0.4073714	0.623434	0.376566	1.588799
30036	-3435.958	-3603.399	167.4411	1.653132	2.953914	0.3429791	0.639531	0.360469	1.585458
30042	-3423.885	-3590.757	166.8721	1.682747	3.91845	0.3429791	0.638057	0.361943	1.707754
30048	-3424.027	-3590.543	166.5158	1.645691	3.91845	0.4528018	0.594096	0.405904	1.83337
30054	-3449.047	-3616.2	167.1529	1.663654	2.343673	0.3690762	0.510098	0.489902	1.942323
30060	-3426.713	-3591.767	165.0542	1.325833	3.050733	0.6810707	0.591649	0.408351	2.952202
30066	-3427.167	-3591.59	164.4234	1.232968	2.422667	0.4778502	0.586588	0.413412	3.726962
30072	-3417.212	-3582.75	165.538	1.251022	2.422667	0.4856763	0.663313	0.336687	3.054468
30078	-3411.178	-3576.89	165.7118	1.273334	2.777498	0.4856763	0.611966	0.388034	2.834427
30084	-3411.717	-3577.338	165.6214	1.252126	2.777498	0.3485226	0.633572	0.366428	3.057117
30090	-3424.21	-3588.902	164.6922	1.260961	3.40433	0.3485226	0.591937	0.408063	3.447021
30096	-3418.718	-3583.179	164.4604	1.193386	2.821765	0.3605125	0.624673	0.375327	3.746155
30102	-3419.692	-3584.49	164.7978	1.1698	4.260752	0.3605125	0.62438	0.37562	3.247763
30108	-3413.553	-3578.898	165.3447	1.376122	3.188462	0.5729923	0.610325	0.389675	2.803918
30114	-3424.312	-3590.431	166.1196	1.421865	3.188462	0.4465095	0.474731	0.525269	2.424331
30120	-3414.62	-3581.165	166.5446	1.492285	3.188462	0.4465095	0.580187	0.419813	2.106259
30126	-3416.694	-3583.183	166.4891	1.548339	3.188462	0.3013837	0.580187	0.419813	2.296539
30132	-3421.964	-3588.606	166.6424	1.575178	3.188462	0.3013837	0.662089	0.337911	2.180529
30138	-3409.173	-3575.609	166.436	1.672543	3.188462	0.3551273	0.662089	0.337911	2.174573
30144	-3414.181	-3580.74	166.5588	1.469839	2.67793	0.3551273	0.642186	0.357814	2.367684
30150	-3399.524	-3566.819	167.2952	1.684823	2.741284	0.3551273	0.651603	0.348397	1.716575
30156	-3408.777	-3576.19	167.4126	1.691533	2.558349	0.4797378	0.651603	0.348397	1.519357
30162	-3418.343	-3585.809	167.4663	1.771853	2.437758	0.4042115	0.570217	0.429783	1.564833
30168	-3421.294	-3588.8	167.5065	1.716772	2.357491	0.5542915	0.63541	0.36459	1.413469
30174	-3412.42	-3579.755	167.3348	1.804228	2.873533	0.4260473	0.724833	0.275167	1.455341
30180	-3418.447	-3585.667	167.2195	1.584822	2.83033	0.4260473	0.637419	0.362581	1.714086
30186	-3419.629	-3586.35	166.7214	1.546887	3.636628	0.3831199	0.6871	0.3129	1.917356
30192	-3424.272	-3589.484	165.212	1.270161	2.976554	0.4841848	0.531793	0.468207	3.085894
30198	-3420.205	-3584.529	164.3241	1.224534	2.365881	0.6558244	0.661518	0.338482	3.649412
30204	-3419.44	-3584.109	164.6692	1.285501	2.960803	0.5128251	0.540793	0.459207	3.373921
30210	-3413.342	-3576.56	163.2184	1.085023	2.289909	0.631919	0.57439	0.42561	4.402053
30216	-3409.695	-3573.704	164.0094	1.040458	2.53525	0.4886041	0.671038	0.328962	4.032624
30222	-3428.094	-3591.934	163.8398	1.054276	2.705012	0.4727861	0.72885	0.27115	4.090961
30228	-3417.278	-3581.355	164.0777	1.069721	2.705012	0.4727861	0.7153	0.2847	3.946298
30234	-3412.146	-3576.21	164.0643	1.176588	2.986172	0.5568035	0.607918	0.392082	3.742512
30240	-3408.856	-3573.086	164.2306	1.148674	2.636189	0.4729482	0.607368	0.392632	3.831509
30246	-3422.23	-3586.685	164.455	1.109466	2.476292	0.5687903	0.576287	0.423713	3.680264
30252	-3409.227	-3573.698	164.4707	1.251698	3.043947	0.5934484	0.576287	0.423713	3.416544
30258	-3408.922	-3574.703	165.7813	1.33842	3.038256	0.511458	0.596865	0.403135	2.656523
30264	-3421.712	-3587.226	165.5135	1.275068	3.51874	0.4482006	0.596865	0.403135	2.808625
30270	-3420.945	-3585.887	164.9416	1.338796	3.033954	0.4482006	0.596865	0.403135	3.228434
30276	-3417.393	-3583.308	165.9145	1.362351	3.033954	0.3187479	0.596865	0.403135	2.785399
30282	-3429.089	-3594.765	165.6762	1.238609	2.09577	0.4010536	0.519051	0.480949	3.174174
30288	-3428.067	-3592.866	164.799	1.302244	2.492104	0.5069404	0.599356	0.400644	3.419884
30294	-3422.041	-3587.717	165.6753	1.34432	2.559253	0.5454489	0.702389	0.297611	2.816549
30300	-3431.128	-3596.895	165.767	1.369608	2.978954	0.3989798	0.617035	0.382965	2.783478
30306	-3431.277	-3596.593	165.3158	1.309252	2.978954	0.3989798	0.647361	0.352639	3.091823
30312	-3441.557	-3608.134	166.577	1.582515	2.010353	0.7103158	0.549214	0.450786	2.137784
30318	-3432.057	-3599.74	167.683	1.763689	2.010353	0.4154746	0.677702	0.322298	1.565687
30324	-3421.276	-3589.093	167.8172	1.643648	1.74727	0.4375166	0.69109	0.30891	1.643742
30330	-3418.92	-3586.74	167.8202	1.684831	1.897431	0.3861555	0.630717	0.369283	1.613502
30336	-3423.775	-3590.803	167.0279	1.655856	3.207034	0.456123	0.539374	0.460626	1.64782
30342	-3422.216	-3589.189	166.9721	1.494055	2.786955	0.6228548	0.5726	0.4274	1.742805
30348	-3421.195	-3587.414	166.2198	1.54382	3.648585	0.3833354	0.671651	0.328349	2.246542
30354	-3415.128	-3581.441	166.3128	1.450162	3.555886	0.4005164	0.704649	0.295351	2.247234
30360	-3418.109	-3584.401	166.292	1.561157	3.555886	0.3326598	0.621293	0.378707	2.278452
30366	-3424.244	-3590.467	166.2226	1.45426	3.526201	0.2586886	0.621293	0.378707	2.507097
30372	-3418.383	-3584.632	166.2489	1.371955	3.526201	0.3956477	0.643085	0.356915	2.351086
30378	-3413.936	-3580.253	166.3167	1.451641	3.012409	0.4254775	0.621996	0.378004	2.351086
30384	-3417.898	-3584.174	166.2763	1.372688	3.012409	0.4100048	0.621996	0.378004	2.444749
30390	-3407.669	-3573.802	166.1327	1.395458	3.012409	0.4100048	0.633894	0.366106	2.520418
30396	-3402.957	-3569.505	166.5478	1.521274	3.511745	0.4509023	0.596386	0.403614	1.996711
30402	-3399.319	-3565.814	166.4954	1.521274	3.08998	0.4509023	0.63387	0.36613	2.140758
30408	-3401.563	-3568.307	166.7443	1.560029	2.782365	0.3694695	0.469518	0.530482	2.140758
30414	-3409.315	-3575.494	166.1794	1.504025	3.46281	0.2969513	0.75258	0.24742	2.45927
30420	-3414.776	-3580.414	165.6386	1.390137	3.843822	0.3059958	0.538579	0.461421	2.76575
30426	-3419.258	-3584.676	165.4173	1.431264	3.225542	0.3560102	0.565378	0.434622	2.94839
30432	-3428.808	-3592.857	164.0493	1.174837	2.80519	0.3307862	0.620706	0.379294	4.033162
30438	-3429.128	-3593.827	164.6991	1.174837	2.76025	0.3307862	0.484887	0.515113	3.671463
30444	-3423.243	-3587.607	164.3643	1.137912	2.997958	0.3307862	0.662765	0.337235	3.825686
30450	-3434.124	-3599.531	165.4068	1.33708	2.810382	0.4766426	0.662765	0.337235	2.980418
30456	-3427.18	-3592.211	165.0311	1.246013	2.92255	0.5081949	0.55294	0.44706	3.197967
30462	-3424.596	-3590.426	165.8301	1.377605	2.92255	0.5273474	0.570451	0.429549	2.61698
30468	-3424.943	-3590.449	165.5057	1.406736	2.92255	0.5273474	0.559351	0.440649	2.798037
30474	-3416.303	-3581.984	165.6813	1.346954	2.882675	0.5590755	0.75025	0.24975	2.707645
30480	-3420.28	-3584.751	164.4713	1.061585	4.19676	0.3665559	0.600379	0.399621	3.507682
30486	-3410.09	-3574.228	164.1385	1.171032	4.36109	0.3225317	0.648062	0.351938	3.661559
30492	-3425.591	-3589.65	164.0596	1.162251	4.36109	0.3635871	0.626182	0.373818	3.661559
30498	-3436.978	-3600.901	163.9236	1.162251	3.201032	0.3754091	0.747111	0.252889	3.962629
30504	-3434.48	-3601.803	167.3227	1.774619	2.860497	0.4013828	0.557183	0.442817	1.526031
30510	-3425.857	-3593.244	167.3874	1.782911	2.860497	0.37189	0.557183	0.442817	1.514994
30516	-3426.94	-3594.097	167.157	1.731615	2.860497	0.4198384	0.65739	0.34261	1.652827
30522	-3427.969	-3594.563	166.5948	1.733313	3.676179	0.3919459	0.586557	0.413443	1.855116
30528	-3423.593	-3590.281	166.6887	1.578298	2.476193	0.3919459	0.586557	0.413443	2.22975
30534	-3431.183	-3597.586	166.4025	1.497846	3.086218	0.440078	0.701367	0.298633	2.22975
30540	-3427.247	-3593.408	166.1609	1.669125	3.086218	0.6547315	0.62023	0.37977	2.056807
30546	-3420.664	-3588.408	167.7437	1.85431	2.240936	0.3528695	0.736103	0.263897	1.448808
30552	-3430.091	-3597.534	167.4426	1.824116	3.257634	0.3521311	0.6875	0.3125	1.344216
30558	-3415.764	-3583.806	168.0419	1.921657	2.334359	0.3418086	0.635168	0.364832	1.127877
30564	-3430.794	-3598.171	167.3771	1.834842	3.027398	0.5180604	0.625549	0.374451	1.217078
30570	-3419.865	-3586.922	167.0566	1.717996	3.114822	0.5180604	0.625549	0.374451	1.532887
30576	-3414.619	-3581.897	167.2778	1.8015	3.095545	0.5180604	0.625549	0.374451	1.303413
30582	-3414.022	-3581.188	167.1652	1.64404	3.095545	0.4908347	0.676791	0.323209	1.546222
30588	-3411.501	-3578.768	167.2671	1.64404	2.422877	0.4953067	0.689148	0.310852	1.689084
30594	-3408.251	-3575.292	167.0415	1.763658	3.048068	0.4465652	0.673679	0.326321	1.619662
30600	-3409.039	-3575.876	166.8371	1.558892	2.824973	0.4465652	0.563119	0.436881	1.970551
30606	-3417.416	-3584.175	166.7585	1.515586	3.039265	0.3859787	0.692989	0.307011	2.065529
30612	-3417.598	-3584.608	167.0102	1.58485	3.039265	0.3859787	0.747488	0.252512	1.849938
30618	-3420.982	-3586.877	165.895	1.433418	2.630586	0.4737504	0.475964	0.524036	2.678546
30624	-3412.087	-3578.919	166.832	1.509628	2.444009	0.538671	0.558068	0.441932	2.023937
30630	-3411.18	-3577.404	166.2235	1.509248	3.280144	0.3932176	0.558068	0.441932	2.343039
30636	-3425.138	-3591.355	166.2179	1.52877	2.369152	0.4431425	0.732025	0.267975	2.532611
30642	-3420.344	-3587.507	167.1635	1.666825	2.820761	0.3891949	0.606458	0.393542	1.748145
30648	-3424.036	-3591.052	167.016	1.692409	2.820761	0.4547061	0.486111	0.513889	1.748145
30654	-3423.929	-3590.796	166.8671	1.606893	3.202809	0.4970131	0.575809	0.424191	1.748145
30660	-3412.16	-3579.475	167.3144	1.71084	2.936944	0.5280797	0.586335	0.413665	1.387112
30666	-3435.054	-3602.248	167.1938	1.830673	3.947044	0.3580038	0.609563	0.390437	1.325627
30672	-3420.505	-3587.905	167.4001	1.849259	3.858356	0.2880287	0.694489	0.305511	1.294347
30678	-3410.564	-3577.825	167.2617	1.876566	3.933456	0.442167	0.694489	0.305511	1.093605
30684	-3409.886	-3576.876	166.99	1.743854	3.370118	0.4997462	0.615266	0.384734	1.509574
30690	-3417.551	-3582.959	165.4078	1.389826	3.033049	0.4540266	0.491331	0.508669	2.913528
30696	-3410.882	-3575.894	165.0123	1.245877	3.019139	0.4540266	0.513526	0.486474	3.239148
30702	-3408.22	-3572.864	164.6433	1.157768	2.586747	0.5151715	0.647573	0.352427	3.560434
30708	-3419.025	-3583.058	164.0334	1.134332	3.199269	0.366221	0.59619	0.40381	3.926813
30714	-3422.155	-3586.461	164.3062	1.013648	2.597678	0.4216944	0.617729	0.382271	3.928659
30720	-3415.912	-3581.74	165.8276	1.415513	3.045482	0.4615174	0.495321	0.504679	2.630476
30726	-3422.416	-3588.735	166.3186	1.367119	3.443945	0.500185	0.535124	0.464876	2.209634
30732	-3418.669	-3584.728	166.0594	1.37529	2.557435	0.500185	0.456872	0.543128	2.607118
30738	-3425.605	-3591.455	165.8496	1.37529	2.616257	0.6188585	0.656843	0.343157	2.607118
30744	-3421.511	-3587.165	165.6534	1.377243	3.052368	0.6188585	0.75273	0.24727	2.607118
30750	-3422.97	-3588.836	165.866	1.412057	4.213165	0.461105	0.590015	0.409985	2.34108
30756	-3417.934	-3583.857	165.9231	1.41707	4.213165	0.461105	0.583718	0.416282	2.301472
30762	-3406.678	-3572.572	165.8943	1.439835	3.306471	0.417958	0.594595	0.405405	2.557283
30768	-3416.43	-3582.757	166.3267	1.37957	2.447875	0.4648259	0.605908	0.394092	2.509008
30774	-3413.876	-3579.342	165.4654	1.400204	2.447875	0.4134557	0.673159	0.326841	3.078048
30780	-3411.979	-3577.676	165.6965	1.273756	3.54573	0.3913356	0.616513	0.383487	2.756475
30786	-3410.635	-3575.614	164.979	1.282893	3.855884	0.4296628	0.672246	0.327754	3.073115
30792	-3404.802	-3569.438	164.6364	1.212958	3.930896	0.3577727	0.672246	0.327754	3.384871
30798	-3416.802	-3581.87	165.0686	1.316832	3.779397	0.4022003	0.703352	0.296648	3.046069
30804	-3413.847	-3579.056	165.2097	1.274343	3.779397	0.3529802	0.576954	0.423046	3.046069
30810	-3418.664	-3583.687	165.0234	1.335523	2.959305	0.4625447	0.607814	0.392186	3.185751
30816	-3408.127	-3573.686	165.5591	1.345464	3.095122	0.4625447	0.604207	0.395793	2.824031
30822	-3426.356	-3592.045	165.6885	1.242107	3.24766	0.4945323	0.644406	0.355594	2.737083
30828	-3417.301	-3582.463	165.1625	1.277244	3.538948	0.4096223	0.606683	0.393317	3.057163
30834	-3418.895	-3583.998	165.1028	1.312134	3.009741	0.4096223	0.500932	0.499068	3.19684
30840	-3427.145	-3590.224	163.0798	1.223319	3.009741	0.4481512	0.639712	0.360288	4.374077
30846	-3425.41	-3589.462	164.0519	1.274182	3.009741	0.5615497	0.721545	0.278455	3.683326
30852	-3420.042	-3582.961	162.9195	1.158525	3.009741	0.5615497	0.631313	0.368687	4.395768
30858	-3418.364	-3582.287	163.9235	1.139528	2.953772	0.3951779	0.587436	0.412564	4.012195
30864	-3416.081	-3580.627	164.5463	1.167078	2.953772	0.4864014	0.673073	0.326927	3.542292
30870	-3413.702	-3579.427	165.7259	1.372306	2.953772	0.27054	0.593897	0.406103	2.982879
30876	-3405.518	-3571.497	165.9786	1.380362	3.253161	0.363899	0.684585	0.315415	2.620545
30882	-3412.982	-3577.166	164.184	1.264571	3.285404	0.363899	0.645765	0.354235	3.748347
30888	-3424.01	-3588.398	164.3881	1.073619	3.285404	0.363899	0.606247	0.393753	3.740716
30894	-3413.425	-3577.963	164.5377	1.225367	3.61672	0.3906618	0.559644	0.440356	3.461538
30900	-3425.803	-3590.383	164.5798	1.213119	3.498253	0.4545222	0.58349	0.41651	3.400272
30906	-3422.237	-3587.424	165.187	1.310471	3.051849	0.3690875	0.610371	0.389629	3.184557
30912	-3430.24	-3595.771	165.5308	1.36065	3.051849	0.3664674	0.610371	0.389629	2.952404
30918	-3426.369	-3592.595	166.2266	1.582913	3.354832	0.4103178	0.568	0.432	2.254229
30924	-3427.934	-3593.843	165.9091	1.433118	2.96191	0.5176031	0.530084	0.469916	2.532626
30930	-3413.229	-3579.173	165.9447	1.431702	3.130248	0.3692207	0.607018	0.392982	2.633733
30936	-3407.809	-3574.242	166.4334	1.594566	2.593041	0.5620535	0.628555	0.371445	2.15841
30942	-3407.803	-3574.466	166.6634	1.472173	2.609414	0.4629496	0.628555	0.371445	2.188291
30948	-3416.902	-3583.519	166.6166	1.471194	2.570527	0.3213733	0.607948	0.392052	2.408417
30954	-3416.575	-3582.466	165.8912	1.389286	3.524752	0.435725	0.501132	0.498868	2.518238
30960	-3423.983	-3590.235	166.2521	1.363392	3.411825	0.377786	0.695379	0.304621	2.404162
30966	-3414.946	-3580.802	165.856	1.476832	2.636253	0.5994339	0.601573	0.398427	2.551627
30972	-3408.756	-3575.292	166.5361	1.683025	3.04367	0.6477105	0.550383	0.449617	1.812865
30978	-3417.291	-3584.402	167.1107	1.656201	2.622078	0.5437549	0.506871	0.493129	1.666979
30984	-3394.8	-3562.049	167.2494	1.63967	2.622078	0.5437549	0.643136	0.356864	1.578685
30990	-3400.866	-3567.297	166.4303	1.546129	2.348542	0.5437549	0.548915	0.451085	2.288184
30996	-3413.419	-3580.249	166.83	1.57823	2.895019	0.3845582	0.68474	0.31526	2.019501
31002	-3412.727	-3578.41	165.6835	1.621002	3.645498	0.5957536	0.640209	0.359791	2.311038
31008	-3410.514	-3577.329	166.8154	1.621002	2.882381	0.4785733	0.640209	0.359791	1.888409
31014	-3417.71	-3585.057	167.3472	1.65112	3.032914	0.4044679	0.616697	0.383303	1.539944
31020	-3413.285	-3580.213	166.9281	1.593892	3.523133	0.41701	0.548689	0.451311	1.726271
31026	-3407.567	-3574.874	167.3065	1.589094	2.581971	0.4307736	0.588653	0.411347	1.72444
31032	-3409.691	-3576.8	167.109	1.588134	2.797107	0.4869595	0.650655	0.349345	1.72444
31038	-3406.746	-3573.813	167.0671	1.647125	2.797107	0.4481379	0.675485	0.324515	1.759616
31044	-3410.775	-3577.424	166.6492	1.510082	3.677465	0.369133	0.582807	0.417193	1.999451
31050	-3406.737	-3573.854	167.1164	1.56579	2.923799	0.4150823	0.603306	0.396694	1.785158
31056	-3419.697	-3586.288	166.5902	1.603403	2.472434	0.5340829	0.453481	0.546519	2.116937
31062	-3418.561	-3585.106	166.5451	1.476773	2.472434	0.5340829	0.453481	0.546519	2.228499
31068	-3417.07	-3583.98	166.9096	1.563654	2.472434	0.4840121	0.559358	0.440642	1.986126
31074	-3408.599	-3575.326	166.726	1.587088	2.472434	0.5234919	0.497446	0.502554	2.049402
31080	-3414.12	-3580.379	166.2593	1.449588	2.54925	0.5234919	0.683156	0.316844	2.414708
31086	-3414.663	-3581.582	166.9191	1.561849	2.999967	0.4659599	0.634081	0.365919	1.838095
31092	-3424.325	-3591.485	167.1597	1.709557	2.956714	0.3936747	0.615842	0.384158	1.672383
31098	-3416.022	-3583.053	167.0313	1.681626	2.956714	0.4796071	0.602976	0.397024	1.672383
31104	-3415.124	-3582.116	166.9918	1.629487	2.956714	0.4796071	0.610548	0.389452	1.737246
31110	-3410.386	-3576.948	166.5618	1.630634	2.966653	0.4796071	0.689065	0.310935	2.026543
31116	-3416.235	-3583.014	166.7791	1.638663	2.966653	0.4169949	0.640936	0.359064	1.950632
31122	-3417.041	-3584.115	167.0746	1.563008	2.447634	0.4147912	0.676535	0.323465	1.966917
31128	-3438.527	-3605.399	166.872	1.67253	3.711733	0.3382055	0.623323	0.376677	1.772933
31134	-3430.464	-3595.796	165.332	1.320926	3.249336	0.2887699	0.553512	0.446488	3.149281
31140	-3423.078	-3588.013	164.935	1.269342	3.249336	0.4673942	0.67681	0.32319	3.201293
31146	-3420.24	-3585.359	165.1187	1.219838	3.387975	0.4379487	0.595549	0.404451	3.120299
31152	-3436.562	-3602.027	165.4648	1.323708	3.760766	0.468514	0.569009	0.430991	2.733216
31158	-3413.136	-3578.633	165.4975	1.476135	3.760766	0.3531404	0.599339	0.400661	2.754033
31164	-3418.054	-3584.25	166.1963	1.540049	2.823895	0.5597787	0.601554	0.398446	2.280125
31170	-3435.047	-3601.164	166.1168	1.633666	3.547756	0.7214631	0.601554	0.398446	1.93039
31176	-3429.411	-3594.744	165.3325	1.551352	3.419415	0.640382	0.592975	0.407025	2.588377
31182	-3418.347	-3583.288	164.9416	1.231593	3.011954	0.3564164	0.563896	0.436104	3.401055
31188	-3415.146	-3579.885	164.7387	1.196875	3.15623	0.3564164	0.61403	0.38597	3.504912
31194	-3417.671	-3583.714	166.0425	1.372574	3.446122	0.518565	0.502834	0.497166	2.363086
31200	-3413.088	-3579.098	166.0107	1.481143	2.676564	0.5693315	0.536264	0.463736	2.468364
31206	-3408.866	-3575.053	166.1872	1.421363	2.648355	0.5036093	0.536264	0.463736	2.468364
31212	-3414.894	-3580.269	165.3752	1.310636	3.162238	0.566928	0.67968	0.32032	2.837184
31218	-3412.376	-3576.704	164.3275	1.165985	2.568251	0.566928	0.558973	0.441027	3.696963
31224	-3410.481	-3574.796	164.3152	1.178924	2.568251	0.3934973	0.569136	0.430864	3.867532
31230	-3413.995	-3577.89	163.8943	1.028856	3.617555	0.388201	0.616983	0.383017	3.949749
31236	-3423.443	-3588.078	164.635	1.188888	3.617555	0.3517748	0.486132	0.513868	3.471878
31242	-3413.836	-3578.282	164.4459	1.275375	3.617555	0.4029391	0.63171	0.36829	3.471878
31248	-3421.65	-3587.522	165.872	1.456255	3.309079	0.4039963	0.751998	0.248002	2.576698
31254	-3428.202	-3595.231	167.0289	1.526204	2.362124	0.33008	0.565249	0.434751	2.163264
31260	-3422.606	-3588.094	165.4886	1.445164	2.935939	0.6679095	0.565249	0.434751	2.655627
31266	-3409.866	-3574.539	164.6731	1.360403	2.935939	0.6679095	0.588345	0.411655	3.198816
31272	-3401.578	-3566.753	165.1755	1.232883	2.720865	0.5238127	0.565171	0.434829	3.158486
31278	-3420.633	-3585.696	165.0636	1.321136	2.720865	0.538739	0.497319	0.502681	3.158486
31284	-3407.012	-3572.295	165.2832	1.28261	2.94907	0.4221099	0.657678	0.342322	3.108661
31290	-3421.532	-3586.429	164.8977	1.263352	2.779765	0.5418442	0.574726	0.425274	3.272155
31296	-3415.406	-3579.002	163.5952	1.194633	2.646515	0.6210188	0.590673	0.409327	4.034237
31302	-3426.356	-3591.314	164.958	1.212084	2.632111	0.4924035	0.590673	0.409327	3.354004
31308	-3427.55	-3591.399	163.849	1.110974	3.097156	0.3956616	0.593333	0.406667	4.035967
31314	-3423.161	-3587.787	164.6263	1.298507	3.00489	0.3956616	0.598895	0.401105	3.50187
31320	-3415.842	-3579.73	163.8882	1.063614	3.00489	0.4814334	0.610461	0.389539	3.973804
31326	-3426.997	-3591.157	164.16	1.269644	3.145958	0.4814334	0.633536	0.366464	3.665128
31332	-3403.929	-3568.747	164.8182	1.134272	3.011293	0.421438	0.565911	0.434089	3.455532
31338	-3409.26	-3573.872	164.6121	1.19789	3.084615	0.4845298	0.644773	0.355227	3.455532
31344	-3415.93	-3580.433	164.5024	1.16259	3.528321	0.467272	0.644773	0.355227	3.455532
31350	-3425.005	-3589.516	164.5118	1.208108	2.868775	0.4868407	0.530858	0.469142	3.559613
31356	-3415.627	-3581.197	165.5696	1.302429	2.937346	0.3367339	0.588208	0.411792	3.0308
31362	-3418.956	-3583.934	164.9775	1.326228	2.937346	0.4568935	0.570045	0.429955	3.229912
31368	-3408.815	-3574.573	165.7575	1.331158	2.552155	0.4328736	0.553851	0.446149	2.891644
31374	-3395.927	-3561.812	165.8844	1.307574	2.624098	0.3920863	0.637847	0.362153	2.854877
31380	-3416.535	-3583.181	166.6457	1.42454	2.624098	0.412647	0.575393	0.424607	2.284636
31386	-3413.95	-3579.972	166.0223	1.307623	2.716279	0.412647	0.551005	0.448995	2.720587
31392	-3422.302	-3588.027	165.7256	1.348964	3.222062	0.4555391	0.66394	0.33606	2.696105
31398	-3419.163	-3584.471	165.308	1.344252	2.65791	0.4555391	0.646366	0.353634	3.098984
31404	-3417.709	-3583.347	165.6372	1.251262	2.65791	0.4791798	0.601105	0.398895	2.932838
31410	-3416.533	-3582.089	165.5563	1.346949	2.737296	0.4960451	0.628588	0.371412	2.884569
31416	-3410.282	-3575.888	165.6063	1.31584	3.256067	0.487443	0.63363	0.36637	2.747487
31422	-3415.749	-3580.436	164.6863	1.180001	3.733919	0.487443	0.59437	0.40563	3.273076
31428	-3407.485	-3572.439	164.9545	1.212699	2.808788	0.487443	0.59437	0.40563	3.312812
31434	-3417.864	-3582.199	164.3348	1.22123	2.889398	0.5859868	0.562954	0.437046	3.55871
31440	-3410.039	-3574.746	164.7077	1.197254	3.582545	0.4394284	0.642848	0.357152	3.331951
31446	-3429.213	-3594.051	164.8371	1.216646	2.927465	0.4394284	0.665768	0.334232	3.397999
31452	-3418.119	-3583.847	165.7284	1.27411	2.927465	0.4322954	0.721752	0.278248	2.840445
31458	-3432.025	-3598.768	166.7436	1.485547	2.927465	0.4322954	0.525924	0.474076	2.068631
31464	-3421.908	-3588.612	166.7042	1.66775	2.820422	0.353824	0.525924	0.474076	2.10648
31470	-3417.84	-3584.116	166.2764	1.531279	2.707475	0.5335392	0.588825	0.411175	2.294358
31476	-3416.456	-3583.075	166.6186	1.625277	2.520519	0.6357873	0.701646	0.298354	1.968151
31482	-3427.007	-3593.902	166.8958	1.693902	2.494679	0.6987622	0.492781	0.507219	1.679958
31488	-3428.437	-3595.494	167.0576	1.693902	3.520805	0.3358476	0.707437	0.292563	1.679958
31494	-3415.67	-3581.025	165.3555	1.398334	3.635185	0.5156354	0.472034	0.527966	2.733818
31500	-3411.847	-3577.16	165.3122	1.367356	4.003924	0.5156354	0.628361	0.371639	2.700305
31506	-3423.335	-3588.89	165.555	1.303954	3.164938	0.4216153	0.662712	0.337288	2.878971
31512	-3422.897	-3588.705	165.8079	1.327487	3.164938	0.4130144	0.507111	0.492889	2.720526
31518	-3414.514	-3580.448	165.9339	1.382304	2.978032	0.4451322	0.490635	0.509365	2.620911
31524	-3414.04	-3580.554	166.5142	1.426011	2.978032	0.348271	0.501381	0.498619	2.348044
31530	-3426.275	-3592.929	166.6536	1.522311	3.049376	0.4779197	0.670357	0.329643	2.016086
31536	-3425.535	-3592.617	167.0826	1.603498	2.954639	0.4321621	0.670327	0.329673	1.751033
31542	-3421.441	-3588.854	167.4124	1.671247	2.545992	0.4321621	0.621085	0.378915	1.600557
31548	-3413.402	-3580.694	167.2919	1.629367	3.330317	0.3288493	0.663463	0.336537	1.621324
31554	-3409.663	-3576.304	166.6413	1.662455	3.210416	0.5425385	0.642242	0.357758	1.813431
31560	-3409.013	-3575.592	166.5785	1.607056	3.210416	0.6368195	0.661813	0.338187	1.799104
31566	-3419.569	-3585.608	166.0385	1.536422	3.252174	0.4220855	0.661813	0.338187	2.415194
31572	-3401.34	-3566.871	165.5317	1.239706	2.975669	0.4220855	0.640662	0.359338	2.978831
31578	-3404.18	-3569.744	165.5644	1.294512	2.975669	0.4220855	0.553524	0.446476	2.926141
31584	-3416.982	-3580.853	163.8706	1.192614	2.975669	0.5817752	0.667667	0.332333	3.825764
31590	-3406.848	-3571.826	164.9774	1.272596	2.975669	0.5454723	0.650883	0.349117	3.165232
31596	-3412.75	-3578.443	165.693	1.355629	3.02803	0.4734355	0.613312	0.386688	2.741818
31602	-3407.723	-3573.392	165.6689	1.31205	2.774639	0.4094376	0.613312	0.386688	2.920191
31608	-3417.916	-3583.205	165.2891	1.293678	2.767588	0.4094376	0.70748	0.29252	3.160392
31614	-3426.376	-3592.974	166.5979	1.469999	3.135589	0.3953713	0.571414	0.428586	2.162301
31620	-3420.419	-3587.055	166.6357	1.411166	2.721435	0.3979154	0.615221	0.384779	2.288548
31626	-3408.8	-3574.885	166.0846	1.456535	3.014365	0.3595268	0.615221	0.384779	2.57404
31632	-3419.341	-3585.034	165.6928	1.414415	3.708424	0.3595268	0.615221	0.384779	2.67543
31638	-3431.146	-3596.179	165.0329	1.324344	3.708424	0.4017036	0.529121	0.470879	3.078506
31644	-3414.656	-3580.728	166.0725	1.475922	4.015079	0.507993	0.630973	0.369027	2.158147
31650	-3404.51	-3570.163	165.6528	1.425861	3.616544	0.3917125	0.595534	0.404466	2.673618
31656	-3409.905	-3575.772	165.8668	1.302826	3.276875	0.3837601	0.63317	0.36683	2.706663
31662	-3418.203	-3584.316	166.1129	1.495172	3.148628	0.4278071	0.639303	0.360697	2.413937
31668	-3415.787	-3580.81	165.0222	1.360756	2.740918	0.4278071	0.651476	0.348524	3.265585
31674	-3404.213	-3569.785	165.5722	1.361043	2.795042	0.3850374	0.666583	0.333417	2.971848
31680	-3422.479	-3587.399	164.9195	1.298327	3.049193	0.463155	0.697914	0.302086	3.246085
31686	-3425.842	-3591.106	165.264	1.432359	3.049193	0.3770079	0.516095	0.483905	3.057269
31692	-3409.779	-3575.762	165.982	1.445428	2.749816	0.5130071	0.5214	0.4786	2.542589
31698	-3398.213	-3564.708	166.4947	1.531328	2.594672	0.5130071	0.606923	0.393077	2.209176
31704	-3406.682	-3573.812	167.1303	1.592143	2.41413	0.5130071	0.556007	0.443993	1.803999
31710	-3405.28	-3571.425	166.1447	1.384574	2.723251	0.4215124	0.620225	0.379775	2.585568
31716	-3417.212	-3581.465	164.2533	1.124045	2.226254	0.5943434	0.578032	0.421968	3.840737
31722	-3420.844	-3584.632	163.7877	1.183396	2.286974	0.6061713	0.48958	0.51042	4.044972
31728	-3421.461	-3585.79	164.3289	1.129847	2.333468	0.6133551	0.553738	0.446262	3.745376
31734	-3414.737	-3578.674	163.9372	1.102209	2.333468	0.5690946	0.640075	0.359925	4.023369
31740	-3416.946	-3582.507	165.5617	1.268197	2.333468	0.4623725	0.55699	0.44301	3.081211
31746	-3409.705	-3575.495	165.79	1.286571	2.691228	0.4623725	0.47416	0.52584	2.827155
31752	-3406.089	-3571.856	165.7669	1.360062	2.691228	0.4769937	0.4736	0.5264	2.781137
31758	-3422.305	-3588.281	165.9752	1.412431	2.691228	0.5250415	0.664866	0.335134	2.572029
31764	-3430.03	-3596.401	166.3708	1.533848	2.597985	0.4467922	0.603181	0.396819	2.358097
31770	-3429.976	-3596.005	166.0289	1.543798	3.038169	0.4467922	0.603181	0.396819	2.443337
31776	-3433.369	-3599.922	166.5534	1.5318	2.946742	0.4070382	0.651397	0.348603	2.188043
31782	-3425.387	-3591.722	166.3348	1.440992	2.768522	0.4262149	0.603513	0.396487	2.413102
31788	-3437.467	-3602.404	164.937	1.487744	2.768522	0.8562369	0.545496	0.454504	2.870571
31794	-3417.049	-3583.409	166.3603	1.526424	2.768522	0.4556574	0.545496	0.454504	2.309053
31800	-3401.539	-3567.177	165.6375	1.32308	2.853709	0.5055614	0.596106	0.403894	2.808524
31806	-3412.467	-3578.455	165.9876	1.357492	2.952009	0.4537221	0.659271	0.340729	2.600492
31812	-3412.355	-3577.578	165.2224	1.351751	2.952009	0.4537221	0.560583	0.439417	3.068714
31818	-3401.679	-3567.819	166.1396	1.498697	3.089558	0.4537221	0.689328	0.310672	2.380634
31824	-3405.455	-3571.745	166.2901	1.454845	3.089558	0.4537221	0.649953	0.350047	2.312905
31830	-3415.514	-3582.056	166.5417	1.454845	2.291349	0.4017818	0.532009	0.467991	2.449696
31836	-3410.382	-3576.174	165.7918	1.334722	2.291349	0.4456473	0.730982	0.269018	2.934254
31842	-3415.003	-3580.869	165.8658	1.257062	3.085887	0.36713	0.684746	0.315254	2.802943
31848	-3411.489	-3576.489	164.9994	1.19721	3.108384	0.311143	0.691696	0.308304	3.421409
31854	-3406.824	-3571.69	164.8663	1.123912	3.739672	0.3221702	0.691696	0.308304	3.386253
31860	-3409.83	-3575.16	165.33	1.307304	3.739672	0.3209746	0.74126	0.25874	3.004134
31866	-3420.82	-3585.968	165.1478	1.252667	3.15351	0.3209746	0.54545	0.45455	3.277667
31872	-3406.724	-3571.757	165.033	1.204214	3.15351	0.4557323	0.486959	0.513041	3.216771
31878	-3404.779	-3569.99	165.2108	1.287675	2.67079	0.4274756	0.54836	0.45164	3.216771
31884	-3417.364	-3582.887	165.5232	1.312811	2.67079	0.4207701	0.663082	0.336918	3.023182
31890	-3426.229	-3593.387	167.1581	1.708602	2.712563	0.5074839	0.51756	0.48244	1.606413
31896	-3426.494	-3594.194	167.7002	1.694711	2.440445	0.3608887	0.644418	0.355582	1.511463
31902	-3431.22	-3598.682	167.4622	1.709319	2.21868	0.2988305	0.51918	0.48082	1.850012
31908	-3425.494	-3592.355	166.8615	1.625458	3.463216	0.2844819	0.557604	0.442396	1.958337
31914	-3432.711	-3599.435	166.7242	1.566416	3.653389	0.4351601	0.61586	0.38414	1.830556
31920	-3432.441	-3599.165	166.7246	1.666538	2.983949	0.4351601	0.721883	0.278117	1.940996
31926	-3419.75	-3586.227	166.4772	1.41056	3.427142	0.3249346	0.630397	0.369603	2.298102
31932	-3412.937	-3578.241	165.3036	1.326185	3.427142	0.4154105	0.754661	0.245339	2.96189
31938	-3420.694	-3586.168	165.4744	1.177732	3.427142	0.4036403	0.738239	0.261761	2.96189
31944	-3412.627	-3578.874	166.2472	1.36733	3.236267	0.4101509	0.652035	0.347965	2.40832
31950	-3407.04	-3573.137	166.0965	1.355925	3.662829	0.4101509	0.690637	0.309363	2.40832
31956	-3412.839	-3578.476	165.6364	1.3582	3.662829	0.3915312	0.711618	0.288382	2.715133
31962	-3418.057	-3584.447	166.3902	1.492422	3.662829	0.382537	0.720403	0.279597	2.167272
31968	-3422.361	-3588.698	166.3368	1.472411	2.703425	0.323977	0.629906	0.370094	2.540101
31974	-3422.133	-3588.6	166.4669	1.495124	2.703425	0.4500545	0.573553	0.426447	2.286315
31980	-3421.546	-3587.753	166.2071	1.449368	2.909293	0.4500545	0.622346	0.377654	2.421687
31986	-3428.85	-3594.086	165.2363	1.404875	2.93821	0.6053476	0.622346	0.377654	2.886755
31992	-3427.675	-3593.08	165.4057	1.192825	2.921672	0.3516585	0.665498	0.334502	3.178937
31998	-3414.099	-3579.847	165.7477	1.435647	2.921672	0.3470426	0.665498	0.334502	2.833927
32004	-3420.795	-3586.393	165.5979	1.411217	2.442486	0.3639239	0.601048	0.398952	3.052138
32010	-3421.026	-3586.368	165.3428	1.348675	2.715374	0.4626562	0.649531	0.350469	3.052138
32016	-3429.336	-3595.673	166.3371	1.43545	2.715374	0.5202435	0.649531	0.350469	2.328006
32022	-3420.761	-3585.987	165.2259	1.384026	2.705041	0.3471045	0.566978	0.433022	3.235264
32028	-3428.549	-3594.259	165.7097	1.325083	2.656897	0.5473392	0.711085	0.288915	2.777278
32034	-3413.597	-3579.077	165.4805	1.502791	2.814731	0.5473392	0.545215	0.454785	2.76464
32040	-3412.296	-3577.046	164.7497	1.310222	2.814731	0.5473392	0.529039	0.470961	3.317441
32046	-3415.593	-3579.596	164.0026	1.202948	3.143245	0.5473392	0.586727	0.413273	3.733479
32052	-3413.387	-3576.802	163.415	1.123889	3.670936	0.3412607	0.642375	0.357625	4.212539
32058	-3421.737	-3586.77	165.0331	1.347588	3.670936	0.3412607	0.612379	0.387621	3.145614
32064	-3426.303	-3591.643	165.3397	1.416346	3.287723	0.2642378	0.610077	0.389923	3.114692
32070	-3433.577	-3599.962	166.385	1.514283	2.911932	0.3372067	0.591171	0.408829	2.406994
32076	-3431.23	-3596.876	165.6454	1.466894	2.911932	0.5822646	0.570092	0.429908	2.62659
32082	-3421.367	-3587.659	166.2926	1.421867	2.911932	0.4430014	0.580039	0.419961	2.392307
32088	-3424.116	-3589.698	165.582	1.412089	3.413105	0.4430014	0.674572	0.325428	2.713229
32094	-3418.54	-3584.177	165.6369	1.305932	3.697853	0.4430014	0.571249	0.428751	2.67993
32100	-3408.132	-3575.005	166.8734	1.53026	2.802144	0.4430014	0.539215	0.460785	1.976491
32106	-3411.882	-3578.361	166.4794	1.656186	2.802144	0.5578278	0.711894	0.288106	2.028364
32112	-3416.596	-3582.751	166.1546	1.465402	2.643473	0.5097793	0.580168	0.419832	2.456288
32118	-3410.089	-3576.528	166.4385	1.503568	2.801842	0.4050939	0.655793	0.344207	2.32332
32124	-3407.555	-3573.818	166.2632	1.317165	2.801842	0.3887926	0.705761	0.294239	2.570499
32130	-3425.057	-3592.806	167.7489	2.114977	3.191763	0.3377809	0.660629	0.339371	0.8376082
32136	-3429.723	-3597.028	167.3047	1.945631	3.844176	0.3898119	0.70371	0.29629	1.109166
32142	-3426.868	-3593.633	166.7653	1.503544	3.369631	0.4417298	0.581513	0.418487	1.909779
32148	-3428.822	-3595.206	166.3841	1.418984	2.27027	0.4417298	0.617753	0.382247	2.531207
32154	-3419.456	-3585.179	165.7231	1.370608	3.377094	0.3670199	0.580335	0.419665	2.749745
32160	-3414.834	-3580.674	165.8402	1.359371	2.279745	0.4329864	0.564003	0.435997	2.907722
32166	-3415.172	-3580.765	165.5934	1.339684	3.174247	0.3577253	0.606974	0.393026	2.907722
32172	-3416.023	-3582.442	166.4189	1.425873	3.052891	0.3605429	0.542825	0.457175	2.372234
32178	-3418.538	-3584.1	165.5618	1.512622	3.330848	0.3605429	0.543264	0.456736	2.780625
32184	-3415.297	-3581.334	166.0371	1.518863	4.209958	0.2869292	0.5935	0.4065	2.390244
32190	-3412.689	-3578.705	166.0157	1.356617	3.105938	0.4216235	0.684972	0.315028	2.579428
32196	-3409.242	-3575.57	166.3285	1.391815	3.083227	0.3981964	0.566815	0.433185	2.395319
32202	-3415.681	-3582.824	167.1424	1.499426	3.083227	0.4211577	0.623559	0.376441	1.758189
32208	-3404.527	-3571.343	166.8165	1.499426	2.572599	0.4211577	0.576784	0.423216	2.131375
32214	-3415.738	-3583.057	167.3194	1.751937	2.664843	0.4644498	0.660608	0.339392	1.52571
32220	-3420.072	-3587.267	167.1945	1.759812	2.997094	0.4644498	0.742941	0.257059	1.502518
32226	-3433.121	-3600.092	166.971	1.743266	4.144899	0.3817162	0.653574	0.346426	1.478044
32232	-3422.046	-3589.21	167.1643	1.755421	2.687074	0.5056636	0.637684	0.362316	1.578556
32238	-3425.264	-3591.567	166.3029	1.76677	3.064368	0.5056636	0.605638	0.394362	2.051623
32244	-3428.779	-3595.482	166.7032	1.603393	2.714874	0.4563459	0.708581	0.291419	2.051623
32250	-3428.08	-3594.672	166.5921	1.581057	2.714874	0.4643544	0.659031	0.340969	2.130121
32256	-3419.257	-3585.698	166.4413	1.567176	2.725892	0.478673	0.638517	0.361483	2.217771
32262	-3417.554	-3583.774	166.2201	1.622559	3.110397	0.3442048	0.638517	0.361483	2.380133
32268	-3436.749	-3603.793	167.0434	1.622559	3.110397	0.330098	0.751419	0.248581	1.860579
32274	-3437.027	-3603.716	166.6887	1.597426	2.758794	0.5569215	0.751419	0.248581	1.941792
32280	-3440.822	-3606.781	165.9591	1.493286	3.386824	0.5569215	0.743408	0.256592	2.315461
32286	-3422.177	-3588.292	166.1157	1.553206	3.386824	0.4477778	0.666791	0.333209	2.292333
32292	-3420.471	-3587.003	166.5315	1.421312	2.466802	0.4721311	0.533472	0.466528	2.339804
32298	-3416.597	-3582.721	166.1244	1.396699	3.089225	0.4514891	0.613125	0.386875	2.457076
32304	-3409.809	-3576.662	166.8526	1.60573	3.089225	0.5488633	0.706182	0.293818	1.733428
32310	-3409.263	-3575.88	166.6164	1.628664	3.089225	0.5998687	0.660038	0.339962	1.828473
32316	-3406.368	-3573.299	166.9315	1.628664	2.827994	0.4146423	0.495897	0.504103	1.898381
32322	-3412.176	-3577.994	165.8179	1.426217	3.551982	0.4863084	0.530035	0.469965	2.479314
32328	-3419.843	-3586.091	166.2481	1.374753	2.874031	0.4401364	0.477851	0.522149	2.463705
32334	-3422.126	-3588.878	166.7518	1.644841	2.924105	0.4401364	0.477851	0.522149	1.948608
32340	-3418.976	-3585.493	166.5178	1.386931	2.856605	0.3142773	0.595612	0.404388	2.450736
32346	-3418.999	-3584.629	165.6296	1.378201	3.215359	0.4809779	0.650067	0.349933	2.711687
32352	-3412.338	-3578.381	166.0428	1.420776	2.925622	0.4347867	0.531615	0.468385	2.555114
32358	-3414.484	-3579.311	164.8268	1.361596	2.925622	0.7190999	0.640571	0.359429	3.069415
32364	-3418.832	-3584.82	165.9884	1.425768	3.317006	0.345961	0.690166	0.309834	2.593988
32370	-3418.334	-3584.6	166.2653	1.570463	3.700318	0.4699859	0.618535	0.381465	2.083331
32376	-3413.27	-3579.95	166.6792	1.676432	3.700318	0.4699859	0.587284	0.412716	1.730684
32382	-3427.405	-3594.094	166.6885	1.529422	3.337921	0.5447362	0.618957	0.381043	1.835396
32388	-3426.801	-3593.497	166.6965	1.573453	3.337921	0.4817397	0.643734	0.356266	1.869882
32394	-3415.224	-3582.335	167.1111	1.778158	3.016672	0.4857771	0.551716	0.448284	1.517624
32400	-3418.659	-3585.652	166.993	1.704092	3.016672	0.4857771	0.688574	0.311426	1.657935
32406	-3417.541	-3584.508	166.9671	1.681859	3.797678	0.3514196	0.565667	0.434333	1.657935
32412	-3414.901	-3582.096	167.1948	1.78339	2.795467	0.3173595	0.664931	0.335069	1.75802
32418	-3417.934	-3585.086	167.1514	1.794677	2.795467	0.5131746	0.697567	0.302433	1.513432
32424	-3414.661	-3582.044	167.3835	1.833142	2.795467	0.4214625	0.587008	0.412992	1.429028
32430	-3408.267	-3575.618	167.351	1.830853	2.891485	0.4214625	0.700368	0.299632	1.423026
32436	-3417.715	-3585.101	167.3862	1.834001	2.8733	0.405695	0.592681	0.407319	1.422526
32442	-3426.994	-3594.567	167.5728	1.934298	2.8733	0.405695	0.679049	0.320951	1.189736
32448	-3422.534	-3589.609	167.0749	1.91925	3.068105	0.5323173	0.608249	0.391751	1.362427
32454	-3416.815	-3584.12	167.305	1.846811	2.968621	0.5323173	0.648147	0.351853	1.269247
32460	-3418.388	-3586.059	167.6716	2.029149	2.772285	0.3671862	0.677176	0.322824	1.125824
32466	-3421.86	-3589.436	167.5759	1.880669	2.402902	0.435479	0.498919	0.501081	1.368082
32472	-3424.691	-3592.417	167.7265	1.966399	2.402902	0.3855405	0.608513	0.391487	1.253502
32478	-3409.836	-3577.588	167.7525	1.968841	2.402902	0.4324299	0.717304	0.282696	1.15289
32484	-3419.409	-3587.134	167.7254	1.973741	2.402902	0.4324299	0.658463	0.341537	1.172335
32490	-3410.471	-3577.666	167.1958	1.915388	3.104859	0.5324261	0.577596	0.422404	1.255219
32496	-3404.484	-3571.435	166.9509	1.758611	3.104859	0.5324261	0.711205	0.288795	1.566984
32502	-3412.827	-3580.046	167.2186	1.778449	2.813212	0.5051265	0.668744	0.331256	1.479043
32508	-3407.875	-3574.962	167.0872	1.784001	2.938086	0.4986767	0.679539	0.320461	1.539983
32514	-3414.66	-3581.06	166.3998	1.565319	3.126169	0.3855079	0.675636	0.324364	2.243812
32520	-3418.106	-3584.354	166.2479	1.467455	3.126169	0.3914839	0.646166	0.353834	2.395508
32526	-3427.511	-3593.291	165.7804	1.304206	3.178724	0.4126007	0.617614	0.382386	2.748655
32532	-3420.989	-3586.632	165.6431	1.34818	2.944576	0.4126007	0.565885	0.434115	2.864976
32538	-3426.019	-3591.357	165.3381	1.35959	3.307612	0.5160556	0.717516	0.282484	2.843014
32544	-3411.928	-3577.473	165.5447	1.30616	2.709996	0.5045654	0.606299	0.393701	2.915287
32550	-3411.712	-3577.306	165.5939	1.400595	3.225887	0.5044732	0.677031	0.322969	2.69318
32556	-3409.73	-3575.996	166.2662	1.384049	2.679683	0.485782	0.707199	0.292801	2.451657
32562	-3415.938	-3581.612	165.6731	1.294998	2.679683	0.4973775	0.678604	0.321396	2.860095
32568	-3420.576	-3585.139	164.5637	1.202613	2.602955	0.4973775	0.663564	0.336436	3.59309
32574	-3416.359	-3582.201	165.8421	1.181747	2.602955	0.3477009	0.672446	0.327554	3.016657
32580	-3423.424	-3588.991	165.5672	1.356508	2.811586	0.3477009	0.504255	0.495745	3.018939
32586	-3415.964	-3582.008	166.0446	1.458866	2.736362	0.4204953	0.585015	0.414985	2.598963
32592	-3416.236	-3582.227	165.9908	1.476472	2.674969	0.456131	0.62777	0.37223	2.598963
32598	-3415.006	-3579.661	164.655	1.358877	3.302166	0.7111031	0.650029	0.349971	3.086924
32604	-3417.263	-3582.344	165.0812	1.399799	2.927272	0.5251479	0.720857	0.279143	3.059104
32610	-3424.026	-3589.334	165.3071	1.221646	2.927272	0.3946586	0.644574	0.355426	3.167335
32616	-3423.784	-3588.703	164.9193	1.452	2.927272	0.5454942	0.644574	0.355426	3.105406
32622	-3400.798	-3564.981	164.1823	1.219912	2.927272	0.5642985	0.602047	0.397953	3.6573
32628	-3403.114	-3568.7	165.5863	1.30585	2.927272	0.4120475	0.708488	0.291512	2.930013
32634	-3406.03	-3571.037	165.0062	1.307497	3.71238	0.4624205	0.705628	0.294372	3.037272
32640	-3408.653	-3575.086	166.4322	1.375129	2.709191	0.3936415	0.591333	0.408667	2.449194
32646	-3401.886	-3566.35	164.4641	1.157898	3.618474	0.4046336	0.625146	0.374854	3.527719
32652	-3408.102	-3571.735	163.6332	1.144863	3.618474	0.3431486	0.617493	0.382507	4.085089
32658	-3420.259	-3584.107	163.8479	1.137717	3.618474	0.3431486	0.618053	0.381947	3.966604
32664	-3418.233	-3583.394	165.1615	1.341151	4.291846	0.3730246	0.618053	0.381947	2.907133
32670	-3425.371	-3589.609	164.2384	1.527814	3.444971	1.042943	0.618053	0.381947	2.981414
32676	-3410.68	-3575.325	164.6455	1.681292	4.35352	1.042943	0.49576	0.50424	2.445388
32682	-3413.202	-3578.202	164.9994	1.522881	3.610194	0.8696394	0.626128	0.373872	2.592433
32688	-3427.934	-3592.528	164.594	1.543444	4.489023	0.7515294	0.513166	0.486834	2.733646
32694	-3415.169	-3579.332	164.1632	1.500928	4.489023	0.681707	0.579958	0.420042	3.073541
32700	-3426.532	-3591.701	165.169	1.338434	3.95025	0.5222986	0.633913	0.366087	2.809988
32706	-3433.173	-3597.495	164.3226	1.195602	2.651141	0.454268	0.633913	0.366087	3.766201
32712	-3422.64	-3586.544	163.9046	1.225487	3.588833	0.454268	0.640547	0.359453	3.766201
32718	-3420.399	-3584.447	164.048	1.061128	3.588833	0.5028132	0.674153	0.325847	3.730539
32724	-3408.538	-3572.393	163.8552	1.17974	2.760936	0.5028132	0.586954	0.413046	3.967075
32730	-3422.611	-3587.709	165.0981	1.366407	2.451876	0.5060888	0.586954	0.413046	3.218621
32736	-3410.662	-3576.601	165.9394	1.468759	2.451876	0.511331	0.488507	0.511493	2.644213
32742	-3412.74	-3578.707	165.967	1.406619	2.462936	0.6611377	0.463426	0.536574	2.524492
32748	-3413.275	-3579.544	166.2695	1.565968	2.904522	0.4121419	0.463426	0.536574	2.353687
32754	-3408.234	-3574.419	166.1852	1.494198	4.050486	0.3174926	0.539738	0.460262	2.299952
32760	-3414.385	-3580.269	165.8834	1.348028	3.021646	0.4429162	0.67274	0.32726	2.664179
32766	-3416.013	-3581.371	165.3587	1.363233	3.482546	0.5019377	0.56397	0.43603	2.801409
32772	-3412.198	-3577.009	164.8114	1.397076	3.482546	0.5019377	0.573047	0.426953	3.110478
32778	-3417.787	-3582.841	165.0538	1.34678	2.680744	0.4666541	0.688534	0.311466	3.230561
32784	-3400.021	-3565.088	165.0673	1.362604	3.426449	0.4354959	0.702262	0.297738	3.059666
32790	-3402.207	-3566.361	164.1549	1.30484	3.426449	0.6029904	0.537496	0.462504	3.472482
32796	-3399.145	-3563.645	164.4997	1.227157	3.120773	0.6029904	0.66161	0.33839	3.387035
32802	-3397.895	-3561.963	164.0677	1.422153	3.120773	0.744309	0.67587	0.32413	3.414938
32808	-3417.642	-3581.001	163.3586	1.24817	3.115227	0.8564739	0.60153	0.39847	3.851505
32814	-3410.441	-3576.037	165.5955	1.550102	2.382837	0.8047181	0.662641	0.337359	2.578823
32820	-3405.544	-3571.869	166.3242	1.375328	3.129425	0.5019866	0.654993	0.345007	2.278731
32826	-3409.379	-3575.858	166.4789	1.491303	2.705419	0.5019866	0.636212	0.363788	2.223303
32832	-3401.868	-3567.353	165.4849	1.367268	2.705419	0.5019866	0.686656	0.313344	2.918373
32838	-3411.409	-3577.585	166.1753	1.476735	3.172982	0.6190032	0.55541	0.44459	2.182544
32844	-3410.74	-3577.618	166.8783	1.516006	2.48906	0.4454125	0.584912	0.415088	2.077575
32850	-3413.062	-3579.167	166.1048	1.537477	2.438621	0.4990723	0.62764	0.37236	2.51561
32856	-3420.052	-3586.903	166.8511	1.62626	2.453219	0.3860569	0.597169	0.402831	2.107979
32862	-3414.182	-3581.252	167.0695	1.641846	3.501775	0.3860569	0.644758	0.355242	1.639553
32868	-3424.062	-3591.089	167.0273	1.610049	3.501775	0.3860569	0.712345	0.287655	1.692463
32874	-3415.852	-3582.612	166.7604	1.498478	2.968995	0.4462893	0.584232	0.415768	2.020313
32880	-3410.419	-3577.063	166.644	1.567293	2.968995	0.4462893	0.583549	0.416451	2.051841
32886	-3420.613	-3587.103	166.4899	1.526355	2.984529	0.4462893	0.644566	0.355434	2.175264
32892	-3424.195	-3591.242	167.0475	1.577266	2.372582	0.3802353	0.653854	0.346146	2.045351
32898	-3411.371	-3577.928	166.5568	1.460087	3.055817	0.3802353	0.646541	0.353459	2.235974
32904	-3411.842	-3578.23	166.3876	1.37418	2.310535	0.4951271	0.646541	0.353459	2.486021
32910	-3420.213	-3586.511	166.299	1.400916	2.431236	0.4951271	0.647035	0.352965	2.486021
32916	-3419.661	-3585.895	166.2342	1.316619	2.453128	0.4778174	0.640502	0.359498	2.590153
32922	-3418.359	-3583.904	165.5444	1.25875	2.44963	0.3786662	0.547569	0.452431	3.15491
32928	-3431.578	-3596.907	165.3289	1.33707	2.837324	0.3417752	0.512508	0.487492	3.173289
32934	-3415.568	-3580.957	165.389	1.387848	2.987649	0.3704629	0.512508	0.487492	3.032579
32940	-3420.642	-3586.096	165.4534	1.355542	2.987649	0.3548677	0.621026	0.378974	3.032579
32946	-3427.074	-3592.08	165.0061	1.25792	2.906898	0.3986924	0.693528	0.306472	3.324423
32952	-3423.623	-3589.465	165.8417	1.47559	2.642982	0.4836499	0.556033	0.443967	2.671423
32958	-3419.973	-3585.988	166.0146	1.302762	2.642982	0.4836499	0.583293	0.416707	2.671423
32964	-3427.942	-3594.046	166.1032	1.513338	2.814829	0.3881066	0.549646	0.450354	2.545271
32970	-3412.656	-3578.02	165.3635	1.293649	3.699491	0.3648767	0.655029	0.344971	2.944424
32976	-3426.804	-3592.063	165.2588	1.242319	3.87254	0.3158988	0.688131	0.311869	3.064622
32982	-3406.952	-3572.408	165.4565	1.364805	3.480452	0.4997438	0.688131	0.311869	2.743455
32988	-3414.778	-3581.219	166.4408	1.461759	2.762316	0.4667973	0.674447	0.325553	2.288272
32994	-3421.172	-3587.399	166.2269	1.465727	3.361158	0.3859228	0.663937	0.336063	2.357458
33000	-3405.717	-3572.123	166.4057	1.5248	4.102647	0.3859228	0.666569	0.333431	2.03183
33006	-3407.827	-3573.806	165.9788	1.402935	3.929134	0.4713352	0.622166	0.377834	2.323788
33012	-3414.885	-3580.969	166.0835	1.500005	3.373197	0.4713352	0.647724	0.352276	2.323788
33018	-3404.648	-3570.557	165.9096	1.393913	3.504663	0.4288217	0.647724	0.352276	2.516447
33024	-3408.031	-3573.853	165.8219	1.452585	2.984008	0.4297409	0.685198	0.314802	2.662255
33030	-3409.69	-3576.264	166.5737	1.486272	2.544859	0.3893003	0.648005	0.351995	2.343979
33036	-3417.792	-3584.275	166.4836	1.611741	2.527088	0.3804078	0.531696	0.468304	2.338227
33042	-3414.365	-3580.639	166.2742	1.565597	2.527088	0.3846595	0.665967	0.334033	2.493981
33048	-3422.772	-3588	165.228	1.356964	2.213553	0.3501574	0.5889	0.4111	3.390721
33054	-3411.705	-3576.834	165.1295	1.356964	2.213553	0.3614765	0.5889	0.4111	3.434561
33060	-3426.928	-3592.835	165.9074	1.38076	2.953183	0.6181888	0.702242	0.297758	2.473604
33066	-3417.368	-3583.453	166.0842	1.478324	2.972523	0.6362575	0.640119	0.359881	2.27846
33072	-3420.647	-3586.661	166.0138	1.453727	3.287514	0.6119165	0.557754	0.442246	2.27846
33078	-3410.434	-3576.577	166.1432	1.421264	3.287514	0.3851144	0.640609	0.359391	2.457536
33084	-3409.166	-3575.085	165.9191	1.451159	3.201767	0.4350043	0.554878	0.445122	2.54115
33090	-3412.441	-3578.633	166.1918	1.489305	3.322269	0.4350043	0.713172	0.286828	2.315205
33096	-3414.272	-3580.418	166.1464	1.534746	3.322269	0.4350043	0.638088	0.361912	2.315205
33102	-3416.87	-3582.986	166.1155	1.5241	3.322269	0.4350043	0.66099	0.33901	2.341677
33108	-3412.306	-3578.41	166.1036	1.447356	3.322269	0.4855925	0.649976	0.350024	2.341677
33114	-3409.379	-3575.135	165.7551	1.414382	3.004127	0.4850507	0.628866	0.371134	2.661726
33120	-3424.719	-3591.495	166.7759	1.565136	3.098488	0.4175296	0.60614	0.39386	1.964244
33126	-3419.046	-3585.728	166.6821	1.526446	3.789128	0.5073299	0.643799	0.356201	1.767631
33132	-3417.223	-3582.253	165.0294	1.376387	3.425993	0.3829112	0.574152	0.425848	3.133705
33138	-3421.272	-3584.92	163.6485	1.296926	2.647248	0.6360548	0.550868	0.449132	3.932961
33144	-3420.295	-3584.081	163.7863	1.343903	3.12536	0.6583652	0.692257	0.307743	3.68818
33150	-3415.332	-3579.699	164.3675	1.199901	2.461342	0.4495895	0.580175	0.419825	3.795462
33156	-3413.13	-3577.197	164.0668	1.151127	2.88519	0.5022	0.551861	0.448139	3.830885
33162	-3419.032	-3583.601	164.5693	1.106606	3.376155	0.3844195	0.779558	0.220442	3.572202
33168	-3424.614	-3589.034	164.4194	1.173239	2.53241	0.2714932	0.734012	0.265988	3.974273
33174	-3410.657	-3574.698	164.0409	1.207593	4.312386	0.370925	0.680022	0.319978	3.64634
33180	-3421.237	-3585.454	164.2173	1.248181	3.12226	0.5238828	0.687688	0.312312	3.609427
33186	-3427.232	-3591.822	164.5902	1.320413	2.812967	0.5801305	0.458787	0.541213	3.376406
33192	-3417.746	-3582.722	164.9763	1.313239	2.812967	0.401444	0.611696	0.388304	3.330687
33198	-3410.942	-3576.166	165.2238	1.296122	2.79101	0.5526592	0.576561	0.423439	3.046008
33204	-3416.395	-3581.648	165.2529	1.413838	3.644818	0.5338229	0.576561	0.423439	2.767144
33210	-3412.142	-3577.471	165.3294	1.340302	3.644818	0.4818571	0.653005	0.346995	2.817093
33216	-3417.74	-3581.51	163.7705	1.181801	3.644818	0.6652904	0.668295	0.331705	3.66965
33222	-3411.147	-3576.58	165.433	1.256544	2.909144	0.3905249	0.530506	0.469494	3.08111
33228	-3411.38	-3576.045	164.6642	1.28175	2.909144	0.3629957	0.617718	0.382282	3.551574
33234	-3415.864	-3580.889	165.0251	1.365079	3.174015	0.4011737	0.523055	0.476945	3.180686
33240	-3416.638	-3581.962	165.3235	1.322266	3.174015	0.2823667	0.608797	0.391203	3.180686
33246	-3416.021	-3580.357	164.3353	1.259194	3.174015	0.4521673	0.61785	0.38215	3.592324
33252	-3419.674	-3583.645	163.9705	1.284363	3.174015	0.2985067	0.4223	0.5777	3.967447
33258	-3426.185	-3589.507	163.3223	1.145994	3.295216	0.2985067	0.658165	0.341835	4.38673
33264	-3417.501	-3581.557	164.056	1.111445	2.986817	0.3440654	0.701401	0.298599	4.003839
33270	-3421.039	-3585.49	164.4511	1.265284	3.58747	0.3490638	0.722731	0.277269	3.544322
33276	-3423.326	-3588.921	165.5948	1.345072	3.382633	0.3197157	0.718206	0.281794	2.903295
33282	-3429.774	-3595.362	165.5887	1.376701	2.716215	0.3518551	0.687005	0.312995	3.014647
33288	-3418.847	-3583.835	164.9875	1.338884	2.716215	0.4600492	0.669151	0.330849	3.271519
33294	-3410.114	-3574.866	164.7519	1.341796	3.097444	0.541644	0.672244	0.327756	3.231
33300	-3406.68	-3571.682	165.002	1.257492	3.368973	0.3860601	0.643187	0.356813	3.229791
33306	-3400.469	-3565.602	165.1331	1.284094	3.051312	0.4003734	0.643187	0.356813	3.195607
33312	-3400.013	-3564.644	164.6314	1.303977	3.051312	0.356373	0.599369	0.400631	3.530364
33318	-3409.088	-3575.02	165.9321	1.286419	3.051312	0.5172934	0.69281	0.30719	2.586225
33324	-3415.747	-3581.053	165.3054	1.208417	2.659974	0.5172934	0.58109	0.41891	3.118794
33330	-3409.995	-3574.6	164.6044	1.208417	2.848769	0.5172934	0.596624	0.403376	3.481318
33336	-3410.134	-3574.147	164.0136	1.228617	2.848769	0.4959378	0.605937	0.394063	3.83214
33342	-3411.261	-3576.237	164.9764	1.305898	2.628652	0.4870787	0.525904	0.474096	3.294189
33348	-3416.156	-3580.597	164.4409	1.262138	3.087255	0.4870787	0.62008	0.37992	3.514798
33354	-3408.019	-3571.777	163.758	1.204462	3.25695	0.4791712	0.686653	0.313347	3.910679
33360	-3421.777	-3586.849	165.0713	1.263541	4.447008	0.3776307	0.659008	0.340992	2.973307
33366	-3407.904	-3573.104	165.2	1.322498	2.546093	0.4673075	0.619265	0.380735	3.195533
33372	-3412.15	-3577.188	165.0381	1.275932	2.312798	0.4673075	0.570708	0.429292	3.387665
33378	-3417.272	-3581.757	164.485	1.250136	2.312798	0.7013469	0.619308	0.380692	3.521801
33384	-3416.074	-3579.848	163.7743	1.385818	3.570634	0.7216896	0.589704	0.410296	3.521801
33390	-3410.756	-3576.336	165.5798	1.395211	3.570634	0.4617533	0.589704	0.410296	2.668148
33396	-3410.504	-3575.06	164.5558	1.218694	3.579858	0.3383885	0.693181	0.306819	3.525403
33402	-3418.173	-3583.493	165.32	1.209508	2.927335	0.3383885	0.547563	0.452437	3.235096
33408	-3412.667	-3577.392	164.7246	1.312508	3.028436	0.4561506	0.565726	0.434274	3.3649
33414	-3410.68	-3576.215	165.5356	1.33628	3.028436	0.3761467	0.732297	0.267703	2.958283
33420	-3413.136	-3578.912	165.7757	1.302549	3.021338	0.3761467	0.610881	0.389119	2.835386
33426	-3402.224	-3567.398	165.1748	1.242722	2.945029	0.4942641	0.610881	0.389119	3.122403
33432	-3422.914	-3587.942	165.0274	1.219411	2.945029	0.4775599	0.610881	0.389119	3.240392
33438	-3424.939	-3588.852	163.9126	1.235922	2.945029	0.4775599	0.559579	0.440421	3.879558
33444	-3427.481	-3594.678	167.1972	1.643576	2.455928	0.363803	0.593138	0.406862	1.894624
33450	-3410.791	-3577.565	166.7738	1.548089	3.372345	0.4137435	0.788129	0.211871	1.908101
33456	-3416.949	-3583.465	166.5157	1.513642	3.372345	0.4137435	0.637556	0.362444	2.103011
33462	-3409.856	-3577.31	167.4544	1.656624	2.306663	0.4708118	0.666099	0.333901	1.618366
33468	-3410.847	-3577.32	166.4735	1.533783	3.484537	0.4708118	0.666099	0.333901	2.021422
33474	-3412.276	-3578.317	166.0405	1.447141	3.533761	0.3130546	0.650508	0.349492	2.541777
33480	-3412.091	-3578.131	166.0402	1.464376	3.008086	0.3031766	0.650508	0.349492	2.674375
33486	-3410.796	-3576.93	166.1343	1.464376	3.429224	0.3891852	0.648847	0.351153	2.396311
33492	-3415.493	-3581.749	166.2556	1.468273	3.429224	0.4927983	0.660104	0.339896	2.196491
33498	-3407.721	-3573.984	166.2632	1.484737	3.925854	0.4234513	0.718831	0.281169	2.143657
33504	-3412.35	-3578.444	166.0935	1.379718	3.837163	0.3842639	0.565783	0.434217	2.387801
33510	-3408.214	-3573.304	165.0899	1.283809	2.599247	0.3842639	0.642648	0.357352	3.358911
33516	-3409.696	-3574.861	165.1648	1.235384	3.418436	0.3842639	0.694637	0.305363	3.137119
33522	-3409.275	-3575.105	165.8307	1.347796	3.279646	0.4046456	0.671659	0.328341	2.675557
33528	-3406.677	-3572.431	165.7536	1.364219	2.775567	0.4939988	0.714756	0.285244	2.745587
33534	-3413.484	-3579.222	165.7385	1.35041	2.854714	0.4737242	0.714756	0.285244	2.762625
33540	-3420.402	-3586.658	166.2554	1.390829	2.854714	0.3341544	0.751611	0.248389	2.58504
33546	-3409.452	-3575.852	166.3993	1.470349	3.169853	0.3341544	0.609596	0.390404	2.361256
33552	-3407.189	-3573.427	166.2373	1.561198	3.359361	0.3717169	0.727991	0.272009	2.308565
33558	-3404.861	-3571.31	166.4488	1.561198	3.359361	0.3373172	0.732455	0.267545	2.219009
33564	-3407.396	-3573.457	166.061	1.515166	3.359361	0.4628316	0.667863	0.332137	2.341266
33570	-3404.586	-3571.365	166.7784	1.522218	3.320976	0.4450942	0.659953	0.340047	1.896982
33576	-3403.977	-3570.654	166.6762	1.674749	3.320976	0.4450942	0.659953	0.340047	1.862691
33582	-3408.603	-3575.376	166.7734	1.621004	3.212669	0.4450942	0.638425	0.361575	1.862395
33588	-3429.065	-3596.046	166.9808	1.728893	3.212669	0.4450942	0.638425	0.361575	1.641629
33594	-3434.013	-3601.06	167.0465	1.67612	3.212669	0.3175952	0.651014	0.348986	1.812081
33600	-3419.691	-3586.492	166.8015	1.599851	3.377264	0.3175952	0.651014	0.348986	1.986112
33606	-3415.788	-3582.135	166.3472	1.599851	2.953873	0.288278	0.651014	0.348986	2.435461
33612	-3411.6	-3578.102	166.5013	1.464212	3.178504	0.288278	0.521352	0.478648	2.364539
33618	-3418.807	-3585.457	166.6497	1.644791	3.114278	0.2888494	0.521352	0.478648	2.169417
33624	-3425.708	-3590.727	165.019	1.229149	3.343283	0.387127	0.570953	0.429047	3.241134
33630	-3425.434	-3591.104	165.6699	1.345487	2.943501	0.387127	0.610971	0.389029	2.880378
33636	-3426.448	-3593.208	166.7603	1.478879	3.322439	0.417202	0.461653	0.538347	1.972514
33642	-3430.973	-3596.416	165.4433	1.36273	3.522084	0.3767588	0.581353	0.418647	2.879209
33648	-3421.613	-3587.599	165.9858	1.434729	3.522084	0.4060283	0.581353	0.418647	2.465853
33654	-3416.713	-3583.931	167.2184	1.662364	2.888594	0.3878939	0.502702	0.497298	1.693227
33660	-3408.845	-3575.956	167.1113	1.626213	2.888594	0.5127438	0.585754	0.414246	1.636456
33666	-3421.671	-3588.696	167.0244	1.735348	2.838167	0.5127438	0.568614	0.431386	1.636456
33672	-3422.382	-3589.249	166.8668	1.594202	2.838167	0.4470066	0.570229	0.429771	1.922261
33678	-3426.068	-3593.11	167.0415	1.676977	2.382944	0.4245686	0.506668	0.493332	1.922261
33684	-3429.7	-3596.543	166.8429	1.664461	2.734357	0.4198406	0.535456	0.464544	1.956036
33690	-3421.957	-3588.644	166.6879	1.718502	3.06915	0.4528959	0.603502	0.396498	1.884831
33696	-3419.83	-3586.836	167.006	1.728238	3.06915	0.4081605	0.652501	0.347499	1.714592
33702	-3426.432	-3593.319	166.8865	1.643004	2.67682	0.4035794	0.652501	0.347499	1.979563
33708	-3430.995	-3597.932	166.9365	1.587424	2.67682	0.4322782	0.667644	0.332356	1.947282
33714	-3426.882	-3593.736	166.8539	1.670634	2.860937	0.3717624	0.635014	0.364986	1.968938
33720	-3415.423	-3582.339	166.916	1.608587	2.860937	0.3717624	0.602981	0.397019	1.968938
33726	-3424.135	-3591.205	167.0695	1.656807	3.065519	0.3641122	0.590667	0.409333	1.782084
33732	-3416.661	-3583.988	167.3278	1.670073	2.74763	0.4021453	0.654049	0.345951	1.634757
33738	-3417.808	-3584.763	166.9547	1.613306	2.74763	0.4021453	0.685666	0.314334	1.933646
33744	-3422.777	-3589.526	166.7494	1.616121	2.74763	0.457214	0.685666	0.314334	2.00155
33750	-3410.772	-3576.848	166.0759	1.617345	3.810722	0.4205325	0.663008	0.336992	2.20852
33756	-3408.018	-3574.506	166.4883	1.50118	3.430899	0.3416132	0.659046	0.340954	2.20852
33762	-3410.468	-3576.495	166.0269	1.532665	3.925884	0.4548618	0.660481	0.339519	2.228965
33768	-3410.954	-3578.163	167.2085	1.756968	3.320141	0.3698774	0.627913	0.372087	1.528391
33774	-3414.974	-3582.494	167.5205	1.741435	3.107021	0.3698774	0.738458	0.261542	1.367322
33780	-3417.932	-3585.22	167.2882	1.740343	3.144594	0.4422006	0.659786	0.340214	1.429419
33786	-3426.322	-3593.426	167.1041	1.719776	2.988472	0.4921913	0.683818	0.316182	1.566932
33792	-3428.766	-3595.73	166.9642	1.650752	3.778002	0.3689672	0.680399	0.319601	1.661223
33798	-3411.269	-3578.157	166.8877	1.62702	3.462159	0.3689672	0.680399	0.319601	1.812674
33804	-3406.892	-3573.957	167.0644	1.595242	2.821415	0.415594	0.583412	0.416588	1.831166
33810	-3413.071	-3579.419	166.3477	1.412195	3.496734	0.5416984	0.637099	0.362901	2.104911
33816	-3414.898	-3581.388	166.4898	1.459598	3.170771	0.3797435	0.655248	0.344752	2.249528
33822	-3411.776	-3578.397	166.6214	1.607637	3.172634	0.4200277	0.674906	0.325094	2.015559
33828	-3405.68	-3572.781	167.1007	1.584811	2.616277	0.4200277	0.702363	0.297637	1.872418
33834	-3413.948	-3580.329	166.3804	1.525228	2.944124	0.3549076	0.659449	0.340551	2.370334
33840	-3423.298	-3588.97	165.6726	1.38192	2.944124	0.3756644	0.550045	0.449955	2.870352
33846	-3431.972	-3598.055	166.0832	1.443671	2.944124	0.4600632	0.519631	0.480369	2.482501
33852	-3416.402	-3582.245	165.843	1.395058	3.050473	0.4600632	0.714878	0.285122	2.6339
33858	-3412.262	-3578.374	166.1123	1.45219	3.354931	0.5407176	0.607151	0.392849	2.267695
33864	-3413.323	-3579.963	166.6402	1.515493	2.786664	0.4893883	0.675127	0.324873	2.092133
33870	-3416.073	-3582.432	166.3583	1.514757	3.609864	0.4596809	0.675786	0.324214	2.092133
33876	-3423.586	-3589.063	165.4768	1.393857	3.609864	0.4893642	0.562638	0.437362	2.694393
33882	-3418.542	-3583.635	165.0933	1.225985	2.567395	0.4893642	0.59939	0.40061	3.287375
33888	-3402.62	-3567.964	165.3437	1.282333	3.069671	0.4767397	0.590247	0.409753	2.98384
33894	-3410.763	-3575.886	165.1224	1.25751	2.553313	0.4767397	0.61806	0.38194	3.268208
33900	-3418.489	-3584.624	166.1346	1.420389	3.074467	0.3895567	0.691695	0.308305	2.512042
33906	-3421.408	-3587.388	165.9802	1.436707	3.074467	0.5277384	0.651474	0.348526	2.445965
33912	-3414.081	-3580.457	166.376	1.40346	3.074467	0.4490364	0.697585	0.302415	2.30018
33918	-3405.829	-3572.203	166.3742	1.450676	3.074467	0.4240439	0.599381	0.400619	2.30018
33924	-3404.389	-3571.373	166.9845	1.450676	2.520549	0.3746638	0.699152	0.300848	2.128714
33930	-3415.729	-3581.796	166.0668	1.321971	2.520549	0.4448507	0.62294	0.37706	2.705054
33936	-3414.708	-3580.787	166.0793	1.372925	2.379682	0.4487426	0.689543	0.310457	2.705054
33942	-3420.54	-3587.078	166.5379	1.399058	2.379682	0.4487426	0.643922	0.356078	2.403605
33948	-3420.993	-3587.695	166.7014	1.546049	2.764371	0.4487426	0.643922	0.356078	2.08459
33954	-3406.728	-3573.937	167.2095	1.563544	2.34371	0.4013805	0.487974	0.512026	1.92857
33960	-3406.101	-3573.177	167.076	1.615299	2.967367	0.4013805	0.737912	0.262088	1.783864
33966	-3406.004	-3572.355	166.351	1.581117	3.834671	0.4013805	0.582462	0.417538	2.070855
33972	-3409.057	-3575.362	166.3052	1.694284	3.392971	0.5055653	0.622759	0.377241	2.010952
33978	-3417.633	-3584.578	166.9448	1.549718	2.861693	0.5055653	0.628463	0.371537	1.823991
33984	-3414.764	-3581.889	167.1247	1.460986	2.861693	0.3846514	0.661751	0.338249	1.91017
33990	-3408.287	-3574.766	166.4796	1.508515	3.04494	0.3846514	0.646835	0.353165	2.25179
33996	-3416.667	-3582.269	165.6018	1.426087	3.637219	0.6031631	0.624625	0.375375	2.480909
34002	-3400.847	-3567.454	166.6073	1.429508	2.878971	0.4135129	0.662692	0.337308	2.230457
34008	-3404.241	-3570.931	166.6906	1.429508	2.817855	0.3915294	0.621782	0.378218	2.2214
34014	-3421.805	-3587.948	166.1425	1.411413	3.214485	0.4025055	0.521793	0.478207	2.461094
34020	-3416.724	-3582.299	165.5749	1.465101	2.649165	0.4434432	0.61849	0.38151	2.881527
34026	-3408.605	-3574.318	165.7135	1.345157	2.530197	0.4517626	0.61849	0.38151	2.895672
34032	-3417.81	-3582.823	165.0127	1.248171	3.308801	0.423316	0.660521	0.339479	3.200658
34038	-3404.836	-3570.654	165.8174	1.309307	2.939476	0.3746639	0.657715	0.342285	2.828997
34044	-3413.649	-3579.205	165.5554	1.27606	2.869904	0.3746639	0.657715	0.342285	3.025356
34050	-3419.03	-3585.135	166.1046	1.51141	2.394659	0.5173165	0.610287	0.389713	2.527259
34056	-3425.422	-3591.2	165.7771	1.524184	2.311354	0.4900224	0.688997	0.311003	2.775383
34062	-3426.072	-3592.352	166.2797	1.472667	2.311354	0.4900224	0.566662	0.433338	2.496993
34068	-3418.585	-3584.167	165.5817	1.324199	2.311354	0.4900224	0.548693	0.451307	3.014389
34074	-3432.097	-3597.967	165.8701	1.562961	2.311354	0.7015689	0.548693	0.451307	2.502155
34080	-3419.188	-3586.337	167.1496	1.689288	2.311354	0.4947313	0.55924	0.44076	1.780761
34086	-3430.179	-3596.931	166.7516	1.598415	2.311354	0.4312377	0.581404	0.418596	2.182251
34092	-3426.056	-3591.912	165.8556	1.413308	2.510549	0.4040446	0.699617	0.300383	2.827371
34098	-3415.873	-3582.553	166.6799	1.50052	2.410782	0.4575103	0.657827	0.342173	2.228378
34104	-3424.42	-3590.763	166.3428	1.552621	3.297994	0.398073	0.714827	0.285173	2.228378
34110	-3415.303	-3582.081	166.7783	1.551173	3.297994	0.3718694	0.665123	0.334877	1.97754
34116	-3412.467	-3579.121	166.6544	1.533152	3.199411	0.3718694	0.600199	0.399801	2.097623
34122	-3417.671	-3584.089	166.4174	1.510207	3.612764	0.3718694	0.692093	0.307907	2.163791
34128	-3415.9	-3581.676	165.7766	1.370872	4.514723	0.3718694	0.683893	0.316107	2.469638
34134	-3416.291	-3581.192	164.9014	1.363128	4.514723	0.3286703	0.683893	0.316107	3.064556
34140	-3411.035	-3576.267	165.232	1.394364	4.108089	0.4094184	0.658606	0.341394	2.825062
34146	-3412.324	-3578.73	166.4064	1.505174	3.002809	0.4094184	0.672442	0.327558	2.281541
34152	-3415.516	-3580.801	165.2845	1.337195	2.827423	0.450887	0.63833	0.36167	3.075921
34158	-3416.872	-3582.541	165.6691	1.412363	2.900188	0.4523345	0.561413	0.438587	2.77772
34164	-3414.514	-3580.769	166.2549	1.535233	3.529913	0.3586473	0.561413	0.438587	2.289581
34170	-3413.384	-3579.399	166.0148	1.414456	3.396168	0.3586473	0.736892	0.263108	2.549006
34176	-3414.602	-3579.958	165.3561	1.284778	3.396168	0.3282572	0.473528	0.526472	3.068368
34182	-3410.585	-3576.089	165.5036	1.284777	3.10391	0.3282572	0.571621	0.428379	3.049814
34188	-3407.507	-3573.287	165.7805	1.349432	2.96768	0.4783563	0.571621	0.428379	2.702555
34194	-3401.626	-3567.544	165.918	1.337631	2.685803	0.4783563	0.531908	0.468092	2.702555
34200	-3403.677	-3569.441	165.7647	1.45638	3.399179	0.3389927	0.590623	0.409377	2.702555
34206	-3420.942	-3587.879	166.937	1.366874	2.213274	0.3389927	0.60001	0.39999	2.36253
34212	-3414.951	-3581.787	166.8358	1.588631	2.101348	0.3728325	0.569054	0.430946	2.280182
34218	-3416.055	-3582.279	166.2233	1.567269	2.749626	0.5462831	0.569054	0.430946	2.280182
34224	-3421.597	-3587.745	166.1489	1.554796	2.749626	0.6634992	0.611878	0.388122	2.226932
34230	-3408.841	-3575.404	166.5626	1.554796	3.561565	0.4727471	0.539613	0.460387	1.926186
34236	-3412.494	-3579.579	167.0842	1.671543	2.897898	0.3835035	0.55477	0.44523	1.784257
34242	-3410.138	-3577.159	167.0207	1.583337	3.118002	0.3835035	0.663508	0.336492	1.824612
34248	-3418.987	-3585.687	166.6996	1.598213	3.118002	0.5132136	0.681136	0.318864	1.875345
34254	-3416.114	-3582.869	166.7549	1.474968	3.118002	0.5132136	0.584378	0.415622	1.921444
34260	-3418.368	-3585.672	167.3048	1.696842	3.554944	0.3433429	0.654656	0.345344	1.475659
34266	-3430.415	-3597.586	167.1706	1.834743	3.422209	0.3433429	0.654656	0.345344	1.51039
34272	-3421.999	-3589.674	167.6753	1.869857	3.248532	0.3593863	0.533755	0.466245	1.098124
34278	-3423.673	-3591.544	167.8711	1.80687	2.319426	0.4418488	0.657956	0.342044	1.212841
34284	-3436.473	-3604.144	167.6703	1.719926	2.656043	0.2860423	0.657956	0.342044	1.560911
34290	-3429.107	-3596.725	167.6183	1.718943	2.771229	0.2860423	0.654296	0.345704	1.560911
34296	-3420.847	-3587.423	166.5757	1.4547	2.677246	0.4895609	0.676119	0.323881	2.206256
34302	-3423.329	-3589.967	166.6385	1.431816	2.710968	0.5255377	0.529305	0.470695	2.131862
34308	-3422.285	-3589.756	167.4711	1.586521	2.097195	0.3157322	0.741526	0.258474	1.946566
34314	-3422.646	-3589.797	167.1508	1.54154	2.439537	0.3157322	0.593537	0.406463	2.068585
34320	-3415.448	-3583.006	167.5578	1.596092	2.698547	0.3157322	0.607207	0.392793	1.667798
34326	-3421.478	-3588.06	166.5824	1.503331	3.89511	0.3157322	0.607207	0.392793	2.073207
34332	-3418.271	-3584.778	166.5072	1.529097	4.02051	0.3210884	0.65768	0.34232	2.069798
34338	-3417.374	-3584.042	166.6678	1.540865	4.02051	0.3839949	0.645721	0.354279	1.865594
34344	-3423.056	-3589.667	166.6113	1.584181	4.02051	0.3839949	0.71314	0.28686	1.874609
34350	-3428.212	-3595.159	166.9471	1.584181	2.855924	0.4355558	0.702873	0.297127	1.883304
34356	-3413.49	-3580.243	166.7531	1.584181	2.749191	0.4355558	0.617298	0.382702	2.045587
34362	-3415.825	-3582.651	166.8256	1.521083	2.749191	0.4355558	0.532363	0.467637	2.039319
34368	-3413.565	-3580.365	166.7999	1.549523	2.868216	0.4943444	0.532363	0.467637	1.933547
34374	-3424.49	-3590.39	165.8995	1.294516	2.996671	0.4365159	0.66199	0.33801	2.700841
34380	-3429.188	-3594.346	165.1577	1.343603	2.996671	0.4365159	0.654292	0.345708	3.119191
34386	-3414.119	-3580.983	166.8633	1.524097	2.996671	0.4365159	0.670896	0.329104	1.938224
34392	-3421.647	-3587.493	165.8461	1.29329	2.583192	0.3742263	0.605854	0.394146	2.919878
34398	-3412.942	-3578.236	165.2941	1.280012	2.583192	0.4426495	0.666416	0.333584	3.180126
34404	-3414.463	-3579.839	165.3761	1.376471	3.001773	0.4426495	0.666416	0.333584	2.960901
34410	-3412.021	-3577.902	165.8807	1.326207	2.963428	0.4292635	0.595951	0.404049	2.70972
34416	-3406.121	-3571.816	165.6953	1.314148	2.963428	0.4292635	0.650725	0.349275	2.830197
34422	-3414.329	-3581.079	166.7499	1.446284	2.622619	0.4292635	0.576858	0.423142	2.184025
34428	-3417.029	-3583.324	166.2953	1.474408	2.622619	0.4292635	0.530184	0.469816	2.455879
34434	-3410.751	-3576.625	165.8743	1.409633	3.401258	0.4292635	0.631408	0.368592	2.55256
34440	-3419.025	-3584.008	164.9837	1.309861	3.272147	0.3971172	0.618133	0.381867	3.219258
34446	-3419.807	-3584.935	165.1279	1.294301	2.608066	0.4499443	0.624837	0.375163	3.255328
34452	-3424.171	-3588.771	164.6004	1.326932	3.606325	0.5740684	0.656075	0.343925	3.182836
34458	-3408.151	-3572.816	164.6645	1.199316	2.643527	0.4938726	0.665863	0.334137	3.528616
34464	-3412.059	-3577.192	165.1334	1.252852	2.531269	0.5990494	0.594135	0.405865	3.156737
34470	-3401.531	-3566.771	165.2401	1.251155	3.13358	0.5990494	0.571932	0.428068	2.933128
34476	-3395.248	-3560.218	164.9701	1.284632	3.13358	0.4755832	0.551392	0.448608	3.190772
34482	-3413.039	-3577.791	164.7521	1.237808	2.576056	0.5554547	0.551392	0.448608	3.416169
34488	-3418.713	-3583.669	164.956	1.311953	3.269531	0.4815848	0.557828	0.442172	3.144297
34494	-3413.96	-3578.676	164.7152	1.462565	4.347179	0.5263948	0.527276	0.472724	2.927042
34500	-3413.068	-3578.511	165.4436	1.287619	2.906232	0.512072	0.523656	0.476344	2.927042
34506	-3416.078	-3581.766	165.6883	1.312355	3.344797	0.5288923	0.577471	0.422529	2.6362
34512	-3416.14	-3580.352	164.2121	1.079218	3.047428	0.5433884	0.616441	0.383559	3.710408
34518	-3411.69	-3577.072	165.3822	1.231414	3.047428	0.4198812	0.546042	0.453958	3.057666
34524	-3416.29	-3581.719	165.4286	1.239689	3.047428	0.391252	0.577608	0.422392	3.057666
34530	-3405.16	-3570.383	165.2231	1.207163	3.26298	0.4731532	0.547733	0.452267	3.057666
34536	-3409.093	-3574.42	165.3269	1.399042	3.543676	0.5929763	0.609707	0.390293	2.698569
34542	-3420.029	-3585.873	165.8444	1.399042	2.683751	0.4640498	0.655229	0.344771	2.725699
34548	-3411.589	-3577.368	165.7793	1.364859	3.126186	0.5015756	0.522413	0.477587	2.628894
34554	-3428.816	-3591.455	162.6386	1.277093	2.774439	0.7884705	0.42109	0.57891	4.373485
34560	-3412.915	-3577.546	164.6304	1.259183	3.959696	0.3342483	0.719743	0.280257	3.384832
34566	-3411.788	-3577.212	165.4244	1.317142	2.740984	0.3917739	0.609662	0.390338	3.093345
34572	-3406.421	-3572.591	166.1696	1.386187	2.918745	0.3917739	0.54611	0.45389	2.550067
34578	-3417.638	-3583.39	165.7517	1.386187	2.918745	0.5216301	0.596755	0.403245	2.666671
34584	-3410.612	-3576.445	165.8333	1.396803	3.283331	0.5216301	0.596755	0.403245	2.516029
34590	-3410.098	-3576.146	166.0482	1.501476	2.808347	0.4027031	0.582685	0.417315	2.571023
34596	-3420.868	-3586.195	165.3266	1.362651	3.738472	0.4563829	0.582685	0.417315	2.811556
34602	-3417.756	-3582.776	165.0208	1.18567	3.186636	0.3923464	0.651915	0.348085	3.296401
34608	-3409.858	-3574.245	164.3869	1.184278	3.186636	0.5526423	0.651915	0.348085	3.506362
34614	-3427.284	-3592.077	164.7931	1.195535	3.026127	0.3309524	0.604836	0.395164	3.537094
34620	-3433.859	-3597.494	163.635	1.195535	3.653132	0.3627952	0.587384	0.412616	4.024485
34626	-3422.486	-3586.059	163.5726	1.227057	4.007453	0.4567023	0.520003	0.479997	3.869215
34632	-3429.565	-3594.274	164.7094	1.142673	2.626214	0.4567023	0.534068	0.465932	3.577277
34638	-3427.969	-3591.992	164.023	1.183853	2.733083	0.4101913	0.704973	0.295027	3.969507
34644	-3415.989	-3581.444	165.4546	1.322777	2.459018	0.519002	0.598063	0.401937	3.017686
34650	-3415.392	-3580.913	165.5214	1.36517	2.597882	0.4170265	0.525087	0.474913	3.017686
34656	-3411.91	-3576.068	164.158	1.178993	4.035556	0.374946	0.632394	0.367606	3.642521
34662	-3408.648	-3571.725	163.0774	1.06981	3.4661	0.4633564	0.570392	0.429608	4.34388
34668	-3404.594	-3569.374	164.7805	1.183214	3.886628	0.3614289	0.637009	0.362991	3.322179
34674	-3403.807	-3568.143	164.3356	1.077597	3.886628	0.3202638	0.54311	0.45689	3.694722
34680	-3413.807	-3577.449	163.6414	1.087713	3.886628	0.3228898	0.702903	0.297097	4.083932
34686	-3412.431	-3576.76	164.3295	1.332734	3.267636	0.4541349	0.652328	0.347672	3.529011
34692	-3426.323	-3592.979	166.6558	1.568213	3.332246	0.4459056	0.679023	0.320977	1.944788
34698	-3422.254	-3586.82	164.5665	1.283022	3.124927	0.4459056	0.684933	0.315067	3.461936
34704	-3418.249	-3582.883	164.6341	1.218859	2.979957	0.4423835	0.640397	0.359603	3.499042
34710	-3413.423	-3577.992	164.5691	1.13273	2.979957	0.4339383	0.671658	0.328342	3.595914
34716	-3408.862	-3573.751	164.889	1.099352	3.084517	0.3661229	0.634267	0.365733	3.479651
34722	-3409.415	-3575.154	165.7388	1.290505	3.261744	0.4567177	0.538639	0.461361	2.712853
34728	-3409.109	-3574.473	165.3643	1.290043	3.261744	0.374212	0.600336	0.399664	3.033899
34734	-3411.712	-3576.411	164.6986	1.165056	2.999847	0.4284996	0.637262	0.362738	3.502601
34740	-3410.083	-3573.226	163.1423	1.143112	2.999847	0.4209646	0.582489	0.417511	4.414404
34746	-3409.667	-3575.178	165.5112	1.436786	2.999847	0.4209646	0.549467	0.450533	2.867362
34752	-3412.328	-3577.721	165.3934	1.452929	2.999847	0.366857	0.631431	0.368569	2.992246
34758	-3411.214	-3577.383	166.1683	1.424775	2.779149	0.366857	0.592369	0.407631	2.596226
34764	-3423.276	-3589.368	166.0923	1.526455	3.204562	0.366857	0.592369	0.407631	2.467201
34770	-3424.544	-3590.946	166.4023	1.631266	3.204562	0.3217419	0.567768	0.432232	2.265202
34776	-3418.966	-3584.526	165.5601	1.451932	3.204562	0.3217419	0.738773	0.261227	2.899368
34782	-3415.968	-3582.286	166.3173	1.497029	3.413706	0.3217419	0.618375	0.381625	2.35271
34788	-3415.393	-3580.979	165.5854	1.31998	3.129981	0.4235243	0.704746	0.295254	2.857347
34794	-3415.054	-3580.406	165.3523	1.332604	2.74079	0.4310843	0.514571	0.485429	3.08284
34800	-3413.511	-3579.565	166.0546	1.332604	2.74079	0.4310843	0.692145	0.307855	2.657448
34806	-3416.002	-3581.589	165.5873	1.308691	3.675133	0.4310843	0.587248	0.412752	2.726937
34812	-3408.098	-3573.727	165.6284	1.308691	3.675133	0.3696309	0.569124	0.430876	2.774246
34818	-3424.036	-3589.68	165.6443	1.280466	2.674416	0.4238583	0.629042	0.370958	2.965475
34824	-3436.251	-3601.784	165.5326	1.392135	2.674416	0.4238583	0.629042	0.370958	2.965475
34830	-3424.539	-3589.721	165.1814	1.360284	2.902374	0.4623592	0.687731	0.312269	3.091914
34836	-3429.09	-3594.463	165.373	1.330513	2.796812	0.4980199	0.687647	0.312353	2.986701
34842	-3428.687	-3593.165	164.4777	1.353054	2.826653	0.4210521	0.664219	0.335781	3.573702
34848	-3421.71	-3587.48	165.7701	1.26911	3.349598	0.3002726	0.664219	0.335781	2.877781
34854	-3418.79	-3584.382	165.5924	1.36472	2.994422	0.586581	0.549698	0.450302	2.696309
34860	-3416.821	-3583.137	166.3158	1.480306	2.994422	0.4589714	0.668647	0.331353	2.299834
34866	-3424.72	-3591.939	167.2196	1.654385	2.631951	0.4589714	0.714465	0.285535	1.687161
34872	-3410.4	-3577.462	167.0614	1.726411	2.769929	0.4497559	0.714465	0.285535	1.714533
34878	-3411.676	-3578.854	167.1781	1.653293	2.947943	0.4497559	0.624697	0.375303	1.627363
34884	-3414.649	-3581.844	167.1952	1.653293	2.947943	0.4497559	0.648947	0.351053	1.614963
34890	-3407.26	-3573.387	166.1275	1.457173	2.906719	0.4497559	0.697384	0.302616	2.467834
34896	-3406.628	-3573.431	166.803	1.555359	2.337873	0.4536189	0.61223	0.38777	2.141641
34902	-3405.288	-3571.754	166.4659	1.516515	3.1584	0.4536189	0.61223	0.38777	2.141641
34908	-3417.934	-3583.441	165.507	1.414004	2.758591	0.3889174	0.606705	0.393295	2.984483
34914	-3423.253	-3588.841	165.5886	1.426344	2.728996	0.4907038	0.603731	0.396269	2.824613
34920	-3413.852	-3579.502	165.6499	1.466749	2.629089	0.5689697	0.603731	0.396269	2.714995
34926	-3409.622	-3574.374	164.7523	1.37639	3.403873	0.5442025	0.524452	0.475548	3.135435
34932	-3421.361	-3586.918	165.5571	1.409742	3.403873	0.4440383	0.602584	0.397416	2.730978
34938	-3422.125	-3587.003	164.8778	1.365844	3.912629	0.6379142	0.673829	0.326171	2.873153
34944	-3422.706	-3587.809	165.1035	1.657987	3.397162	0.8543822	0.655856	0.344144	2.503947
34950	-3421.906	-3587.056	165.1503	1.571752	3.741766	0.771277	0.564535	0.435465	2.509612
34956	-3416.65	-3582.793	166.1432	1.512507	3.347957	0.3083306	0.724943	0.275057	2.487751
34962	-3412.523	-3578.833	166.3103	1.659318	2.86096	0.4286188	0.659555	0.340445	2.260703
34968	-3409.562	-3575.872	166.3107	1.502637	3.418224	0.4286188	0.659555	0.340445	2.21407
34974	-3415.714	-3580.877	165.1635	1.398895	2.772362	0.5029515	0.74218	0.25782	3.072924
34980	-3404.711	-3569.89	165.1798	1.363716	3.215191	0.3364504	0.628073	0.371927	3.158103
34986	-3410.589	-3575.624	165.0352	1.441261	3.695745	0.3364504	0.628073	0.371927	3.08944
34992	-3428.831	-3594.366	165.5352	1.493927	2.826491	0.6588109	0.647678	0.352322	2.634031
34998	-3417.438	-3583.819	166.3811	1.424902	2.504546	0.4094518	0.647678	0.352322	2.492001
35004	-3416.507	-3581.812	165.305	1.404825	3.512473	0.5282189	0.611687	0.388313	2.77603
35010	-3422.792	-3589.091	166.299	1.512363	3.142796	0.404546	0.629382	0.370618	2.314207
35016	-3430.079	-3594.818	164.7386	1.332337	3.272809	0.5072047	0.561909	0.438091	3.235051
35022	-3424.798	-3589.844	165.0458	1.212756	2.877782	0.5313707	0.561909	0.438091	3.19843
35028	-3421.474	-3586.185	164.7112	1.320761	3.092429	0.5313707	0.618866	0.381134	3.278248
35034	-3425.843	-3592.594	166.7513	1.634535	2.809626	0.4181997	0.571618	0.428382	2.016496
35040	-3418.762	-3585.21	166.448	1.641529	3.466762	0.3794924	0.625676	0.374324	2.083369
35046	-3430.529	-3597.023	166.494	1.601341	3.129873	0.5386874	0.672403	0.327597	1.981283
35052	-3415.395	-3581.44	166.045	1.468714	2.975136	0.5321993	0.644151	0.355849	2.406916
35058	-3426.083	-3592.58	166.4967	1.552193	2.975136	0.5321993	0.509959	0.490041	2.061989
35064	-3420.253	-3586.706	166.4534	1.540164	3.08307	0.5002197	0.631749	0.368251	2.102478
35070	-3409.306	-3575.792	166.4858	1.469881	2.931907	0.5349456	0.635668	0.364332	2.132546
35076	-3417.327	-3583.951	166.624	1.486241	2.931907	0.3040293	0.635668	0.364332	2.314637
35082	-3415.107	-3581.05	165.9434	1.432364	3.855851	0.3040293	0.640723	0.359277	2.552273
35088	-3413.702	-3579.367	165.6651	1.568913	3.167212	0.3304692	0.585702	0.414298	2.762064
35094	-3423.254	-3589.699	166.446	1.519224	3.167212	0.3010455	0.494042	0.505958	2.348529
35100	-3420.17	-3586.122	165.952	1.501513	2.715995	0.4674046	0.611498	0.388502	2.583532
35106	-3420.734	-3587.025	166.2915	1.417528	2.654992	0.4674046	0.611498	0.388502	2.441697
35112	-3425.61	-3592.447	166.8373	1.474978	2.616973	0.5242118	0.651741	0.348259	2.002688
35118	-3425.969	-3592.725	166.7563	1.40343	2.991436	0.4278102	0.549295	0.450705	2.101583
35124	-3414.145	-3579.78	165.6346	1.331049	3.505002	0.4049924	0.664896	0.335104	2.752421
35130	-3411.839	-3577.277	165.4379	1.384087	3.505002	0.4889962	0.579339	0.420661	2.748387
35136	-3418.697	-3584.795	166.0979	1.399642	2.621173	0.4699223	0.615721	0.384279	2.580963
35142	-3416.189	-3582.568	166.3796	1.482575	2.621173	0.478182	0.591728	0.408272	2.343275
35148	-3423.698	-3589.46	165.7617	1.500125	2.630948	0.4773206	0.591728	0.408272	2.715559
35154	-3417.298	-3583.044	165.7459	1.333445	3.041108	0.4773206	0.604114	0.395886	2.715559
35160	-3407.335	-3573.57	166.2346	1.430738	3.04934	0.4773206	0.601992	0.398008	2.348115
35166	-3409.22	-3575.112	165.8918	1.432822	2.883388	0.5227269	0.65287	0.34713	2.559635
35172	-3421.254	-3587.455	166.2015	1.417792	2.658883	0.5042938	0.584028	0.415972	2.457853
35178	-3424.883	-3590.184	165.3009	1.279574	2.658883	0.5033453	0.625047	0.374953	3.092925
35184	-3417.772	-3582.533	164.7612	1.30334	3.966827	0.3724766	0.535331	0.464669	3.233225
35190	-3426.471	-3591.387	164.9159	1.263058	4.00085	0.3724766	0.61647	0.38353	3.15856
35196	-3431.755	-3596.423	164.6678	1.248417	4.452098	0.4336364	0.637446	0.362554	3.15856
35202	-3418.718	-3584.329	165.6105	1.321066	2.967398	0.3303914	0.701544	0.298456	2.995658
35208	-3419.325	-3584.983	165.6583	1.420939	3.047229	0.4085449	0.571419	0.428581	2.789714
35214	-3409.72	-3575.109	165.3893	1.409254	3.047229	0.4904457	0.581743	0.418257	2.871486
35220	-3405.938	-3570.665	164.7269	1.337148	2.769521	0.5243274	0.717132	0.282868	3.348327
35226	-3404.829	-3569.728	164.8992	1.214414	3.229423	0.3618458	0.575047	0.424953	3.37684
35232	-3418.326	-3582.132	163.8058	1.144023	3.229423	0.3024475	0.615987	0.384013	4.123468
35238	-3423.776	-3588.014	164.2382	1.075947	3.229423	0.3636848	0.608033	0.391967	3.838829
35244	-3411.381	-3575.419	164.0381	1.145929	3.229423	0.4185992	0.568705	0.431295	3.851808
35250	-3408.989	-3573.396	164.4073	1.168643	2.782938	0.4158634	0.568705	0.431295	3.738265
35256	-3410.1	-3575.242	165.1419	1.424427	2.780659	0.4158634	0.653336	0.346664	3.159441
35262	-3404.245	-3569.847	165.6017	1.402759	2.780659	0.3739673	0.655748	0.344252	2.94621
35268	-3424.232	-3589.888	165.6567	1.574107	2.969655	0.5811673	0.655748	0.344252	2.538638
35274	-3418.21	-3583.786	165.5762	1.450381	2.464328	0.6617199	0.615103	0.384897	2.737826
35280	-3409.703	-3575.18	165.4765	1.430063	2.464328	0.5291197	0.686169	0.313831	2.928707
35286	-3422.747	-3588.886	166.1386	1.594036	2.464328	0.5291197	0.619233	0.380767	2.420336
35292	-3421.223	-3586.762	165.5392	1.432281	2.464328	0.3512261	0.586185	0.413815	3.083863
35298	-3415.479	-3580.989	165.5098	1.376465	2.464328	0.527736	0.50476	0.49524	2.94223
35304	-3423.172	-3587.366	164.194	1.291569	2.865227	0.391587	0.572571	0.427429	3.795999
35310	-3411.641	-3576.825	165.1834	1.21792	3.155813	0.4507144	0.67758	0.32242	3.124052
35316	-3412.352	-3578.612	166.2601	1.368798	2.375748	0.4507144	0.578705	0.421295	2.595293
35322	-3426.924	-3593.339	166.4157	1.355197	2.576754	0.33323	0.578705	0.421295	2.588366
35328	-3423.226	-3588.552	165.3263	1.358932	2.576754	0.5091136	0.57356	0.42644	3.047984
35334	-3419.864	-3584.659	164.7948	1.121511	3.272923	0.5091136	0.618198	0.381802	3.324369
35340	-3414.883	-3579.19	164.3069	1.278275	2.754542	0.5796792	0.599801	0.400199	3.582221
35346	-3412.598	-3577.505	164.907	1.35823	3.24475	0.4635189	0.663404	0.336596	3.170261
35352	-3411.561	-3576.293	164.7323	1.31326	3.93721	0.4523614	0.545616	0.454384	3.160886
35358	-3411.321	-3576.72	165.3993	1.282902	3.021116	0.5389386	0.556288	0.443712	2.900965
35364	-3416.221	-3581.797	165.5762	1.372498	3.021116	0.6012113	0.621741	0.378259	2.681396
35370	-3425.299	-3591.1	165.8011	1.370566	2.95061	0.4334758	0.539962	0.460038	2.730007
35376	-3427.038	-3591.756	164.7184	1.372684	2.95061	0.7757108	0.686685	0.313315	3.079087
35382	-3414.872	-3580.011	165.1388	1.544292	3.502822	0.6134249	0.62729	0.37271	2.715991
35388	-3410.57	-3576.528	165.9579	1.350558	3.031333	0.3744458	0.728697	0.271303	2.69439
35394	-3400.89	-3565.961	165.0716	1.332948	3.031333	0.5214384	0.483128	0.516872	3.081753
35400	-3410.447	-3575.332	164.8847	1.332948	3.031333	0.6473471	0.506044	0.493956	3.081753
