Iteration	Posterior	Likelihood	Prior	rate_log_sd	rate_loss	rate_neo	root_freqs[1]	root_freqs[2]	tree_length
0	-3415.967	-3581.721	165.7541	1.428453	3.145083	0.3425773	0.573285	0.426715	2.782953
6	-3416.233	-3582.318	166.085	1.421044	2.461969	0.3710391	0.647891	0.352109	2.737064
12	-3409.19	-3575.586	166.3957	1.439774	2.665582	0.4542467	0.643391	0.356609	2.37334
18	-3407.444	-3573.617	166.1732	1.638129	2.665582	0.5940371	0.601223	0.398777	2.245543
24	-3408.019	-3575.088	167.0692	1.696654	2.665582	0.3976713	0.654806	0.345194	1.830596
30	-3410.789	-3577.881	167.092	1.725436	3.006578	0.3976713	0.672651	0.327349	1.688586
36	-3422.664	-3589.951	167.2871	1.722813	2.544631	0.3832968	0.604754	0.395246	1.720377
42	-3421.698	-3589.11	167.4115	1.687187	2.655134	0.3832968	0.604754	0.395246	1.619379
48	-3412.707	-3580.09	167.3833	1.773287	2.655134	0.3832968	0.622455	0.377545	1.577262
54	-3414.922	-3582.376	167.4542	1.923717	2.655134	0.3832968	0.620222	0.379778	1.410813
60	-3409.014	-3576.435	167.4208	1.902916	2.893453	0.4604621	0.683018	0.316982	1.252785
66	-3404.273	-3571.721	167.4484	1.86898	3.090813	0.4666319	0.683018	0.316982	1.177625
72	-3401.829	-3569.524	167.695	1.943114	2.596113	0.3511543	0.637604	0.362396	1.278095
78	-3395.425	-3563.082	167.6574	1.871524	3.01113	0.3302521	0.637604	0.362396	1.251354
84	-3407.379	-3575.003	167.6237	1.909268	3.073173	0.3940106	0.616905	0.383095	1.11111
90	-3414.29	-3581.961	167.6716	1.924624	2.630862	0.389158	0.58006	0.41994	1.235077
96	-3410.387	-3577.72	167.3331	1.87348	2.701623	0.389158	0.699929	0.300071	1.515766
102	-3407.039	-3574.022	166.9825	1.872826	3.401871	0.389158	0.556554	0.443446	1.55791
108	-3413.563	-3581.206	167.6438	1.951762	2.819831	0.389158	0.508999	0.491001	1.161251
114	-3418.523	-3586.592	168.0688	2.044615	2.234891	0.4060275	0.48749	0.51251	0.9034408
120	-3418.641	-3586.419	167.7774	2.044615	2.234891	0.4767833	0.57035	0.42965	1.069859
126	-3408.379	-3576.327	167.9482	1.992945	2.234891	0.4105367	0.574671	0.425329	1.069859
132	-3398.653	-3566.287	167.634	1.992945	2.793995	0.4105367	0.611758	0.388242	1.106654
138	-3400.48	-3568.1	167.6205	1.889391	2.793995	0.4105367	0.598606	0.401394	1.209634
144	-3388.787	-3556.108	167.3205	1.761642	2.793995	0.434733	0.652652	0.347348	1.512964
150	-3395.964	-3563.126	167.1612	1.761642	2.793995	0.434733	0.648753	0.351247	1.629748
156	-3399.216	-3565.987	166.7714	1.751859	2.787239	0.4651342	0.602527	0.397473	1.87379
162	-3408.778	-3575.545	166.7663	1.774057	3.060508	0.3915059	0.496738	0.503262	1.87379
168	-3414.393	-3580.994	166.601	1.680779	3.060508	0.4768345	0.72517	0.27483	1.943376
174	-3413.348	-3580.398	167.0505	1.691349	3.060508	0.3026687	0.600116	0.399884	1.865063
180	-3410.288	-3577.283	166.9957	1.691349	2.883408	0.3944008	0.715742	0.284258	1.821343
186	-3400.489	-3567.197	166.7078	1.570147	3.590214	0.3944008	0.715742	0.284258	1.907311
192	-3405.04	-3571.546	166.5067	1.634489	3.590214	0.4771274	0.625849	0.374151	1.89788
198	-3416.417	-3583.267	166.8505	1.605888	2.816843	0.4896892	0.773107	0.226893	1.881767
204	-3410.512	-3577.212	166.6991	1.517959	3.390809	0.4896892	0.615749	0.384251	1.882797
210	-3413.73	-3580.349	166.6199	1.59722	3.390809	0.4896892	0.611747	0.388253	1.882797
216	-3408.453	-3575.274	166.8211	1.560105	3.390809	0.4896892	0.603207	0.396793	1.769797
222	-3407.263	-3574.012	166.7482	1.65403	3.390809	0.4896892	0.606643	0.393357	1.755149
228	-3405.745	-3572.297	166.5525	1.64544	3.277748	0.4896892	0.612654	0.387346	1.925675
234	-3405.636	-3572.468	166.832	1.657872	3.70039	0.3583472	0.625054	0.374946	1.784204
240	-3416.206	-3583.083	166.877	1.564342	3.867629	0.3583472	0.599864	0.400136	1.776951
246	-3412.523	-3579.519	166.9956	1.587107	2.676092	0.4236918	0.579937	0.420063	1.918549
252	-3403.55	-3570.153	166.6035	1.502795	3.42075	0.3928616	0.64668	0.35332	2.066428
258	-3426.304	-3592.591	166.2868	1.601256	3.42075	0.5390441	0.536657	0.463343	2.042198
264	-3412.002	-3579.021	167.0186	1.701276	2.687051	0.460349	0.588503	0.411497	1.775711
270	-3412.263	-3577.901	165.6374	1.308809	2.678053	0.3813374	0.572286	0.427714	3.000631
276	-3420.417	-3586.087	165.6703	1.297478	2.678053	0.5192806	0.572286	0.427714	2.839042
282	-3398.841	-3563.719	164.8783	1.29198	2.682907	0.3782417	0.514389	0.485611	3.462059
288	-3404.708	-3569.198	164.4898	1.332521	3.3868	0.3782417	0.545504	0.454496	3.491647
294	-3402.45	-3567.287	164.8371	1.267083	3.211092	0.3782417	0.610319	0.389681	3.367178
300	-3414.055	-3578.022	163.9677	1.303123	3.211092	0.6269569	0.561186	0.438814	3.611692
306	-3406.237	-3571.351	165.1144	1.195116	3.211092	0.4126539	0.495604	0.504396	3.206621
312	-3401.71	-3566.365	164.655	1.273893	3.211092	0.4602527	0.495604	0.504396	3.380022
318	-3409.311	-3574.656	165.345	1.23335	2.439373	0.4602527	0.579714	0.420286	3.200877
324	-3406.022	-3571.234	165.2125	1.384836	3.726367	0.372511	0.633928	0.366072	2.965292
330	-3417.875	-3583.369	165.4945	1.424823	3.726367	0.334998	0.628549	0.371451	2.818148
336	-3421.796	-3587.198	165.4023	1.259001	3.726367	0.3721233	0.7407	0.2593	2.927264
342	-3416.525	-3581.761	165.236	1.240973	3.74817	0.3384869	0.65574	0.34426	3.075333
348	-3409.975	-3574.885	164.9099	1.240973	3.967608	0.4683648	0.59355	0.40645	3.075333
354	-3423.565	-3588.794	165.2287	1.446432	2.558442	0.6070098	0.520979	0.479021	2.969364
360	-3422.081	-3587.868	165.787	1.320732	3.223716	0.3760071	0.517457	0.482543	2.766956
366	-3423.566	-3589.513	165.9475	1.431249	2.448279	0.3760071	0.667112	0.332888	2.81273
372	-3424.456	-3589.472	165.0162	1.355461	3.131051	0.5927717	0.589236	0.410764	3.011174
378	-3423.761	-3587.773	164.0123	1.178736	4.118168	0.3477077	0.655223	0.344777	3.743602
384	-3427.394	-3591.506	164.1115	1.189687	2.940588	0.5295131	0.595562	0.404438	3.743602
390	-3426.327	-3591.741	165.415	1.29682	3.42002	0.4029195	0.580137	0.419863	2.928435
396	-3429.163	-3594.68	165.5168	1.286493	2.164188	0.6010076	0.576078	0.423922	3.019559
402	-3426.945	-3591.093	164.1472	1.253907	3.293831	0.6010076	0.547813	0.452187	3.538351
408	-3422.379	-3587.396	165.0165	1.275128	2.742341	0.4919648	0.557385	0.442615	3.252723
414	-3422.521	-3588.253	165.7314	1.366187	2.742341	0.4911679	0.627501	0.372499	2.770075
420	-3421.456	-3585.735	164.2791	1.313741	3.247771	0.4179351	0.556109	0.443891	3.612208
426	-3414.756	-3580.247	165.4909	1.20597	3.247771	0.371231	0.624453	0.375547	3.015341
432	-3414.612	-3578.363	163.7511	1.139797	3.247771	0.371231	0.61011	0.38989	4.068084
438	-3416.439	-3580.4	163.9609	1.070173	3.412729	0.2790157	0.61144	0.38856	4.068084
444	-3411.828	-3576.209	164.3819	1.135696	2.805816	0.4981386	0.617335	0.382665	3.68226
450	-3405.525	-3569.879	164.354	1.163527	2.805816	0.4981386	0.5413	0.4587	3.68226
456	-3414.879	-3579.22	164.3405	1.128548	2.848695	0.5160691	0.623989	0.376011	3.68226
462	-3419.966	-3585.816	165.8501	1.2427	2.848695	0.4509389	0.601493	0.398507	2.786104
468	-3421.54	-3586.902	165.3619	1.340226	2.993477	0.4509389	0.663933	0.336067	2.984414
474	-3419.991	-3585.615	165.6241	1.459138	2.394293	0.6828775	0.671819	0.328181	2.707352
480	-3410.464	-3576.235	165.7708	1.384732	2.763669	0.452096	0.557107	0.442893	2.769875
486	-3421.098	-3586.468	165.3703	1.167017	2.763669	0.452096	0.665786	0.334214	3.141996
492	-3417.703	-3582.189	164.4854	1.140401	2.763669	0.6004868	0.59914	0.40086	3.5384
498	-3426.599	-3591.672	165.0727	1.267019	2.375648	0.4261918	0.793224	0.206776	3.396654
504	-3419.49	-3584.726	165.2361	1.1832	2.300992	0.4261918	0.594426	0.405574	3.372629
510	-3433.47	-3598.67	165.1992	1.273258	3.32626	0.3656759	0.683919	0.316081	3.137596
516	-3446.585	-3610.354	163.7684	1.20677	3.712976	0.4417579	0.722102	0.277898	3.8423
522	-3420.75	-3585.811	165.0613	1.327458	3.560839	0.3529354	0.657326	0.342674	3.150013
528	-3429.308	-3594.478	165.17	1.468758	3.560839	0.5428635	0.596557	0.403443	2.794307
534	-3419.494	-3585.365	165.8707	1.384048	3.069428	0.5428635	0.590242	0.409758	2.533843
540	-3428.613	-3594.642	166.0282	1.422225	3.174477	0.5428635	0.669382	0.330618	2.383853
546	-3423.275	-3589.425	166.1509	1.422225	2.883712	0.5428635	0.669382	0.330618	2.383853
552	-3415.4	-3581.973	166.5734	1.653579	3.122752	0.5428635	0.669382	0.330618	1.890108
558	-3416.041	-3582.986	166.9457	1.574722	3.133427	0.3742512	0.563062	0.436938	1.890108
564	-3417.046	-3583.897	166.8513	1.574722	3.133427	0.3885348	0.687342	0.312658	1.934771
570	-3410.845	-3577.198	166.3534	1.506567	3.550648	0.4225902	0.624968	0.375032	2.158718
576	-3417.751	-3585.201	167.4499	1.590775	2.152678	0.4254564	0.714641	0.285359	1.784267
582	-3422.593	-3588.509	165.9164	1.426526	3.099561	0.4210249	0.627644	0.372356	2.599979
588	-3418.473	-3584.953	166.4805	1.442006	2.454801	0.4210249	0.610838	0.389162	2.420652
594	-3414.318	-3580.586	166.2675	1.353216	2.454801	0.4050246	0.610838	0.389162	2.627643
600	-3421.073	-3586.919	165.8468	1.399683	2.925487	0.4922172	0.546373	0.453627	2.627643
606	-3421.397	-3586.932	165.535	1.301645	3.160221	0.4922172	0.695216	0.304784	2.818222
612	-3427.785	-3593.564	165.7794	1.356039	3.027866	0.3961649	0.487392	0.512608	2.774864
618	-3426.544	-3592.217	165.6728	1.396334	3.188554	0.3961649	0.679203	0.320797	2.774864
624	-3425.682	-3591.342	165.6597	1.414884	3.382916	0.4837581	0.567059	0.432941	2.627114
630	-3430.106	-3594.614	164.5079	1.176536	3.386527	0.3971155	0.629186	0.370814	3.550452
636	-3417.903	-3583.348	165.445	1.274571	3.474084	0.3971155	0.663051	0.336949	2.918112
642	-3421.478	-3587.637	166.1594	1.351488	2.448543	0.3971155	0.658752	0.341248	2.706555
648	-3411.125	-3577.287	166.1615	1.391506	2.624186	0.5397943	0.629928	0.370072	2.473935
654	-3407.725	-3573.679	165.9538	1.474067	2.624186	0.5832305	0.581454	0.418546	2.510783
660	-3407.691	-3571.866	164.1754	1.179202	2.471036	0.3717182	0.561434	0.438566	3.999478
666	-3408.424	-3573.26	164.8356	1.275642	3.09344	0.5719073	0.645958	0.354042	3.194123
672	-3415.439	-3580.509	165.0706	1.164674	3.551243	0.3939205	0.638621	0.361379	3.194123
678	-3424.391	-3589.774	165.3835	1.218704	2.175288	0.3939205	0.638621	0.361379	3.340805
684	-3416.748	-3582.117	165.3695	1.39885	3.760006	0.4628009	0.669707	0.330293	2.751765
690	-3410.922	-3575.979	165.0565	1.299176	2.618834	0.4542141	0.589202	0.410798	3.287106
696	-3416.162	-3581.245	165.0832	1.272496	2.618834	0.4542141	0.611255	0.388745	3.287106
702	-3418.655	-3583.29	164.6346	1.218189	3.045037	0.4419163	0.591936	0.408064	3.483591
708	-3422.404	-3587.526	165.1219	1.372326	3.045037	0.4630656	0.652555	0.347445	3.08303
714	-3416.543	-3581.82	165.2769	1.304374	3.8388	0.4630656	0.685771	0.314229	2.84856
720	-3401.953	-3567.275	165.3216	1.286401	3.446773	0.4395588	0.619572	0.380428	2.943707
726	-3414.613	-3580.001	165.3878	1.234638	3.446773	0.4316493	0.600043	0.399957	2.943707
732	-3413.848	-3579.412	165.5637	1.274139	3.642876	0.4407766	0.479951	0.520049	2.758879
738	-3429.507	-3594.811	165.3043	1.363705	4.411453	0.3937869	0.625798	0.374202	2.758879
744	-3430.117	-3595.141	165.0245	1.28799	4.411453	0.3937869	0.639262	0.360738	2.97421
750	-3416.881	-3581.036	164.1557	1.120996	3.935761	0.3937869	0.630907	0.369093	3.675363
756	-3422.178	-3587.517	165.3396	1.343557	3.935761	0.3302455	0.696022	0.303978	2.923179
762	-3417.082	-3583.275	166.1927	1.480642	2.696994	0.535239	0.587047	0.412953	2.381205
768	-3418.917	-3584.279	165.3618	1.378334	3.686336	0.4760329	0.621991	0.378009	2.771129
774	-3416.641	-3581.414	164.7729	1.305913	3.168945	0.4760329	0.621991	0.378009	3.285802
780	-3427.495	-3592.817	165.3221	1.349283	2.318802	0.3154128	0.539266	0.460734	3.351556
786	-3409.463	-3574.916	165.4539	1.319284	3.776954	0.3045126	0.573812	0.426188	2.936993
792	-3413.345	-3578.594	165.2488	1.39519	3.15675	0.418376	0.608274	0.391726	3.014068
798	-3414.525	-3580.321	165.7965	1.372562	3.15675	0.34547	0.720893	0.279107	2.784509
804	-3412.185	-3578.129	165.944	1.375572	3.15675	0.34547	0.621211	0.378789	2.692448
810	-3419.027	-3585.258	166.2309	1.524619	3.15675	0.2999352	0.626418	0.373582	2.485018
816	-3419.626	-3585.541	165.9149	1.407882	2.617934	0.476872	0.571366	0.428634	2.682449
822	-3426.979	-3592.785	165.806	1.435046	2.617934	0.476872	0.646354	0.353646	2.732564
828	-3419.366	-3584.988	165.6213	1.332875	3.640928	0.4017714	0.60695	0.39305	2.732564
834	-3432.319	-3596.654	164.3346	1.153729	3.640928	0.4017714	0.60695	0.39305	3.603854
840	-3424.313	-3588.908	164.5951	1.193769	2.621725	0.3597702	0.527058	0.472942	3.722126
846	-3410.008	-3575.625	165.6169	1.391718	2.576883	0.4718844	0.537639	0.462361	2.891034
852	-3410.688	-3576.166	165.4779	1.382795	3.408637	0.5059597	0.597888	0.402112	2.729805
858	-3412.718	-3577.334	164.616	1.278518	3.408637	0.5269708	0.597888	0.402112	3.289111
864	-3417.355	-3582.019	164.6639	1.283244	3.408637	0.5082966	0.641169	0.358831	3.275831
870	-3428.373	-3593.131	164.7584	1.420114	3.408637	0.3541613	0.551301	0.448699	3.306814
876	-3410.435	-3574.862	164.4266	1.203605	2.436084	0.3541613	0.474165	0.525835	3.872315
882	-3415.111	-3578.018	162.9078	1.141548	4.148732	0.4223835	0.658343	0.341657	4.305413
888	-3420.6	-3583.646	163.0457	1.194702	4.148732	0.3127923	0.615825	0.384175	4.324207
894	-3417.684	-3582.043	164.3584	1.315497	2.95637	0.5217786	0.677679	0.322321	3.530762
900	-3416.904	-3582.506	165.6019	1.455545	2.729128	0.5217786	0.677679	0.322321	2.767676
906	-3421.821	-3586.218	164.3962	1.236749	2.847238	0.3420612	0.484659	0.515341	3.773993
912	-3421.587	-3586.335	164.7482	1.204515	3.001851	0.3643092	0.484659	0.515341	3.522834
918	-3424.209	-3589.156	164.9471	1.325298	3.001851	0.3905123	0.78982	0.21018	3.304783
924	-3413.489	-3578.338	164.8491	1.179624	3.078153	0.3487154	0.58812	0.41188	3.478759
930	-3429.292	-3594.703	165.4106	1.246037	3.078153	0.3487154	0.732181	0.267819	3.108516
936	-3440.266	-3605.593	165.3267	1.358837	4.327641	0.3487154	0.606568	0.393432	2.819861
942	-3413.471	-3579.125	165.6535	1.400973	3.011433	0.4034613	0.65529	0.34471	2.819861
948	-3424.835	-3590.627	165.7912	1.428148	3.162862	0.4034613	0.554583	0.445417	2.680638
954	-3426.749	-3592.446	165.6966	1.29816	3.343185	0.4887239	0.554583	0.445417	2.680638
960	-3422.487	-3588.764	166.2777	1.372163	3.524637	0.4887239	0.554583	0.445417	2.225497
966	-3428.244	-3594.581	166.3368	1.470282	3.524637	0.401126	0.630711	0.369289	2.225497
972	-3429.06	-3594.788	165.7273	1.344044	3.382756	0.3495321	0.650687	0.349313	2.784217
978	-3425.186	-3589.897	164.7107	1.317818	4.924582	0.3355517	0.521568	0.478432	3.124438
984	-3423.483	-3588.867	165.3838	1.429921	4.924582	0.427394	0.646141	0.353859	2.535849
990	-3417.656	-3583.361	165.7041	1.36205	2.548192	0.3570613	0.634454	0.365546	2.99524
996	-3422.687	-3587.429	164.7423	1.269877	3.405294	0.436433	0.644122	0.355878	3.311222
1002	-3418.918	-3583.842	164.924	1.224947	3.200321	0.436433	0.635695	0.364305	3.278093
1008	-3420.614	-3586.053	165.4397	1.184544	3.200321	0.3096239	0.633603	0.366397	3.149105
1014	-3424.154	-3589.064	164.9108	1.240371	3.442055	0.5433173	0.615058	0.384942	3.114211
1020	-3429.025	-3595.436	166.4107	1.411433	2.089947	0.3096239	0.723565	0.276435	2.745148
1026	-3418.914	-3585.178	166.2639	1.460739	2.271432	0.4679564	0.59252	0.40748	2.550811
1032	-3417.043	-3583.205	166.162	1.420499	3.128254	0.3352255	0.638074	0.361926	2.550811
1038	-3414.661	-3580.341	165.6801	1.37121	3.112179	0.4568891	0.539361	0.460639	2.736304
1044	-3416.138	-3581.518	165.3799	1.387175	2.775995	0.3490959	0.603802	0.396198	3.120336
1050	-3415.659	-3581.835	166.1758	1.389499	2.775995	0.3490959	0.603802	0.396198	2.637037
1056	-3413.665	-3580.03	166.3655	1.516184	3.092293	0.341002	0.673792	0.326208	2.364449
1062	-3410.752	-3576.895	166.1431	1.48641	3.092293	0.55431	0.58524	0.41476	2.280029
1068	-3413.462	-3580.197	166.7345	1.569255	3.092293	0.5924306	0.659993	0.340007	1.794574
1074	-3405.461	-3571.836	166.3751	1.570508	3.092293	0.4007839	0.561652	0.438348	2.246152
1080	-3420.774	-3587.266	166.4921	1.458735	2.886251	0.3691607	0.611156	0.388844	2.339014
1086	-3414.429	-3581.28	166.8516	1.654071	2.864093	0.3732934	0.591016	0.408984	1.978598
1092	-3423.345	-3590.377	167.032	1.697327	3.023919	0.3732934	0.684527	0.315473	1.779156
1098	-3419.395	-3586.289	166.8947	1.616554	3.023919	0.4922858	0.582933	0.417067	1.779156
1104	-3422.265	-3588.93	166.6654	1.358894	2.65025	0.4725084	0.558801	0.441199	2.236989
1110	-3415.56	-3580.986	165.4261	1.384262	3.355575	0.3073763	0.644193	0.355807	3.004371
1116	-3411.059	-3575.842	164.7829	1.308395	3.333073	0.5180957	0.644193	0.355807	3.198479
1122	-3420.979	-3586.822	165.8436	1.288254	3.191059	0.3820162	0.644193	0.355807	2.752872
1128	-3424.84	-3589.677	164.8371	1.337184	3.191059	0.5132883	0.644193	0.355807	3.187328
1134	-3414.088	-3581.105	167.0175	1.629569	3.179991	0.3406731	0.677672	0.322328	1.838291
1140	-3418.447	-3585.502	167.055	1.552118	3.179991	0.3406731	0.535706	0.464294	1.865628
1146	-3410.954	-3577.8	166.8464	1.669484	3.116348	0.403458	0.535706	0.464294	1.858835
1152	-3415.352	-3582.487	167.1358	1.638008	2.585626	0.3918476	0.645762	0.354238	1.858835
1158	-3407.436	-3574.295	166.8588	1.47432	2.77016	0.384834	0.692663	0.307337	2.105386
1164	-3408.204	-3574.147	165.9433	1.500198	2.77016	0.3191966	0.595295	0.404705	2.753332
1170	-3409.497	-3574.867	165.37	1.368211	2.723289	0.5918368	0.586822	0.413178	2.897829
1176	-3419.802	-3586.534	166.732	1.470479	2.269288	0.5665305	0.597412	0.402588	2.146447
1182	-3420.82	-3586.699	165.8794	1.434112	2.60129	0.5665305	0.679867	0.320133	2.604143
1188	-3419.896	-3585.602	165.706	1.459562	2.741724	0.5665305	0.575262	0.424738	2.655089
1194	-3414.892	-3581.397	166.505	1.486901	3.291523	0.4117302	0.700016	0.299984	2.150548
1200	-3414.96	-3582.22	167.2592	1.556664	1.964988	0.4117302	0.507161	0.492839	2.027148
1206	-3413.922	-3580.473	166.5515	1.549246	3.13843	0.4117302	0.606739	0.393261	2.11967
1212	-3408.045	-3574.491	166.4463	1.528378	2.78406	0.4117302	0.640902	0.359098	2.299549
1218	-3415.718	-3582.476	166.7585	1.502683	2.295882	0.4117302	0.587599	0.412401	2.268186
1224	-3424.391	-3590.45	166.059	1.450335	3.562338	0.5254363	0.688367	0.311633	2.268186
1230	-3405.078	-3571.348	166.2699	1.505305	2.899658	0.5254363	0.691034	0.308966	2.268186
1236	-3415.928	-3582.266	166.3378	1.430342	2.899658	0.4570244	0.578828	0.421172	2.345883
1242	-3434.744	-3600.817	166.0728	1.427928	2.817052	0.6214274	0.483093	0.516907	2.374429
1248	-3417.97	-3584.809	166.8389	1.541132	1.969934	0.61582	0.650211	0.349789	2.09278
1254	-3413.023	-3579.678	166.6549	1.513587	2.739009	0.4940488	0.609326	0.390674	2.09278
1260	-3411.393	-3577.822	166.4285	1.621651	2.85696	0.645562	0.572425	0.427575	1.984179
1266	-3410.428	-3577.359	166.931	1.609482	2.850748	0.3403545	0.61022	0.38978	2.005062
1272	-3412.987	-3579.448	166.4609	1.522573	2.850748	0.4653046	0.602703	0.397297	2.212405
1278	-3406.462	-3573.037	166.5749	1.507512	3.442711	0.2959359	0.656849	0.343151	2.211707
1284	-3416.771	-3582.591	165.8206	1.395759	2.728734	0.2659676	0.629647	0.370353	2.978795
1290	-3398.703	-3564.674	165.9709	1.407281	2.92974	0.4061889	0.643709	0.356291	2.639896
1296	-3412.44	-3578.778	166.3375	1.359663	3.128707	0.4061889	0.643709	0.356291	2.388399
1302	-3414.583	-3579.712	165.1294	1.360932	2.981613	0.4061889	0.691229	0.308771	3.163065
1308	-3413.057	-3578.404	165.3468	1.163214	2.845722	0.4061889	0.649748	0.350252	3.186466
1314	-3410.393	-3575.387	164.9943	1.321587	3.633707	0.4455487	0.570458	0.429542	3.07075
1320	-3407.646	-3571.761	164.1149	1.190572	3.30872	0.4996244	0.551906	0.448094	3.681599
1326	-3420.12	-3584.058	163.9381	1.150263	3.312796	0.5713222	0.670063	0.329937	3.740778
1332	-3413.179	-3576.496	163.3164	1.123529	3.371692	0.5984096	0.565536	0.434464	4.076455
1338	-3412.429	-3576.61	164.1814	1.14122	3.043884	0.5990916	0.662354	0.337646	3.644638
1344	-3412.058	-3577.487	165.4282	1.372481	2.904245	0.5315434	0.621782	0.378218	2.866671
1350	-3416.369	-3581.803	165.4339	1.305643	2.604516	0.4669665	0.570517	0.429483	3.049985
1356	-3411.425	-3575.734	164.3089	1.207807	2.604516	0.4669665	0.611598	0.388402	3.766954
1362	-3412.416	-3576.956	164.5406	1.190587	2.604516	0.4669665	0.672195	0.327805	3.642985
1368	-3401.365	-3565.447	164.0824	1.268354	2.470153	0.5176427	0.77323	0.22677	3.851271
1374	-3412.036	-3576.562	164.5254	1.249289	2.470153	0.5498013	0.611159	0.388841	3.576978
1380	-3408.854	-3572.575	163.7213	1.132669	2.946669	0.429972	0.579933	0.420067	4.095705
1386	-3417.804	-3581.643	163.8391	1.203518	3.421651	0.429972	0.594464	0.405536	3.877706
1392	-3420.715	-3584.093	163.3787	1.132732	3.385504	0.3875397	0.642937	0.357063	4.234566
1398	-3423.215	-3587.553	164.338	1.159986	3.385504	0.3624049	0.558193	0.441807	3.699001
1404	-3421.056	-3586.358	165.3011	1.433175	3.332195	0.3624049	0.558193	0.441807	2.983728
1410	-3420.841	-3584.825	163.984	1.356847	3.345356	0.4867859	0.584829	0.415171	3.66525
1416	-3420.42	-3585.467	165.0479	1.293653	3.291971	0.361073	0.61272	0.38728	3.228853
1422	-3418.874	-3583.302	164.4282	1.223312	3.291971	0.361073	0.645664	0.354336	3.632836
1428	-3421.271	-3585.904	164.6333	1.19496	3.291971	0.3143202	0.656931	0.343069	3.588838
1434	-3412.528	-3578.183	165.6546	1.266121	2.64959	0.4174588	0.542066	0.457934	2.982039
1440	-3411.847	-3577.678	165.8307	1.271184	3.246171	0.4724222	0.464993	0.535007	2.655302
1446	-3418.572	-3584.328	165.7558	1.285621	3.246171	0.4724222	0.596685	0.403315	2.692469
1452	-3404.546	-3570.595	166.0486	1.464751	2.919095	0.411056	0.596685	0.403315	2.553338
1458	-3406.689	-3573.185	166.4968	1.443413	2.919095	0.411056	0.580975	0.419025	2.284197
1464	-3408.61	-3575.135	166.5249	1.511618	2.754662	0.352708	0.545584	0.454416	2.34349
1470	-3415.126	-3581.917	166.7908	1.488462	2.754662	0.5992664	0.548352	0.451648	1.904946
1476	-3412.419	-3578.71	166.2908	1.383587	3.073302	0.4977568	0.602089	0.397911	2.31409
1482	-3423.89	-3588.813	164.923	1.352381	2.551131	0.5065986	0.56976	0.43024	3.301032
1488	-3430.541	-3596.249	165.7082	1.228519	2.551131	0.4126928	0.745083	0.254917	3.005975
1494	-3421.66	-3585.739	164.0789	1.294504	2.551131	0.3265946	0.588543	0.411457	4.020751
1500	-3431.205	-3595.551	164.346	1.120337	2.641913	0.5574402	0.494406	0.505594	3.7008
1506	-3415.141	-3579.582	164.441	1.198538	2.204828	0.5180163	0.557913	0.442087	3.76398
1512	-3417.852	-3581.483	163.6307	1.127967	3.181092	0.3442545	0.633481	0.366519	4.190413
1518	-3407.575	-3571.556	163.9809	1.127675	2.560045	0.4552079	0.533669	0.466331	4.025097
1524	-3406.394	-3570.789	164.3945	1.186353	2.560045	0.4552079	0.654186	0.345814	3.754125
1530	-3411.297	-3575.783	164.4864	1.287874	2.780584	0.4532552	0.58177	0.41823	3.584555
1536	-3410.411	-3576.479	166.0673	1.35922	2.513324	0.436508	0.58177	0.41823	2.693313
1542	-3422.362	-3587.953	165.5914	1.416892	2.615658	0.5184826	0.526318	0.473682	2.832995
1548	-3424.981	-3590.309	165.3283	1.299278	2.615658	0.565752	0.704456	0.295544	3.018067
1554	-3418.445	-3583.445	164.9999	1.41069	2.869885	0.565752	0.566899	0.433101	3.078364
1560	-3421.939	-3587.893	165.9538	1.411344	2.261198	0.380309	0.779085	0.220915	2.874284
1566	-3423.423	-3589.609	166.1861	1.483741	3.02424	0.3640226	0.587868	0.412132	2.485459
1572	-3416.612	-3582.896	166.2837	1.494249	2.592998	0.4722008	0.566107	0.433893	2.411581
1578	-3421.673	-3587.565	165.8923	1.384058	2.592998	0.4463489	0.658339	0.341661	2.750822
1584	-3412.087	-3578.185	166.0977	1.433625	2.592998	0.4269367	0.658339	0.341661	2.615825
1590	-3420.725	-3585.966	165.2416	1.38396	2.753029	0.5324679	0.57994	0.42006	3.011884
1596	-3421.221	-3587.082	165.8612	1.350034	3.053844	0.3255694	0.675296	0.324704	2.811023
1602	-3414.402	-3579.698	165.2954	1.348732	3.464204	0.3042175	0.656375	0.343625	3.083267
1608	-3421.368	-3586.254	164.886	1.195667	3.658263	0.3357104	0.695474	0.304526	3.332198
1614	-3413.363	-3578.01	164.6469	1.308932	3.658263	0.3972192	0.695474	0.304526	3.332198
1620	-3425.978	-3592.868	166.8898	1.638414	2.863512	0.5165931	0.682235	0.317765	1.787727
1626	-3412.004	-3579.18	167.1763	1.638414	2.863512	0.3911203	0.612901	0.387099	1.743122
1632	-3421.103	-3588.179	167.0762	1.638731	2.863512	0.3911203	0.729511	0.270489	1.812538
1638	-3415.297	-3581.809	166.5118	1.550591	2.762159	0.3982859	0.610088	0.389912	2.266194
1644	-3423.303	-3590.871	167.5676	1.768681	3.092971	0.3267251	0.61189	0.38811	1.385159
1650	-3420.15	-3587.431	167.2811	1.775983	3.225571	0.3563038	0.688024	0.311976	1.508848
1656	-3407.535	-3574.599	167.0632	1.679885	3.225571	0.3563038	0.606276	0.393724	1.73591
1662	-3405.745	-3572.803	167.0578	1.630684	3.225571	0.4292864	0.618823	0.381177	1.673655
1668	-3422.327	-3589.865	167.5381	1.780899	2.702037	0.4292864	0.636797	0.363203	1.371318
1674	-3412.186	-3577.03	164.8442	1.30234	3.524255	0.433033	0.620597	0.379403	3.20893
1680	-3408.756	-3572.93	164.1742	1.238313	3.524255	0.5445749	0.588899	0.411101	3.529675
1686	-3408.149	-3573.517	165.3677	1.369593	2.220788	0.5445749	0.712527	0.287473	3.091252
1692	-3419.608	-3587.304	167.696	2.21937	2.471095	0.4737563	0.584206	0.415794	0.8495128
1698	-3409.733	-3577.204	167.4716	2.21937	3.121307	0.4737563	0.695826	0.304174	0.7583136
1704	-3411.882	-3579.383	167.5017	2.094581	3.121307	0.4737563	0.678754	0.321246	0.8800543
1710	-3410.953	-3578.729	167.7765	2.177769	2.480698	0.4737563	0.535885	0.464115	0.7936071
1716	-3416.053	-3583.638	167.5848	2.255952	2.956655	0.4447497	0.585963	0.414037	0.7118094
1722	-3418.542	-3586.327	167.7857	2.283071	2.462417	0.4538577	0.688527	0.311473	0.6837583
1728	-3403.782	-3571.595	167.8132	2.229663	2.462417	0.4686736	0.569936	0.430064	0.6837583
1734	-3409.833	-3577.749	167.9168	2.212467	2.455471	0.4188037	0.563656	0.436344	0.6958197
1740	-3417.697	-3585.489	167.7917	2.137403	2.455471	0.397059	0.539656	0.460344	0.9958346
1746	-3412.015	-3579.876	167.8611	2.052638	2.455471	0.397059	0.591526	0.408474	1.011113
1752	-3404.609	-3572.038	167.4284	1.975248	2.819822	0.4960998	0.591526	0.408474	1.160387
1758	-3410.679	-3578.287	167.6072	2.070568	3.15982	0.4356457	0.602248	0.397752	0.8444608
1764	-3418.329	-3585.69	167.3614	2.057266	3.15982	0.5123173	0.727816	0.272184	0.9852277
1770	-3419.538	-3587.199	167.661	2.028224	2.661106	0.3638936	0.727816	0.272184	1.187019
1776	-3416.735	-3584.379	167.6435	1.937201	3.254753	0.3638936	0.674902	0.325098	1.053959
1782	-3404.441	-3571.413	166.9714	1.75837	3.254753	0.5357214	0.683507	0.316493	1.503071
1788	-3410.193	-3577.837	167.6435	1.815099	3.254753	0.2848553	0.616399	0.383601	1.312421
1794	-3415.045	-3582.486	167.4406	1.772885	3.254753	0.3610189	0.70508	0.29492	1.372625
1800	-3421.924	-3589.263	167.3387	1.76098	3.030899	0.5066543	0.65979	0.34021	1.323723
1806	-3430.663	-3598.009	167.3456	1.699681	2.63173	0.5066543	0.684061	0.315939	1.503559
1812	-3431.767	-3598.539	166.7718	1.654059	3.265506	0.4945048	0.566488	0.433512	1.767203
1818	-3436.443	-3603.037	166.5947	1.631032	3.268927	0.4218737	0.668264	0.331736	1.989763
1824	-3422.303	-3589.377	167.0741	1.638931	3.231314	0.4423071	0.708335	0.291665	1.637459
1830	-3414.241	-3580.969	166.728	1.587835	3.231314	0.4423071	0.624273	0.375727	1.914136
1836	-3421.317	-3587.628	166.3112	1.511445	3.362187	0.4423071	0.630775	0.369225	2.205893
1842	-3417.079	-3583	165.9212	1.515539	3.362187	0.4154643	0.692465	0.307535	2.482605
1848	-3417.35	-3582.922	165.5716	1.436381	3.362187	0.4160228	0.532116	0.467884	2.747093
1854	-3416.124	-3581.002	164.8784	1.41774	3.362187	0.7389273	0.640351	0.359649	2.882135
1860	-3408.164	-3571.944	163.7802	1.3045	4.041843	0.5810433	0.640351	0.359649	3.581941
1866	-3409.855	-3575.598	165.7429	1.416407	3.218753	0.4496101	0.621818	0.378182	2.651245
1872	-3412.548	-3577.866	165.3183	1.399912	3.218753	0.5379022	0.621818	0.378182	2.830853
1878	-3422.962	-3587.861	164.8986	1.387094	2.989026	0.5379022	0.460016	0.539984	3.147615
1884	-3423.076	-3587.483	164.4068	1.384244	3.235482	0.5379022	0.659162	0.340838	3.379692
1890	-3421.176	-3587.888	166.7127	1.663143	3.395484	0.347739	0.60787	0.39213	1.954487
1896	-3409.065	-3576.085	167.0199	1.653506	3.675454	0.3900529	0.656744	0.343256	1.615172
1902	-3422.136	-3588.22	166.0843	1.485509	3.675454	0.3854098	0.619344	0.380656	2.361467
1908	-3414.499	-3580.786	166.2868	1.482789	3.551366	0.3781077	0.632608	0.367392	2.272302
1914	-3412.634	-3578.934	166.2998	1.57493	4.12281	0.3781077	0.683597	0.316403	2.07456
1920	-3415.512	-3582.285	166.7731	1.566959	3.183847	0.3943751	0.619034	0.380966	1.971065
1926	-3420.066	-3586.467	166.4004	1.535687	3.183847	0.3579541	0.630059	0.369941	2.283139
1932	-3416.176	-3583.076	166.8996	1.604436	3.449496	0.3579541	0.651693	0.348307	1.838887
1938	-3413.194	-3580.445	167.251	1.753472	4.043823	0.28021	0.603581	0.396419	1.452173
1944	-3414.263	-3581.377	167.1133	1.753472	3.736995	0.28021	0.628971	0.371029	1.63238
1950	-3427.903	-3595.07	167.167	1.723644	3.790277	0.4282807	0.628971	0.371029	1.366098
1956	-3432.139	-3599.232	167.0932	1.771743	3.032755	0.4282807	0.677558	0.322442	1.605024
1962	-3428.316	-3592.817	164.5006	1.239391	2.791004	0.4553053	0.504642	0.495358	3.599636
1968	-3421.382	-3586.214	164.8321	1.255947	2.791004	0.4833394	0.568329	0.431671	3.368125
1974	-3412.484	-3577.07	164.5863	1.311074	2.791004	0.5257857	0.495353	0.504647	3.439
1980	-3426.48	-3590.775	164.2952	1.473004	3.277255	0.6618194	0.60248	0.39752	3.277118
1986	-3417.082	-3584.274	167.1921	1.755817	2.96049	0.3837525	0.655715	0.344285	1.628776
1992	-3416.147	-3583.242	167.0947	1.66797	3.496763	0.3688697	0.564757	0.435243	1.628776
1998	-3421.245	-3587.979	166.734	1.70624	3.268364	0.5315832	0.635754	0.364246	1.71407
2004	-3415.258	-3582.016	166.7581	1.757189	3.376268	0.4271335	0.600221	0.399779	1.756859
2010	-3419.923	-3586.956	167.0322	1.709948	3.376268	0.343577	0.539018	0.460982	1.713741
2016	-3414.655	-3581.937	167.2817	1.697374	2.851084	0.343577	0.616202	0.383798	1.699615
2022	-3416.127	-3583.432	167.3049	1.674158	2.851084	0.343577	0.527929	0.472071	1.699615
2028	-3421.734	-3588.36	166.6259	1.618949	3.807572	0.2977985	0.527929	0.472071	2.015234
2034	-3424.474	-3590.054	165.5807	1.618949	3.635913	0.4969595	0.515084	0.484916	2.476653
2040	-3426.044	-3593.126	167.082	1.634598	3.123632	0.3192017	0.661925	0.338075	1.838684
2046	-3423.159	-3590.245	167.0861	1.69303	3.123632	0.394276	0.650831	0.349169	1.685721
2052	-3408.761	-3575.82	167.059	1.712339	2.983537	0.4673743	0.614795	0.385205	1.63735
2058	-3414.203	-3581.071	166.8679	1.703962	2.938926	0.4673743	0.626434	0.373566	1.791707
2064	-3419.604	-3586.643	167.0395	1.618975	2.300437	0.5014363	0.486141	0.513859	1.900916
2070	-3434.132	-3598.184	164.0525	1.246871	3.654461	0.71978	0.630423	0.369577	3.423998
2076	-3415.662	-3581.414	165.7518	1.292254	3.176563	0.487463	0.630423	0.369577	2.692374
2082	-3415.102	-3580.587	165.4857	1.457725	2.718427	0.2884352	0.584524	0.415476	3.111985
2088	-3412.281	-3578.064	165.7836	1.325127	3.003395	0.2960624	0.640366	0.359634	2.92667
2094	-3409.953	-3575.998	166.0455	1.435904	3.214816	0.3425382	0.549719	0.450281	2.581987
2100	-3408.726	-3574.725	165.9994	1.348907	3.009808	0.4493438	0.549719	0.450281	2.588012
2106	-3414.039	-3580.197	166.1575	1.467549	2.845334	0.4230361	0.645719	0.354281	2.489826
2112	-3409.018	-3574.616	165.5982	1.435519	2.845334	0.7316259	0.633327	0.366673	2.567051
2118	-3406.462	-3572.567	166.1052	1.459109	3.211814	0.5622153	0.633327	0.366673	2.282774
2124	-3415.558	-3581.73	166.1722	1.472741	3.211814	0.4788639	0.671394	0.328606	2.316994
2130	-3420.566	-3587.086	166.5196	1.500982	2.542046	0.4332593	0.6357	0.3643	2.316994
2136	-3415.132	-3581.097	165.9645	1.491001	2.827318	0.4125043	0.603341	0.396659	2.612515
2142	-3404.005	-3569.669	165.6643	1.427971	3.314289	0.5075283	0.611253	0.388747	2.608274
2148	-3424.784	-3589.867	165.0828	1.300675	4.571676	0.4466113	0.621618	0.378382	2.842213
2154	-3423.435	-3589.553	166.1187	1.300675	3.835611	0.3555341	0.579214	0.420786	2.458825
2160	-3415.82	-3581.521	165.7017	1.464331	3.811445	0.259172	0.530263	0.469737	2.758122
2166	-3419.92	-3584.873	164.9525	1.299633	3.811445	0.4053172	0.692063	0.307937	3.115333
2172	-3420.573	-3585.825	165.2521	1.284893	3.811445	0.4053172	0.642919	0.357081	2.944758
2178	-3409.791	-3574.639	164.8475	1.284893	3.811445	0.4053172	0.735782	0.264218	3.18647
2184	-3411.474	-3576.858	165.3837	1.415571	2.969514	0.4053172	0.58699	0.41301	2.982654
2190	-3418.944	-3584.116	165.1723	1.282892	3.089815	0.3195019	0.58699	0.41301	3.262784
2196	-3413.812	-3579.048	165.2354	1.300396	3.152309	0.3195019	0.616614	0.383386	3.199872
2202	-3417.604	-3582.824	165.2202	1.326891	3.152309	0.3510027	0.673207	0.326793	3.152676
2208	-3420.442	-3585.821	165.3784	1.339838	3.152309	0.3510027	0.653132	0.346868	3.05065
2214	-3412.309	-3578.125	165.8162	1.381735	3.152309	0.4175885	0.653975	0.346025	2.680036
2220	-3421.777	-3587.069	165.2925	1.381608	4.517785	0.3211387	0.716577	0.283423	2.827354
2226	-3407.841	-3574.27	166.4294	1.392064	3.079266	0.3036745	0.66539	0.33461	2.458246
2232	-3417.73	-3584.139	166.409	1.481459	2.718759	0.4860211	0.573482	0.426518	2.287686
2238	-3411.051	-3577.286	166.2352	1.541821	2.718759	0.6298808	0.676351	0.323649	2.218629
2244	-3423.567	-3590.262	166.6955	1.611807	2.718759	0.6298808	0.690699	0.309301	1.867309
2250	-3426.195	-3593.203	167.0078	1.70388	2.718759	0.6298808	0.472412	0.527588	1.582334
2256	-3418.733	-3585.193	166.4606	1.547498	3.787272	0.5314067	0.633208	0.366792	1.879496
2262	-3405.459	-3571.239	165.7798	1.540636	3.15421	0.5314067	0.663082	0.336918	2.482172
2268	-3410.142	-3576.86	166.7176	1.537792	3.15421	0.5314067	0.715459	0.284541	1.874239
2274	-3418.375	-3584.785	166.4101	1.498593	3.15421	0.4819211	0.551191	0.448809	2.158812
2280	-3427.592	-3594.945	167.3532	1.630435	3.751433	0.3107993	0.560804	0.439196	1.489631
2286	-3420.298	-3587.734	167.4359	1.663297	2.931472	0.3107993	0.560804	0.439196	1.640292
2292	-3421.948	-3588.412	166.4642	1.502132	4.383287	0.3107993	0.755598	0.244402	2.053786
2298	-3418.089	-3584.029	165.9398	1.345788	3.159363	0.4173175	0.772432	0.227568	2.624523
2304	-3428.684	-3594.888	166.2044	1.603244	3.225275	0.5008859	0.588192	0.411808	2.185166
2310	-3423.762	-3590.066	166.3043	1.463154	4.094713	0.4023911	0.668408	0.331592	2.119841
2316	-3430.82	-3597.342	166.5229	1.54699	3.562597	0.4023911	0.736729	0.263271	2.043086
2322	-3415.259	-3582.215	166.9557	1.55898	3.031661	0.3185771	0.610284	0.389716	2.002006
2328	-3419.436	-3586.003	166.5669	1.459396	3.073899	0.3393477	0.691393	0.308607	2.279472
2334	-3419.52	-3586.508	166.9876	1.547117	2.666662	0.5553745	0.602051	0.397949	1.802721
2340	-3419.448	-3585.98	166.5325	1.507787	3.529583	0.5816866	0.740108	0.259892	1.868574
2346	-3431.355	-3597.706	166.351	1.483843	3.938997	0.4385494	0.646858	0.353142	2.065617
2352	-3412.842	-3578.182	165.3398	1.434396	4.091161	0.4926036	0.591958	0.408042	2.647494
2358	-3423.277	-3589.113	165.8364	1.460342	3.939678	0.3211164	0.609592	0.390408	2.559314
2364	-3423.934	-3590.221	166.2868	1.422495	2.649948	0.3681853	0.683998	0.316002	2.559314
2370	-3434.415	-3600.291	165.876	1.525988	3.326983	0.5103847	0.709466	0.290534	2.408801
2376	-3423.779	-3589.97	166.1911	1.523129	4.452324	0.3645171	0.571035	0.428965	2.12911
2382	-3411.444	-3577.944	166.5	1.620437	3.276947	0.3955908	0.727601	0.272399	2.090477
2388	-3421.848	-3588.59	166.7414	1.667777	3.847708	0.3955908	0.680449	0.319551	1.752086
2394	-3421.235	-3588.328	167.0923	1.591957	3.08507	0.304377	0.485921	0.514079	1.894631
2400	-3421.684	-3588.198	166.514	1.516362	3.08507	0.4758404	0.563039	0.436961	2.104719
2406	-3423.747	-3590.253	166.5063	1.487453	3.08507	0.4826918	0.714483	0.285517	2.121049
2412	-3421.792	-3588.202	166.4101	1.351124	2.104	0.4123035	0.564564	0.435436	2.647139
2418	-3417.231	-3583.679	166.4482	1.368616	2.104	0.4460958	0.569631	0.430369	2.574344
2424	-3413.572	-3579.714	166.1423	1.368616	2.67852	0.4460958	0.571237	0.428763	2.581962
2430	-3415.366	-3581.665	166.2987	1.46519	3.53319	0.4060192	0.608227	0.391773	2.245271
2436	-3413.965	-3579.576	165.6109	1.419367	3.53319	0.4060192	0.66335	0.33665	2.705216
2442	-3398.03	-3563.687	165.6572	1.399195	3.53319	0.3924964	0.71251	0.28749	2.705216
2448	-3420.401	-3586.7	166.2997	1.505014	3.243785	0.3924964	0.637635	0.362365	2.307261
2454	-3419.122	-3585.274	166.1527	1.420058	3.243785	0.3924964	0.637635	0.362365	2.454067
2460	-3412.437	-3577.717	165.2793	1.249214	2.902763	0.3909565	0.529417	0.470583	3.178069
2466	-3421.219	-3587.153	165.9345	1.348856	3.257548	0.3228642	0.52448	0.47552	2.71988
2472	-3414.049	-3579.65	165.6019	1.355943	2.963476	0.5692554	0.57287	0.42713	2.71988
2478	-3419.497	-3585.35	165.8535	1.379337	2.379898	0.5692554	0.532768	0.467232	2.718524
2484	-3420.365	-3584.123	163.7572	1.143871	2.379898	0.5919962	0.575698	0.424302	4.069148
2490	-3410.383	-3574.343	163.9599	1.17278	2.379898	0.5893472	0.570066	0.429934	3.939044
2496	-3410.967	-3574.689	163.7223	1.272753	2.379898	0.5470438	0.570066	0.429934	4.054282
2502	-3425.411	-3590.496	165.0846	1.320092	2.860218	0.4558463	0.570066	0.429934	3.191132
2508	-3426.812	-3591.61	164.7981	1.272459	2.445695	0.4761503	0.570066	0.429934	3.481472
2514	-3428.329	-3594.222	165.893	1.249971	2.445695	0.3109871	0.691612	0.308388	3.039519
2520	-3423.829	-3590.753	166.924	1.541546	2.266587	0.4192895	0.579165	0.420835	2.136814
2526	-3432.339	-3599.197	166.8581	1.693691	2.858412	0.4826358	0.630137	0.369863	1.811804
2532	-3423.337	-3590.088	166.7511	1.520459	2.858412	0.5646099	0.551799	0.448201	1.91355
2538	-3423.089	-3588.891	165.8028	1.435029	3.248874	0.5014681	0.566337	0.433663	2.540151
2544	-3424.665	-3591.106	166.4415	1.382736	2.476677	0.5014681	0.673121	0.326879	2.386931
2550	-3415.64	-3579.954	164.3147	1.239271	2.476677	0.5265982	0.502963	0.497037	3.72404
2556	-3423.938	-3588.623	164.6849	1.293347	2.476677	0.5265982	0.650717	0.349283	3.477734
2562	-3433.13	-3597.536	164.4066	1.152442	2.229404	0.4599701	0.736489	0.263511	3.858787
2568	-3429.242	-3593.647	164.4049	1.210149	2.229404	0.4287707	0.591271	0.408729	3.858787
2574	-3417.522	-3582.553	165.0317	1.249606	2.378839	0.4489536	0.614354	0.385646	3.405691
2580	-3414.476	-3578.908	164.4316	1.164674	2.378839	0.4489536	0.698731	0.301269	3.803438
2586	-3405.767	-3569.317	163.55	1.259466	3.553967	0.4489536	0.678788	0.321212	3.963164
2592	-3415.182	-3578.033	162.8515	1.180634	3.329021	0.433938	0.556004	0.443996	4.468107
2598	-3431.018	-3595.323	164.3044	1.162726	3.329021	0.4746602	0.791925	0.208075	3.607626
2604	-3435.385	-3600.142	164.757	1.20185	2.763086	0.4746602	0.560298	0.439702	3.459893
2610	-3423.768	-3588.563	164.7954	1.163457	2.763086	0.4746602	0.582442	0.417558	3.459893
2616	-3422.161	-3586.144	163.9828	1.081144	2.763086	0.4448978	0.587589	0.412411	4.00683
2622	-3412.974	-3576.756	163.7822	1.043522	3.280199	0.3881174	0.709345	0.290655	4.07868
2628	-3416.406	-3579.943	163.5368	1.135221	3.280199	0.4470406	0.652535	0.347465	4.103323
2634	-3415.901	-3581.325	165.4241	1.320357	3.280199	0.4547021	0.652535	0.347465	2.884017
2640	-3414.838	-3580.572	165.7331	1.338742	3.280199	0.4122091	0.624063	0.375937	2.732034
2646	-3414.112	-3579.663	165.5515	1.326076	3.280199	0.4122091	0.653961	0.346039	2.850354
2652	-3421.005	-3585.549	164.544	1.356302	3.280199	0.4410365	0.560916	0.439084	3.400654
2658	-3410.425	-3576.215	165.7901	1.35787	3.235326	0.3220526	0.60589	0.39411	2.809048
2664	-3403.535	-3568.939	165.4035	1.416273	3.235326	0.5110817	0.60589	0.39411	2.791109
2670	-3419.166	-3584.656	165.4899	1.453303	2.938178	0.5110817	0.600797	0.399203	2.791109
2676	-3412.717	-3578.84	166.123	1.42268	2.797907	0.4115292	0.711478	0.288522	2.565938
2682	-3419.416	-3585.446	166.0305	1.396548	2.879652	0.4115292	0.711478	0.288522	2.616935
2688	-3420.428	-3586.381	165.9528	1.477565	2.891156	0.4761592	0.64928	0.35072	2.539732
2694	-3406.681	-3572.789	166.1081	1.445733	2.930638	0.3987201	0.64928	0.35072	2.539732
2700	-3415.114	-3581.949	166.8347	1.587588	2.386712	0.3793536	0.582871	0.417129	2.174452
2706	-3422.765	-3589.89	167.125	1.705775	3.778498	0.4587263	0.72153	0.27847	1.373385
2712	-3414.131	-3581.344	167.2126	1.848659	3.226014	0.4015793	0.687571	0.312429	1.436965
2718	-3414.903	-3582.419	167.5156	1.953111	2.806995	0.4015793	0.608823	0.391177	1.253789
2724	-3418.524	-3585.708	167.1835	1.92125	2.806995	0.51995	0.527402	0.472598	1.379789
2730	-3418.644	-3586.373	167.7292	1.860935	2.44099	0.4850148	0.604657	0.395343	1.170124
2736	-3426.306	-3593.057	166.7512	1.639399	2.875592	0.4850148	0.592143	0.407857	1.914061
2742	-3427.398	-3593.597	166.1995	1.486158	2.479151	0.4850148	0.567107	0.432893	2.490555
2748	-3419.963	-3586.137	166.1736	1.503221	2.604416	0.4549372	0.540303	0.459697	2.490555
2754	-3418.244	-3584.337	166.093	1.512249	3.356512	0.4519385	0.641684	0.358316	2.335695
2760	-3429.748	-3595.729	165.9813	1.53978	3.655073	0.5631164	0.583949	0.416051	2.200944
2766	-3417.857	-3583.957	166.0996	1.575382	3.655073	0.4681685	0.676158	0.323842	2.200944
2772	-3421.884	-3589.037	167.1531	1.7388	2.729171	0.4252561	0.676158	0.323842	1.685438
2778	-3439.972	-3607.044	167.0714	1.698944	2.463618	0.5250633	0.689714	0.310286	1.739806
2784	-3416.511	-3583.456	166.9452	1.700841	2.463618	0.5250633	0.622822	0.377178	1.826215
2790	-3430.171	-3597.284	167.1122	1.733096	2.463618	0.5184269	0.632324	0.367676	1.694501
2796	-3422.523	-3589.279	166.7552	1.686342	3.076865	0.5184269	0.632324	0.367676	1.782379
2802	-3426.145	-3593.461	167.3159	1.715189	2.090401	0.3959023	0.674878	0.325122	1.853563
2808	-3413.878	-3580.805	166.9275	1.606431	3.425046	0.4100356	0.570824	0.429176	1.753071
2814	-3423.151	-3589.93	166.7791	1.566056	3.234147	0.3980955	0.667732	0.332268	1.949217
2820	-3412.506	-3579.388	166.8811	1.479441	3.228709	0.4021363	0.541147	0.458853	1.935092
2826	-3406.988	-3573.97	166.9815	1.587287	2.764656	0.4021363	0.679843	0.320157	1.92792
2832	-3416.79	-3583.592	166.802	1.623049	3.050877	0.4021363	0.632513	0.367487	1.940711
2838	-3416.833	-3583.253	166.4203	1.537381	3.050877	0.4021363	0.661417	0.338583	2.247854
2844	-3416.219	-3581.904	165.6844	1.442948	3.055272	0.4021363	0.620565	0.379435	2.765758
2850	-3417.442	-3583.542	166.1	1.401424	2.644563	0.3397556	0.585667	0.414333	2.725778
2856	-3419.738	-3584.425	164.6871	1.389335	2.644563	0.6798322	0.574006	0.425994	3.241662
2862	-3413.849	-3579.287	165.4379	1.389335	2.953243	0.4071914	0.678573	0.321427	2.967911
2868	-3412.911	-3578.957	166.0459	1.411613	3.085196	0.4999421	0.729134	0.270866	2.445999
2874	-3409.972	-3575.893	165.9216	1.477022	3.546126	0.3542906	0.614382	0.385618	2.538494
2880	-3410.227	-3576.387	166.1599	1.663583	3.546126	0.3542906	0.614382	0.385618	2.270211
2886	-3410.014	-3577.397	167.3829	1.663583	2.809699	0.3902026	0.684567	0.315433	1.596
2892	-3405.705	-3572.332	166.6273	1.598282	3.380666	0.4227841	0.640365	0.359635	1.959455
2898	-3404.979	-3571.831	166.8526	1.685356	3.634027	0.4610981	0.772401	0.227599	1.628902
2904	-3399.519	-3566.369	166.8494	1.634369	2.763157	0.490307	0.667264	0.332736	1.878899
2910	-3401.341	-3568.367	167.0257	1.600044	2.763157	0.373515	0.667264	0.332736	1.927931
2916	-3403.067	-3569.913	166.846	1.618432	3.101775	0.373515	0.672575	0.327425	1.937819
2922	-3407.24	-3574.122	166.8818	1.518146	3.101775	0.4212771	0.675173	0.324827	1.918906
2928	-3418.119	-3585.304	167.1853	1.693121	3.243879	0.4212771	0.695609	0.304391	1.541253
2934	-3424.823	-3591.935	167.1125	1.804648	2.685716	0.5392426	0.526948	0.473052	1.541253
2940	-3428.14	-3595.569	167.4287	1.733677	2.501608	0.4452959	0.686235	0.313765	1.541253
2946	-3418.322	-3585.921	167.5984	1.734653	2.218634	0.4497755	0.690622	0.309378	1.516783
2952	-3414.827	-3582.244	167.417	1.810923	3.473179	0.4497755	0.596243	0.403757	1.149397
2958	-3411.113	-3578.703	167.5899	1.912798	2.552042	0.5192312	0.477091	0.522909	1.149397
2964	-3432.499	-3599.935	167.4367	1.935959	2.552042	0.5896947	0.702225	0.297775	1.168395
2970	-3423.105	-3590.597	167.4923	1.955548	2.467671	0.5896947	0.592012	0.407988	1.138501
2976	-3421.744	-3589.676	167.9321	1.912399	2.467671	0.3802908	0.715599	0.284401	1.102388
2982	-3420.279	-3587.815	167.5356	1.919189	2.467671	0.5514005	0.75563	0.24437	1.183138
2988	-3426.169	-3593.773	167.6041	1.919189	2.467671	0.5082178	0.626112	0.373888	1.183138
2994	-3419.407	-3587.026	167.6188	1.882728	2.841408	0.3619738	0.79578	0.20422	1.27912
3000	-3416.417	-3584.291	167.8739	1.892116	2.593221	0.3619738	0.607302	0.392698	1.151359
3006	-3415.3	-3583.171	167.8702	1.98381	2.593221	0.3619738	0.6784	0.3216	1.071345
3012	-3410.365	-3577.916	167.5512	1.965444	2.593221	0.4375257	0.685289	0.314711	1.240317
3018	-3413.624	-3581.349	167.7255	1.86702	2.853323	0.3018966	0.600151	0.399849	1.307654
3024	-3404.759	-3572.533	167.7746	1.90485	2.769446	0.3018966	0.709846	0.290154	1.267313
3030	-3422.74	-3590.096	167.3567	1.804747	2.813734	0.3018966	0.675316	0.324684	1.647533
3036	-3428.461	-3595.874	167.4136	1.702448	2.813734	0.3925846	0.675316	0.324684	1.540189
3042	-3428.396	-3595.742	167.3457	1.737696	2.790651	0.3354736	0.625928	0.374072	1.656886
3048	-3426.411	-3593.539	167.1283	1.608831	2.790651	0.3354736	0.65059	0.34941	1.897973
3054	-3426.015	-3593.045	167.0297	1.627677	2.75718	0.3811682	0.62089	0.37911	1.897973
3060	-3424.583	-3591.832	167.2488	1.627677	2.75718	0.3335615	0.62089	0.37911	1.815799
3066	-3423.114	-3590.204	167.0903	1.647226	3.298413	0.4255754	0.665011	0.334989	1.622612
3072	-3424.74	-3591.438	166.6976	1.761148	3.298413	0.6545395	0.635382	0.364618	1.562172
3078	-3422.665	-3589.673	167.0081	1.763251	2.660498	0.6261724	0.588571	0.411429	1.562172
3084	-3416.838	-3583.389	166.5508	1.733843	3.36409	0.6261724	0.707682	0.292318	1.697666
3090	-3413.941	-3581.097	167.1558	1.692449	3.36409	0.3831135	0.699525	0.300475	1.582569
3096	-3408.165	-3575.505	167.34	1.692449	3.208881	0.3920865	0.646455	0.353545	1.478135
3102	-3411.83	-3578.98	167.1504	1.717761	3.208881	0.328813	0.590253	0.409747	1.693842
3108	-3419.72	-3586.925	167.2045	1.602425	3.654597	0.2565602	0.652131	0.347869	1.738057
3114	-3412.428	-3577.509	165.081	1.371285	2.912847	0.3783479	0.565058	0.434942	3.235435
3120	-3411.854	-3576.576	164.7217	1.345862	2.883473	0.4236733	0.671374	0.328626	3.417989
3126	-3422.836	-3586.966	164.1294	1.188356	2.665681	0.4117874	0.636074	0.363926	3.922125
3132	-3426.098	-3591.68	165.5814	1.32778	2.381849	0.42996	0.597604	0.402396	3.053645
3138	-3413.78	-3579.37	165.5896	1.344992	3.50808	0.4059541	0.561563	0.438437	2.769572
3144	-3424.998	-3590.973	165.9744	1.364285	3.50808	0.4884044	0.561563	0.438437	2.427957
3150	-3410.275	-3576.229	165.9542	1.48373	3.589533	0.3435774	0.630172	0.369828	2.518074
3156	-3409.525	-3575.585	166.0597	1.592803	3.589533	0.5098192	0.668141	0.331859	2.185632
3162	-3414.178	-3580.09	165.9122	1.456589	3.11818	0.4545698	0.610716	0.389284	2.541395
3168	-3425.077	-3591.175	166.0982	1.540175	3.11818	0.4545698	0.608431	0.391569	2.372134
3174	-3422.887	-3589.412	166.5242	1.410606	2.64347	0.4067504	0.608431	0.391569	2.372134
3180	-3413.085	-3578.781	165.6956	1.395469	2.64347	0.559071	0.702326	0.297674	2.735741
3186	-3411.984	-3577.73	165.7466	1.420146	3.072892	0.4033715	0.694099	0.305901	2.735741
3192	-3415.377	-3580.213	164.8359	1.314123	2.952391	0.6175824	0.69381	0.30619	3.166789
3198	-3411.701	-3577.749	166.0477	1.425597	2.301094	0.6175824	0.696606	0.303394	2.551601
3204	-3405.223	-3570.037	164.8145	1.336985	2.301094	0.6175824	0.61245	0.38755	3.348393
3210	-3421.589	-3586.54	164.9515	1.319235	3.002262	0.3946245	0.659768	0.340232	3.30096
3216	-3405.068	-3571.586	166.5181	1.526524	2.874739	0.3946245	0.690861	0.309139	2.249876
3222	-3410.075	-3576.344	166.2694	1.518229	2.874739	0.4611059	0.656026	0.343974	2.335882
3228	-3413.482	-3579.603	166.121	1.594366	2.874739	0.7594353	0.606442	0.393558	2.102668
3234	-3407.434	-3572.905	165.4707	1.663295	3.034093	0.7594353	0.662464	0.337536	2.431777
3240	-3411.341	-3577.455	166.1134	1.505098	3.034093	0.4859745	0.601675	0.398325	2.372617
3246	-3416.103	-3581.494	165.3911	1.421441	3.261122	0.4859745	0.564781	0.435219	2.814577
3252	-3424.247	-3589.343	165.0959	1.422906	3.261122	0.6832637	0.59643	0.40357	2.814577
3258	-3427.326	-3592.668	165.3429	1.416545	3.326774	0.3919133	0.5744	0.4256	2.934268
3264	-3406.725	-3570.982	164.2574	1.393819	3.95637	0.6697251	0.561039	0.438961	3.192908
3270	-3412.489	-3576.88	164.3912	1.314491	2.934718	0.4727168	0.636457	0.363543	3.565077
3276	-3413.154	-3578.481	165.3273	1.314056	2.526972	0.4727168	0.598225	0.401775	3.124888
3282	-3426.293	-3591.426	165.1326	1.252988	1.936241	0.4874929	0.651753	0.348247	3.449133
3288	-3420.846	-3586.601	165.7555	1.390221	2.6388	0.3607033	0.645859	0.354141	2.916802
3294	-3417.955	-3583.98	166.0249	1.457156	2.6388	0.4508263	0.650968	0.349032	2.606148
3300	-3413.886	-3579.664	165.7776	1.400212	2.971941	0.4508263	0.623602	0.376398	2.70146
3306	-3422.057	-3587.562	165.5053	1.388376	2.971941	0.4508263	0.632093	0.367907	2.874579
3312	-3417.972	-3583.502	165.5298	1.33684	2.971941	0.4508263	0.750206	0.249794	2.890931
3318	-3427.259	-3592.787	165.5287	1.420433	3.689696	0.4508263	0.617001	0.382999	2.669269
3324	-3427.251	-3593.099	165.8475	1.541175	3.424127	0.5685127	0.619969	0.380031	2.335679
3330	-3430.83	-3596.825	165.9944	1.433702	3.424127	0.5685127	0.622406	0.377594	2.31057
3336	-3412.426	-3578.52	166.0945	1.333097	3.123467	0.4104809	0.614175	0.385825	2.553619
3342	-3411.723	-3578.316	166.5926	1.466585	2.942138	0.5026548	0.653088	0.346912	2.095966
3348	-3414.85	-3581.479	166.6294	1.521804	2.478368	0.5026548	0.609713	0.390287	2.175728
3354	-3412.322	-3578.841	166.5192	1.549963	2.478368	0.5541644	0.671092	0.328908	2.175728
3360	-3426.577	-3592.347	165.7699	1.370988	2.852872	0.4046093	0.711949	0.288051	2.807677
3366	-3424.812	-3591.143	166.3303	1.370988	2.495588	0.4046093	0.559985	0.440015	2.565739
3372	-3422.192	-3588.14	165.9474	1.414536	2.98411	0.4491588	0.729721	0.270279	2.586521
3378	-3431.914	-3597.502	165.5882	1.397192	2.789349	0.4491588	0.71598	0.28402	2.869392
3384	-3411.813	-3577.793	165.9795	1.42123	2.862876	0.4259085	0.528028	0.471972	2.621173
3390	-3416.382	-3582.02	165.6379	1.363208	2.862876	0.4259085	0.510904	0.489096	2.86553
3396	-3416.213	-3582.527	166.314	1.526072	3.023595	0.4259085	0.608806	0.391194	2.30189
3402	-3416.039	-3582.108	166.0687	1.50669	3.023595	0.477073	0.672929	0.327071	2.412232
3408	-3412.764	-3578.755	165.9908	1.533914	3.023595	0.4061894	0.708013	0.291987	2.524168
3414	-3412.18	-3577.501	165.3213	1.341509	3.280479	0.4610513	0.692363	0.307637	2.926514
3420	-3421.038	-3586.192	165.1541	1.240726	3.280479	0.5784433	0.562513	0.437487	2.973825
3426	-3404.239	-3569.196	164.9569	1.212105	3.092503	0.4440031	0.602971	0.397029	3.284253
3432	-3404.81	-3570.092	165.2818	1.334896	3.016535	0.407836	0.503085	0.496915	3.077129
3438	-3405.394	-3570.741	165.3469	1.383018	3.016535	0.5404016	0.60964	0.39036	2.871865
3444	-3412.173	-3577.116	164.9436	1.238815	3.016535	0.4185118	0.60964	0.39036	3.322565
3450	-3408.894	-3573.442	164.5476	1.234881	2.685606	0.3906945	0.64896	0.35104	3.672498
3456	-3416.037	-3581.406	165.3696	1.325323	3.733501	0.2880395	0.64896	0.35104	3.016489
3462	-3424.846	-3590.472	165.6262	1.267045	2.903538	0.3184135	0.64896	0.35104	3.051058
3468	-3414.993	-3580.895	165.9023	1.411401	2.903538	0.3184135	0.668076	0.331924	2.797406
3474	-3417.867	-3582.532	164.6652	1.336687	3.49266	0.5245351	0.588904	0.411096	3.209111
3480	-3403.764	-3570.14	166.3759	1.385152	2.421574	0.4406397	0.588904	0.411096	2.509801
3486	-3417.288	-3583.668	166.3793	1.504464	3.074713	0.3174855	0.76728	0.23272	2.400423
3492	-3423.926	-3589.95	166.024	1.498429	3.074713	0.4684414	0.671746	0.328254	2.441391
3498	-3434.961	-3601.031	166.0697	1.47189	2.768959	0.4232399	0.700174	0.299826	2.562958
3504	-3427.511	-3593.674	166.1627	1.450129	3.654566	0.3725591	0.65257	0.34743	2.355258
3510	-3437.985	-3602.404	164.419	1.233542	3.888506	0.4023755	0.632884	0.367116	3.456525
3516	-3418.115	-3582.292	164.1766	1.243458	2.742197	0.4268894	0.594	0.406	3.826895
3522	-3411.434	-3575.6	164.1669	1.193195	2.742197	0.389872	0.665712	0.334288	3.901768
3528	-3420.385	-3583.689	163.3044	1.067454	2.187284	0.4651713	0.683877	0.316123	4.540606
3534	-3421.954	-3585.467	163.5131	0.9826946	2.886852	0.4094695	0.683877	0.316123	4.335349
3540	-3414.579	-3581.721	167.1419	1.702455	3.533871	0.3411674	0.699705	0.300295	1.601451
3546	-3418.652	-3585.61	166.9572	1.702455	3.533871	0.4357031	0.589187	0.410813	1.60024
3552	-3418.933	-3585.991	167.0577	1.737019	2.748754	0.4960516	0.683718	0.316282	1.659944
3558	-3419.029	-3586.428	167.3992	1.736101	2.38273	0.4960516	0.617549	0.382451	1.540583
3564	-3414.642	-3581.431	166.7884	1.709478	3.154136	0.4960516	0.599395	0.400605	1.746359
3570	-3409.737	-3576.752	167.0155	1.697292	3.500322	0.4267072	0.582105	0.417895	1.582677
3576	-3418.123	-3584.457	166.3345	1.671413	3.494032	0.5639805	0.666588	0.333412	1.919
3582	-3412.642	-3579.006	166.3643	1.399009	2.89521	0.6092029	0.681731	0.318269	2.195353
3588	-3417.26	-3581.03	163.7697	1.269794	4.272776	0.6071941	0.545028	0.454972	3.542095
3594	-3402.735	-3568.071	165.3352	1.301276	2.17852	0.4307142	0.556536	0.443464	3.278618
3600	-3411.522	-3577.144	165.622	1.440488	3.61319	0.4307142	0.664161	0.335839	2.638851
3606	-3418.089	-3583.795	165.7062	1.367136	3.195669	0.4307142	0.632167	0.367833	2.730714
3612	-3427.633	-3593.707	166.0737	1.360852	3.195669	0.4876665	0.630941	0.369059	2.444829
3618	-3420.775	-3586.555	165.7799	1.458594	3.195669	0.5526788	0.563884	0.436116	2.502141
3624	-3415.626	-3582.354	166.7282	1.496257	3.195669	0.3854463	0.582074	0.417926	2.056429
3630	-3410.498	-3576.977	166.4791	1.451652	3.195669	0.3854463	0.692931	0.307069	2.24778
3636	-3404.118	-3569.941	165.8234	1.419271	2.964347	0.3854463	0.612935	0.387065	2.738731
3642	-3415.209	-3581.323	166.1137	1.441306	3.833451	0.3709686	0.733342	0.266658	2.353633
3648	-3417.613	-3584.138	166.5254	1.534165	3.833451	0.383513	0.669923	0.330077	2.009877
3654	-3424.327	-3589.548	165.2217	1.174261	2.473975	0.4665404	0.670422	0.329578	3.291992
3660	-3414.18	-3580.362	166.1817	1.452347	2.744876	0.476006	0.647935	0.352065	2.453395
3666	-3422.432	-3588.657	166.2252	1.389482	2.589016	0.6058201	0.630995	0.369005	2.383115
3672	-3425.693	-3591.83	166.1368	1.47784	2.589016	0.6058201	0.653406	0.346594	2.383115
3678	-3416.877	-3582.563	165.6854	1.363475	3.140373	0.5701429	0.617232	0.382768	2.617415
3684	-3417.993	-3584.148	166.1557	1.416171	3.149056	0.4255561	0.65852	0.34148	2.439215
3690	-3418.778	-3584.963	166.1851	1.525046	2.365897	0.5298164	0.530781	0.469219	2.46508
3696	-3408.004	-3574.197	166.1936	1.350845	2.338444	0.5298164	0.56109	0.43891	2.577229
3702	-3413.468	-3578.554	165.086	1.335997	2.338444	0.6003062	0.669041	0.330959	3.191896
3708	-3414.945	-3579.921	164.9759	1.312466	2.843485	0.5290969	0.655275	0.344725	3.191896
3714	-3412.329	-3577.844	165.5149	1.289588	3.247857	0.4323101	0.593977	0.406023	2.879821
3720	-3422.293	-3586.366	164.0728	1.158372	3.247857	0.3794488	0.664785	0.335215	3.863914
3726	-3422.115	-3586.333	164.2184	1.263152	3.236657	0.3794488	0.664785	0.335215	3.722308
3732	-3429.303	-3595.91	166.6071	1.581188	3.435543	0.5744601	0.717504	0.282496	1.798597
3738	-3422.879	-3589.717	166.8376	1.737511	2.798145	0.340068	0.641537	0.358463	1.99802
3744	-3407.019	-3573.444	166.425	1.391582	2.798145	0.500984	0.505431	0.494569	2.2959
3750	-3413.484	-3579.714	166.2306	1.391582	2.798145	0.500984	0.505431	0.494569	2.419251
3756	-3406.898	-3573.625	166.7275	1.525298	2.58318	0.500984	0.611082	0.388918	2.077736
3762	-3423.028	-3588.96	165.9323	1.416228	2.907205	0.5083868	0.611082	0.388918	2.552777
3768	-3414.07	-3581.427	167.3567	1.667026	2.907205	0.4334237	0.658804	0.341196	1.520874
3774	-3411.167	-3578.427	167.2606	1.611736	2.907205	0.4334237	0.592694	0.407306	1.631772
3780	-3418.287	-3585.124	166.8374	1.548273	2.907205	0.3668673	0.644983	0.355017	2.054494
3786	-3421.23	-3587.945	166.7152	1.618302	2.907205	0.3334434	0.599502	0.400498	2.135011
3792	-3405.192	-3571.787	166.5953	1.385781	2.289948	0.4921694	0.55822	0.44178	2.357778
3798	-3416.021	-3581.859	165.8377	1.438449	2.588974	0.5212954	0.570151	0.429849	2.674366
3804	-3421.725	-3586.987	165.2625	1.239799	2.740425	0.5212954	0.604683	0.395317	3.099669
3810	-3406.432	-3571.453	165.0212	1.302511	2.740425	0.5195487	0.606998	0.393002	3.207468
3816	-3399.501	-3564.741	165.2403	1.411342	2.740425	0.3535089	0.606998	0.393002	3.19296
3822	-3410.373	-3575.456	165.083	1.257883	2.740425	0.5119915	0.595363	0.404637	3.204538
3828	-3422.809	-3588.42	165.6114	1.214825	2.638772	0.4133039	0.576595	0.423405	3.046443
3834	-3416.192	-3582.494	166.3016	1.345124	2.638772	0.4460409	0.727235	0.272765	2.509069
3840	-3413.325	-3579.287	165.9621	1.387106	2.638772	0.4316333	0.649237	0.350763	2.709262
3846	-3422.21	-3588.499	166.2897	1.431903	3.467812	0.3899016	0.566145	0.433855	2.308029
3852	-3419.143	-3585.395	166.2525	1.474397	3.299484	0.4211194	0.571181	0.428819	2.308029
3858	-3413.545	-3579.794	166.2493	1.477586	3.299484	0.4211194	0.738698	0.261302	2.308029
3864	-3417.013	-3583.166	166.1528	1.442126	3.420723	0.4211194	0.581861	0.418139	2.362086
3870	-3415.815	-3581.392	165.5771	1.437306	3.317814	0.4211194	0.578168	0.421832	2.747865
3876	-3416.789	-3582.693	165.904	1.390263	3.406027	0.5132399	0.605687	0.394313	2.454418
3882	-3416.335	-3581.971	165.6357	1.402486	3.403956	0.5132399	0.644519	0.355481	2.614407
3888	-3412.629	-3578.641	166.0122	1.438428	3.325413	0.417058	0.618907	0.381093	2.481007
3894	-3401.88	-3567.394	165.514	1.357107	3.325413	0.3529222	0.581489	0.418511	2.914831
3900	-3409.345	-3574.519	165.1746	1.378002	3.325413	0.3529222	0.61653	0.38347	3.105824
3906	-3407.696	-3572.646	164.9494	1.416526	2.95704	0.5014789	0.622678	0.377322	3.142905
3912	-3402.517	-3567.562	165.045	1.320955	2.95704	0.5014789	0.59046	0.40954	3.142905
3918	-3402.479	-3566.862	164.3828	1.281502	3.666409	0.5014789	0.646816	0.353184	3.392373
3924	-3421.076	-3586.132	165.0562	1.257433	2.14781	0.5158302	0.638042	0.361958	3.392373
3930	-3419.535	-3584.189	164.6543	1.183465	2.14781	0.5059546	0.638042	0.361958	3.678874
3936	-3413.317	-3577.886	164.569	1.22751	2.14781	0.5059546	0.638949	0.361051	3.702741
3942	-3428.748	-3593.474	164.7261	1.167508	3.314323	0.3746984	0.449689	0.550311	3.470649
3948	-3421.631	-3586.887	165.2567	1.304311	2.925535	0.4432515	0.551064	0.448936	3.094539
3954	-3412.558	-3578.064	165.5063	1.211048	3.284439	0.4432515	0.682136	0.317864	2.911715
3960	-3414.861	-3580.138	165.2769	1.316054	4.06413	0.3613074	0.570758	0.429242	2.911715
3966	-3414.312	-3580.89	166.5774	1.405374	3.11155	0.3613074	0.53516	0.46484	2.267705
3972	-3402.564	-3569.132	166.5684	1.708995	3.11155	0.3613074	0.605599	0.394401	2.076309
3978	-3403.259	-3570.643	167.3844	1.75284	2.576314	0.3613074	0.699628	0.300372	1.650598
3984	-3410.038	-3577.232	167.1939	1.610898	2.656852	0.455238	0.658335	0.341665	1.732416
3990	-3413.908	-3581.145	167.237	1.706149	2.691341	0.4142292	0.606458	0.393542	1.676023
3996	-3411.913	-3578.417	166.5045	1.608559	3.525519	0.4515267	0.724351	0.275649	1.963085
4002	-3403.221	-3570.514	167.2926	1.618671	3.229167	0.3366715	0.722308	0.277692	1.645101
4008	-3414.835	-3581.678	166.8434	1.62168	2.865226	0.3995819	0.655486	0.344514	1.970716
4014	-3413.75	-3581.228	167.4779	1.60074	2.261258	0.4378914	0.526359	0.473641	1.700382
4020	-3410.178	-3577.137	166.9587	1.651296	2.929727	0.4378914	0.526359	0.473641	1.804198
4026	-3407.933	-3575.1	167.1672	1.675793	2.929727	0.44861	0.60897	0.39103	1.626113
4032	-3405.308	-3572.338	167.0299	1.601921	3.373789	0.44861	0.625439	0.374561	1.647457
4038	-3398.356	-3565.289	166.9332	1.640122	2.615795	0.4675723	0.744817	0.255183	1.890779
4044	-3403.363	-3570.209	166.8458	1.552289	2.615795	0.4675723	0.608332	0.391668	2.008667
4050	-3430.628	-3595.544	164.9158	1.218927	3.337984	0.4012515	0.646285	0.353715	3.29308
4056	-3421.925	-3587.95	166.0252	1.320476	3.801016	0.3968338	0.620051	0.379949	2.460602
4062	-3426.212	-3592.247	166.0354	1.341131	3.280461	0.4578992	0.596817	0.403183	2.492058
4068	-3403.343	-3567.955	164.6122	1.221786	2.8082	0.4402161	0.669831	0.330169	3.556151
4074	-3412.223	-3575.185	162.962	1.141071	3.696185	0.4924916	0.595522	0.404478	4.29283
4080	-3413.773	-3576.789	163.0158	0.9252582	2.779295	0.3896844	0.634325	0.365675	4.695629
4086	-3412.831	-3576.285	163.4538	1.081349	3.539006	0.366416	0.701779	0.298221	4.212208
4092	-3405.933	-3569.462	163.5294	0.9914776	3.539006	0.3734687	0.603282	0.396718	4.212208
4098	-3408.872	-3572.193	163.3206	1.200888	3.568527	0.3351597	0.629661	0.370339	4.251042
4104	-3414.679	-3579.151	164.4716	1.107633	3.52938	0.3490325	0.640766	0.359234	3.636552
4110	-3416.18	-3580.596	164.4158	1.200146	3.52938	0.3165174	0.640766	0.359234	3.656321
4116	-3428.068	-3591.382	163.314	1.126206	3.649125	0.3165174	0.600431	0.399569	4.30371
4122	-3421.427	-3585.014	163.5875	1.089598	3.649125	0.4038972	0.578952	0.421048	4.066321
4128	-3420.586	-3584.479	163.8935	1.209004	2.476786	0.4936351	0.557525	0.442475	4.01418
4134	-3433.696	-3597.585	163.8892	1.038062	2.476786	0.4898221	0.621345	0.378655	4.117711
4140	-3412.35	-3575.699	163.3493	1.151911	3.077909	0.3664986	0.583967	0.416033	4.333979
4146	-3420.84	-3585.318	164.4781	1.110154	3.077909	0.4410198	0.553849	0.446151	3.630418
4152	-3414.151	-3579.741	165.5903	1.22197	2.883118	0.4553174	0.632178	0.367822	2.942198
4158	-3411.683	-3578.329	166.6455	1.434577	2.883118	0.3133948	0.676094	0.323906	2.333755
4164	-3406.463	-3572.877	166.4143	1.35796	2.986269	0.4047533	0.681971	0.318029	2.380353
4170	-3417.435	-3583.16	165.7251	1.411272	2.972565	0.4047533	0.65627	0.34373	2.778556
4176	-3415.929	-3581.054	165.1254	1.204234	2.915211	0.4965915	0.588795	0.411205	3.180018
4182	-3420.304	-3585.331	165.0263	1.185285	2.915211	0.4965915	0.562439	0.437561	3.249914
4188	-3425.399	-3590.502	165.1029	1.180294	3.0806	0.4506632	0.651818	0.348182	3.212655
4194	-3431.888	-3595.963	164.075	1.180294	2.277098	0.5731475	0.670662	0.329338	3.913271
4200	-3418.372	-3584.187	165.8155	1.301322	2.513184	0.4787251	0.624185	0.375815	2.837097
4206	-3424.298	-3590.938	166.64	1.472866	2.513184	0.4787251	0.602344	0.397656	2.215354
4212	-3417.069	-3582.885	165.8158	1.344429	2.513184	0.4604239	0.602344	0.397656	2.829895
4218	-3424.23	-3588.811	164.5813	1.266106	3.749326	0.4604239	0.60211	0.39789	3.308345
4224	-3418.412	-3583.187	164.7745	1.342696	4.334335	0.4846209	0.66397	0.33603	3.007137
4230	-3418.869	-3584.023	165.1535	1.335213	3.384316	0.4607326	0.761318	0.238682	3.007137
4236	-3408.706	-3574.31	165.6044	1.284045	2.400426	0.4607326	0.590032	0.409968	3.027395
4242	-3413.536	-3577.492	163.9562	1.151648	2.865445	0.4607326	0.560445	0.439555	3.939453
4248	-3417.168	-3583.025	165.8569	1.409922	2.865445	0.3427411	0.644486	0.355514	2.803707
4254	-3417.041	-3582.754	165.7134	1.333108	2.865445	0.4566059	0.644486	0.355514	2.803707
4260	-3425.565	-3591.792	166.2272	1.396296	3.165346	0.3190537	0.624989	0.375011	2.538012
4266	-3424.603	-3591.522	166.9194	1.43819	2.915717	0.3101406	0.628448	0.371552	2.150706
4272	-3420.126	-3584.887	164.7611	1.228585	2.599815	0.56811	0.471728	0.528272	3.398295
4278	-3418.703	-3583.028	164.3251	1.228984	2.599815	0.4826536	0.605457	0.394543	3.73117
4284	-3412.561	-3578.354	165.7932	1.380595	2.753212	0.4826536	0.739231	0.260769	2.729246
4290	-3419.304	-3584.236	164.9322	1.135724	2.753212	0.4462278	0.623097	0.376903	3.427807
4296	-3407.522	-3570.635	163.1133	1.089832	2.753212	0.4733541	0.596059	0.403941	4.469077
4302	-3416.136	-3580.713	164.5776	1.118466	2.753212	0.3312083	0.693302	0.306698	3.775463
4308	-3412.649	-3577.764	165.1147	1.283383	3.87068	0.3524368	0.732168	0.267832	3.079111
4314	-3414.757	-3579.709	164.9516	1.424455	2.733778	0.6305302	0.581367	0.418633	3.079111
4320	-3408.456	-3573.747	165.2904	1.291687	2.733778	0.4802422	0.606139	0.393861	3.094365
4326	-3410.341	-3576.382	166.0407	1.404466	2.652582	0.4802422	0.622421	0.377579	2.593303
4332	-3406.077	-3571.872	165.7952	1.439552	2.652582	0.665213	0.604156	0.395844	2.550521
4338	-3404.856	-3570.436	165.58	1.381157	2.652582	0.4173509	0.594108	0.405892	2.956992
4344	-3404.525	-3570.929	166.4033	1.443693	2.652582	0.5178038	0.659746	0.340254	2.301648
4350	-3414.956	-3580.862	165.9059	1.423014	2.658054	0.3395782	0.596042	0.403958	2.82739
4356	-3421.054	-3587.119	166.0647	1.498624	2.794009	0.4468714	0.596042	0.403958	2.515604
4362	-3415.324	-3581.089	165.7643	1.525838	3.073991	0.4468714	0.492695	0.507305	2.610083
4368	-3417.322	-3583.865	166.5432	1.525838	2.665922	0.4468714	0.637363	0.362637	2.232414
4374	-3416.085	-3583.168	167.0838	1.525838	3.500999	0.2850137	0.595184	0.404816	1.864807
4380	-3422.649	-3588.47	165.8211	1.349503	3.368139	0.2850137	0.595184	0.404816	2.815611
4386	-3419.849	-3584.959	165.1093	1.231414	2.856225	0.4441323	0.724005	0.275995	3.242385
4392	-3411.047	-3576.067	165.0199	1.251058	2.930917	0.4578885	0.761619	0.238381	3.2499
4398	-3407.463	-3573.52	166.0575	1.271203	2.785961	0.4578885	0.584399	0.415601	2.651262
4404	-3408.574	-3574.129	165.5545	1.380361	2.755195	0.5009594	0.714843	0.285157	2.855546
4410	-3401.164	-3567.434	166.2704	1.567139	3.6568	0.5009594	0.702306	0.297694	2.058025
4416	-3418.198	-3585.145	166.9462	1.529456	2.464224	0.4285534	0.684295	0.315705	2.052213
4422	-3422.326	-3588.479	166.1528	1.479274	2.710886	0.3905315	0.660196	0.339804	2.561951
4428	-3409.798	-3576.232	166.4337	1.421976	2.710886	0.5362796	0.635904	0.364096	2.259845
4434	-3408.197	-3574.313	166.1157	1.431151	2.710886	0.5362796	0.6717	0.3283	2.455824
4440	-3411.14	-3577.459	166.3187	1.527438	3.03257	0.6002641	0.6717	0.3283	2.111453
4446	-3425.581	-3592.879	167.2981	1.630082	3.03257	0.4200497	0.709028	0.290972	1.570027
4452	-3423.833	-3591.23	167.3974	1.661456	3.03257	0.4200497	0.816286	0.183714	1.472719
4458	-3424.495	-3592.028	167.5326	1.811163	3.03257	0.308946	0.808126	0.191874	1.429928
4464	-3424.9	-3592.283	167.3828	1.675543	3.03257	0.308946	0.685936	0.314064	1.641705
4470	-3430.876	-3598.074	167.1975	1.752396	3.084765	0.4192817	0.657808	0.342192	1.538992
4476	-3425.162	-3592.482	167.3206	2.001528	3.084765	0.4192817	0.675635	0.324365	1.248142
4482	-3411.713	-3579.314	167.6015	1.88897	2.737004	0.4192817	0.579829	0.420171	1.234041
4488	-3418.589	-3585.969	167.38	1.809907	3.273531	0.4679076	0.631992	0.368008	1.221481
4494	-3421.759	-3588.622	166.8637	1.663979	2.563582	0.4679076	0.644249	0.355751	1.93819
4500	-3416.415	-3583.055	166.6405	1.527367	2.563582	0.4184416	0.603028	0.396972	2.233501
4506	-3435.635	-3602.583	166.948	1.636266	3.197725	0.4457661	0.603655	0.396345	1.734226
4512	-3406.911	-3572.847	165.9355	1.47173	3.082258	0.3871062	0.67976	0.32024	2.604804
4518	-3403.484	-3569.387	165.9026	1.390661	3.082258	0.3871062	0.688747	0.311253	2.675147
4524	-3402.598	-3567.965	165.3668	1.433801	2.853561	0.4678736	0.578388	0.421612	2.943859
4530	-3409.277	-3575.299	166.0222	1.4903	3.23369	0.505426	0.578388	0.421612	2.367348
4536	-3415.087	-3581.319	166.2324	1.480451	3.22268	0.3954954	0.582775	0.417225	2.367348
4542	-3407.704	-3574.343	166.6394	1.522228	3.465757	0.3503423	0.699849	0.300151	2.075481
4548	-3411.912	-3577.782	165.8705	1.405535	3.465757	0.3503423	0.614632	0.385368	2.63825
4554	-3406.644	-3573.041	166.3969	1.454244	3.482301	0.373077	0.599222	0.400778	2.242995
4560	-3408.335	-3574.694	166.3592	1.488781	2.479326	0.4716174	0.584182	0.415818	2.402872
4566	-3418.49	-3584.825	166.335	1.584741	3.987272	0.3879523	0.585851	0.414149	2.061715
4572	-3423.305	-3589.15	165.8452	1.52228	3.156708	0.5901964	0.666441	0.333559	2.395526
4578	-3418.31	-3583.195	164.8854	1.329701	3.156708	0.5782102	0.653446	0.346554	3.111334
4584	-3425.675	-3589.486	163.8111	1.259398	3.156708	0.3611089	0.523734	0.476266	3.998327
4590	-3432.684	-3597.658	164.9745	1.351573	3.102558	0.3611089	0.504491	0.495509	3.283144
4596	-3417.539	-3583.369	165.8303	1.50723	3.102558	0.4201776	0.668189	0.331811	2.60354
4602	-3415.76	-3581.961	166.2006	1.559397	3.102558	0.4201776	0.661207	0.338793	2.338639
4608	-3406.642	-3573.133	166.4916	1.543781	3.102558	0.4201776	0.554844	0.445156	2.161592
4614	-3409.117	-3575.671	166.5537	1.572222	2.902691	0.3509068	0.612693	0.387307	2.246587
4620	-3407.985	-3574.381	166.3966	1.57477	3.107572	0.5178971	0.582828	0.417172	2.091449
4626	-3422.004	-3588.983	166.9788	1.488663	2.715459	0.3859635	0.566976	0.433024	2.031791
4632	-3421.917	-3588.838	166.9214	1.546025	2.715459	0.3859635	0.566976	0.433024	2.031791
4638	-3410.726	-3577.385	166.6591	1.546626	3.327085	0.3859635	0.646474	0.353526	2.033562
4644	-3410.401	-3576.692	166.2912	1.504882	4.04529	0.3928643	0.605513	0.394487	2.123895
4650	-3411.152	-3577.372	166.2201	1.538206	4.04529	0.3648065	0.592406	0.407594	2.185031
4656	-3417.551	-3583.588	166.0362	1.557983	4.165636	0.3070582	0.706409	0.293591	2.345199
4662	-3409.075	-3575.538	166.463	1.585806	3.886183	0.3070582	0.624688	0.375312	2.112396
4668	-3412.57	-3579.302	166.7315	1.585806	2.622554	0.4231906	0.689004	0.310996	2.112396
4674	-3408.855	-3574.89	166.0344	1.47407	3.512088	0.5466496	0.653619	0.346381	2.259303
4680	-3411.934	-3577.479	165.5455	1.385068	3.024247	0.6143908	0.579046	0.420954	2.680029
4686	-3404.672	-3569.94	165.2684	1.402766	3.11409	0.7013797	0.579046	0.420954	2.743439
4692	-3416.329	-3582.471	166.1418	1.619584	2.563563	0.7013797	0.554115	0.445885	2.213572
4698	-3415.752	-3581.313	165.5608	1.600794	4.195236	0.8231022	0.635145	0.364855	2.091091
4704	-3418.882	-3585.394	166.5128	1.467767	3.924626	0.3466259	0.683827	0.316173	2.091261
4710	-3418.407	-3584.93	166.5237	1.555989	3.64342	0.3466259	0.617687	0.382313	2.091261
4716	-3415.907	-3581.976	166.0692	1.406885	3.64342	0.4727536	0.639267	0.360733	2.326218
4722	-3406.832	-3572.427	165.5951	1.375179	2.960027	0.4695925	0.639267	0.360733	2.811251
4728	-3416.122	-3581.398	165.276	1.334288	2.683226	0.4695925	0.707983	0.292017	3.102305
4734	-3415.235	-3581.012	165.7773	1.359175	2.980741	0.3809745	0.707983	0.292017	2.80464
4740	-3409.832	-3575.707	165.8755	1.302367	3.117936	0.3809745	0.563509	0.436491	2.744274
4746	-3413.598	-3579.03	165.4317	1.415378	3.117936	0.3940038	0.584051	0.415949	2.929504
4752	-3409.86	-3574.907	165.047	1.249702	3.117936	0.4015358	0.528924	0.471076	3.249185
4758	-3403.805	-3569.208	165.4033	1.331435	3.266387	0.3779873	0.579087	0.420913	2.98003
4764	-3400.8	-3565.903	165.1032	1.27288	3.122756	0.3779873	0.548699	0.451301	3.228411
4770	-3404.174	-3569.043	164.8683	1.311024	3.122756	0.5263886	0.548699	0.451301	3.188359
4776	-3400.255	-3565.81	165.5553	1.382317	3.122756	0.3458835	0.516323	0.483677	2.932717
4782	-3404.323	-3569.562	165.2381	1.32918	2.484644	0.3458835	0.516323	0.483677	3.324062
4788	-3411.99	-3577.174	165.1844	1.349941	2.484644	0.3155373	0.593812	0.406188	3.382454
4794	-3411.303	-3576.354	165.0506	1.350854	3.805056	0.3155373	0.638681	0.361319	3.138518
4800	-3407.263	-3572.94	165.6775	1.308832	3.793594	0.3489181	0.594415	0.405585	2.744609
4806	-3413.719	-3579.374	165.6553	1.331021	3.793594	0.3489181	0.588548	0.411452	2.744609
4812	-3416.049	-3580.432	164.3833	1.268642	3.793594	0.3387978	0.588548	0.411452	3.551436
4818	-3424.021	-3588.883	164.8619	1.248308	3.793594	0.3075169	0.669141	0.330859	3.32398
4824	-3424.698	-3590.273	165.5751	1.30784	3.662949	0.3820564	0.64102	0.35898	2.794704
4830	-3419.024	-3584.517	165.4928	1.413478	3.662949	0.3456844	0.700256	0.299744	2.825958
4836	-3411.165	-3576.894	165.7294	1.43737	3.782835	0.4628315	0.667264	0.332736	2.500699
4842	-3412.824	-3578.732	165.9077	1.455994	3.782835	0.3028709	0.667264	0.332736	2.577236
4848	-3408.144	-3574.285	166.1414	1.35203	2.941952	0.3799664	0.667264	0.332736	2.59702
4854	-3408.929	-3575.25	166.3208	1.54995	3.602152	0.4491679	0.70586	0.29414	2.107714
4860	-3404.613	-3571.2	166.5867	1.523847	2.733474	0.4237915	0.651233	0.348767	2.212559
4866	-3407.472	-3573.762	166.2905	1.555773	2.564684	0.6027454	0.651233	0.348767	2.245683
4872	-3414.876	-3580.003	165.1266	1.348103	3.730269	0.3979761	0.674809	0.325191	3.007897
4878	-3401.007	-3566.527	165.5201	1.374599	3.730269	0.4503857	0.674809	0.325191	2.694271
4884	-3416.331	-3582.482	166.1516	1.374599	2.956788	0.4545611	0.515434	0.484566	2.485536
4890	-3414.2	-3579.83	165.6304	1.422653	2.639618	0.3956304	0.515434	0.484566	2.930283
4896	-3409.879	-3575.457	165.5779	1.362042	3.041552	0.3628253	0.59353	0.40647	2.930283
4902	-3418.277	-3583.588	165.311	1.31288	3.041552	0.3668075	0.59353	0.40647	3.114779
4908	-3410.4	-3575.431	165.0308	1.291654	3.041552	0.385721	0.623148	0.376852	3.270948
4914	-3417.004	-3582.607	165.6024	1.400397	3.041552	0.3913905	0.661919	0.338081	2.857661
4920	-3420.997	-3587.019	166.0224	1.378805	3.041552	0.3913905	0.4671	0.5329	2.613883
4926	-3411.849	-3577.882	166.0336	1.319286	3.041552	0.4381738	0.492954	0.507046	2.589314
4932	-3400.777	-3565.786	165.0083	1.248689	3.756801	0.4381738	0.596515	0.403485	3.087471
4938	-3417.325	-3581.819	164.4938	1.225895	3.756801	0.4381738	0.630148	0.369852	3.40509
4944	-3412.053	-3577.791	165.7377	1.23036	2.401074	0.4007598	0.630148	0.369852	3.045373
4950	-3426.254	-3591.552	165.2985	1.167234	2.401074	0.4007598	0.630148	0.369852	3.343166
4956	-3430.905	-3595.561	164.6561	1.276454	2.401074	0.6617223	0.630148	0.369852	3.410612
4962	-3430.46	-3595.147	164.6871	1.302886	2.401074	0.6617223	0.51992	0.48008	3.376944
4968	-3432.487	-3598.042	165.5553	1.468214	2.401074	0.5441828	0.714623	0.285377	2.862929
4974	-3427.232	-3593.289	166.0562	1.493952	2.834672	0.4533871	0.714623	0.285377	2.505237
4980	-3429.517	-3596.098	166.5814	1.483039	2.834672	0.3473309	0.620089	0.379911	2.310016
4986	-3433.023	-3598.219	165.1962	1.511671	4.004619	0.6433694	0.620928	0.379072	2.564884
4992	-3442.404	-3609.508	167.1044	1.628678	3.812394	0.3666979	0.672732	0.327268	1.570261
4998	-3437.475	-3603.956	166.4817	1.53536	3.812394	0.3644961	0.584951	0.415049	2.068305
5004	-3433.1	-3599.487	166.3873	1.480575	3.489955	0.4159424	0.498519	0.501481	2.176389
5010	-3435.752	-3600.674	164.9214	1.27144	2.839522	0.4662743	0.674404	0.325596	3.310964
5016	-3424.597	-3589.577	164.98	1.263489	2.839522	0.5429073	0.719607	0.280393	3.206604
5022	-3421.259	-3586.928	165.6685	1.348246	3.617701	0.3928588	0.663866	0.336134	2.710006
5028	-3423.314	-3589.149	165.8348	1.364693	3.84184	0.4008404	0.709971	0.290029	2.538226
5034	-3418.454	-3583.34	164.886	1.383993	3.84184	0.6032992	0.709971	0.290029	2.901743
5040	-3422.071	-3587.206	165.1357	1.532153	3.31364	0.6660092	0.614159	0.385841	2.725044
5046	-3419.935	-3585.379	165.4436	1.466946	3.415544	0.5467152	0.667608	0.332392	2.657671
5052	-3415.9	-3581.664	165.7636	1.46822	2.984245	0.5490863	0.667608	0.332392	2.564413
5058	-3408.382	-3574.134	165.7524	1.427122	2.984245	0.4748597	0.646964	0.353036	2.671403
5064	-3416.905	-3582.613	165.7081	1.397458	3.030722	0.507245	0.49536	0.50464	2.671403
5070	-3412.537	-3577.465	164.9283	1.217964	3.111978	0.507245	0.49536	0.50464	3.228903
5076	-3409.475	-3574.006	164.5317	1.092012	3.111978	0.4185791	0.589027	0.410973	3.625593
5082	-3423.186	-3588.844	165.6577	1.273105	3.353085	0.4112663	0.604623	0.395377	2.801756
5088	-3421.505	-3586.808	165.3022	1.275579	3.195312	0.4036987	0.604623	0.395377	3.060964
5094	-3422.758	-3587.965	165.2069	1.392724	3.700315	0.3141078	0.696079	0.303921	3.044378
5100	-3428.536	-3594.655	166.119	1.513466	2.856614	0.3277419	0.628432	0.371568	2.60171
5106	-3433.198	-3599.808	166.6094	1.565311	2.967237	0.3277419	0.618042	0.381958	2.22928
5112	-3423.046	-3589.321	166.2752	1.419768	3.071115	0.3403146	0.697034	0.302966	2.488562
5118	-3417.248	-3582.861	165.6127	1.383556	3.071115	0.4139724	0.616758	0.383242	2.827862
5124	-3408.824	-3574.631	165.8071	1.424093	2.789248	0.4357362	0.638307	0.361693	2.734486
5130	-3419.468	-3585.969	166.5013	1.452588	3.019543	0.4230937	0.699482	0.300518	2.233313
5136	-3418.495	-3584.797	166.3023	1.378014	3.040341	0.446911	0.60216	0.39784	2.374741
5142	-3420.192	-3584.759	164.5669	1.308528	3.344822	0.7164272	0.572232	0.427768	3.15534
5148	-3412.081	-3577.28	165.1993	1.294673	3.26105	0.4907653	0.632251	0.367749	3.002112
5154	-3416.955	-3582.949	165.994	1.367807	2.369351	0.541203	0.588671	0.411329	2.669121
5160	-3416.305	-3581.983	165.6782	1.25465	2.369351	0.3967237	0.640578	0.359422	3.080721
5166	-3417.444	-3582.828	165.3842	1.401353	3.074431	0.3967237	0.561584	0.438416	2.974208
5172	-3407.391	-3572.568	165.1771	1.376938	3.074431	0.5403501	0.561584	0.438416	2.963369
5178	-3424.062	-3589.109	165.0474	1.229643	2.528062	0.5403501	0.589918	0.410082	3.274779
5184	-3417.751	-3583.12	165.3695	1.310525	2.528062	0.5403501	0.513538	0.486462	3.03528
5190	-3419.655	-3584.393	164.7376	1.377369	3.005926	0.5403501	0.643807	0.356193	3.242315
5196	-3419.883	-3585.294	165.4114	1.389886	3.005926	0.4559385	0.642079	0.357921	2.9162
5202	-3415.943	-3582.195	166.2518	1.376637	3.030775	0.41403	0.553724	0.446276	2.448045
5208	-3423.017	-3589.645	166.6278	1.541042	3.030775	0.41403	0.646036	0.353964	2.10154
5214	-3412.495	-3578.985	166.4895	1.56919	2.952886	0.4607564	0.644861	0.355139	2.13985
5220	-3422.385	-3589.106	166.7216	1.442455	3.911334	0.3808346	0.688793	0.311207	1.925312
5226	-3433.552	-3600.008	166.4564	1.594544	2.737468	0.387347	0.552474	0.447526	2.294444
5232	-3425.29	-3590.472	165.1814	1.331764	2.505478	0.5029136	0.497895	0.502105	3.177134
5238	-3419.446	-3585.253	165.8066	1.457948	3.382277	0.3626296	0.635903	0.364097	2.649207
5244	-3404.278	-3570.64	166.3613	1.544678	3.184691	0.3688306	0.648683	0.351317	2.287841
5250	-3411.981	-3578.536	166.5545	1.522773	3.184691	0.3747001	0.610331	0.389669	2.169796
5256	-3413.365	-3579.796	166.4306	1.525705	3.184691	0.4036835	0.638644	0.361356	2.211308
5262	-3416.953	-3582.944	165.991	1.33832	3.184691	0.4036835	0.510603	0.489397	2.607118
5268	-3419.626	-3585.707	166.0815	1.470196	2.888598	0.4364155	0.500882	0.499118	2.508458
5274	-3439.407	-3604.256	164.8486	1.396575	3.078067	0.5802667	0.552248	0.447752	3.110903
5280	-3415.751	-3580.606	164.855	1.216074	3.123527	0.6241551	0.572262	0.427738	3.165411
5286	-3408.359	-3572.942	164.5828	1.366309	3.123527	0.7147699	0.485457	0.514543	3.165411
5292	-3413.822	-3578.298	164.4764	1.393464	3.123527	1.02512	0.515424	0.484576	3.005931
5298	-3422.903	-3587.749	164.8462	1.314617	3.123527	0.4881719	0.630892	0.369108	3.236215
5304	-3416.28	-3582.398	166.1178	1.50256	2.731685	0.5133128	0.518101	0.481899	2.426722
5310	-3416.213	-3581.634	165.4212	1.362612	3.108058	0.5489866	0.695125	0.304875	2.807824
5316	-3414.01	-3578.766	164.756	1.337554	3.108058	0.5694979	0.578256	0.421744	3.203141
5322	-3430.833	-3596.682	165.8492	1.42016	3.257262	0.4816676	0.53175	0.46825	2.539081
5328	-3421.886	-3586.76	164.8745	1.359299	3.425045	0.4816676	0.638114	0.361886	3.128528
5334	-3419.006	-3585.014	166.0083	1.374608	2.519273	0.4816676	0.528288	0.471712	2.669635
5340	-3421.188	-3586.07	164.8818	1.280152	2.906476	0.4682601	0.528059	0.471941	3.309778
5346	-3427.121	-3592.294	165.1728	1.305097	2.146614	0.4494524	0.607266	0.392734	3.362422
5352	-3439.982	-3605.748	165.7658	1.393346	2.681636	0.4781818	0.523372	0.476628	2.762978
5358	-3424.614	-3591.067	166.4531	1.469712	2.681636	0.4781818	0.553506	0.446494	2.286487
5364	-3420.168	-3585.777	165.6093	1.392482	4.021853	0.4781818	0.61727	0.38273	2.535864
5370	-3405.99	-3571.348	165.358	1.419072	4.021853	0.5159509	0.631224	0.368776	2.636305
5376	-3404.676	-3570.091	165.4155	1.334772	2.96301	0.4563558	0.631224	0.368776	2.95755
5382	-3404.051	-3569.653	165.6025	1.337973	2.96301	0.4205165	0.631224	0.368776	2.88192
5388	-3413.24	-3579.003	165.7627	1.515925	2.88871	0.5982914	0.626146	0.373854	2.514979
5394	-3422.527	-3586.887	164.3598	1.409039	4.196722	0.5488085	0.714167	0.285833	3.179212
5400	-3414.256	-3579.961	165.7047	1.45801	3.337863	0.3788533	0.669099	0.330901	2.702195
5406	-3416.478	-3582.177	165.6988	1.389282	3.337863	0.42909	0.639368	0.360632	2.688896
5412	-3425.199	-3590.047	164.8479	1.324045	3.337863	0.3596928	0.678657	0.321343	3.320002
5418	-3417.058	-3581.92	164.8621	1.328025	3.588606	0.5134987	0.713031	0.286969	3.086584
5424	-3425.022	-3589.86	164.8387	1.414423	3.687641	0.4602367	0.654677	0.345323	3.081047
5430	-3421.687	-3586.382	164.6948	1.449576	3.687641	0.4962999	0.583512	0.416488	3.109244
5436	-3413.418	-3578.479	165.0612	1.39331	3.226685	0.4962999	0.684316	0.315684	3.028428
5442	-3415.385	-3581.29	165.9044	1.421366	2.82055	0.3898484	0.527625	0.472375	2.721061
5448	-3399.794	-3565.706	165.9118	1.502018	2.82055	0.593979	0.561307	0.438693	2.453177
5454	-3411.223	-3577.146	165.9226	1.477215	2.731366	0.593979	0.546218	0.453782	2.487252
5460	-3404.707	-3570.338	165.6312	1.393618	2.800374	0.3773646	0.546218	0.453782	2.924455
5466	-3403.468	-3570.131	166.6627	1.422891	2.800374	0.4735612	0.503932	0.496068	2.151495
5472	-3401.937	-3568.735	166.7985	1.637822	2.510547	0.4735612	0.599018	0.400982	2.010126
5478	-3413.264	-3579.725	166.4606	1.476953	2.510547	0.4469041	0.658935	0.341065	2.363867
5484	-3406.425	-3572.295	165.8691	1.303739	2.283267	0.4185988	0.597564	0.402436	2.938767
5490	-3410.756	-3576.263	165.5067	1.222542	2.283267	0.3715339	0.634158	0.365842	3.257822
5496	-3412.517	-3578.344	165.8277	1.304523	2.283267	0.4254465	0.601831	0.398169	2.955537
5502	-3425.611	-3591.056	165.4448	1.329833	2.495963	0.4254465	0.695013	0.304987	3.104739
5508	-3424.411	-3589.223	164.8118	1.264486	2.495963	0.3018878	0.695013	0.304987	3.664277
5514	-3419.3	-3584.366	165.0662	1.242005	2.800407	0.3018878	0.669154	0.330846	3.446138
5520	-3411.688	-3575.914	164.2262	1.271449	3.226645	0.4392998	0.576122	0.423878	3.649514
5526	-3405.807	-3570.355	164.5485	1.236188	3.226645	0.4392998	0.514191	0.485809	3.482589
5532	-3412.914	-3578.028	165.1139	1.312124	3.226645	0.3376198	0.70081	0.29919	3.223516
5538	-3415.09	-3580.092	165.0019	1.332183	3.226645	0.3820228	0.712361	0.287639	3.223516
5544	-3414.703	-3579.696	164.993	1.33562	3.226645	0.3820228	0.625272	0.374728	3.226743
5550	-3419.606	-3585.191	165.5848	1.340638	3.53198	0.3691327	0.61992	0.38008	2.813905
5556	-3411.548	-3576.168	164.6205	1.270019	4.259895	0.4409332	0.667312	0.332688	3.201788
5562	-3405.985	-3571.498	165.5134	1.281574	4.259895	0.3618765	0.683043	0.316957	2.749521
5568	-3404.762	-3570.184	165.4216	1.327051	3.175063	0.3519027	0.601212	0.398788	3.025733
5574	-3404.686	-3571.058	166.3717	1.449476	3.257348	0.4633849	0.602212	0.397788	2.209304
5580	-3404.819	-3571.359	166.5401	1.548331	3.362018	0.3537543	0.691631	0.308369	2.144795
5586	-3404.404	-3571.171	166.767	1.655835	3.499094	0.4128293	0.559297	0.440703	1.807156
5592	-3406.693	-3572.9	166.2066	1.631094	2.869763	0.5920014	0.672936	0.327064	2.170553
5598	-3415.597	-3581.434	165.8368	1.529376	2.819399	0.4054942	0.67067	0.32933	2.678003
5604	-3416.739	-3583.543	166.8034	1.541262	2.819399	0.4270192	0.67067	0.32933	2.030022
5610	-3420.934	-3587.318	166.3839	1.702904	2.819399	0.4328904	0.67067	0.32933	2.191959
5616	-3413.222	-3578.72	165.4979	1.382089	3.011039	0.4328904	0.489362	0.510638	2.892362
5622	-3420.96	-3586.157	165.1977	1.321558	2.673822	0.4328904	0.602689	0.397311	3.197771
5628	-3413.411	-3579.096	165.6854	1.367957	3.194477	0.4328904	0.602689	0.397311	2.740822
5634	-3414.058	-3580.044	165.9862	1.494795	3.194477	0.4328904	0.602689	0.397311	2.476221
5640	-3426.869	-3592.544	165.6749	1.474704	3.803459	0.4328904	0.602068	0.397932	2.540178
5646	-3418.581	-3584.897	166.3158	1.388492	2.803771	0.4808186	0.704195	0.295805	2.387153
5652	-3407.473	-3573.696	166.2235	1.421721	2.938091	0.4808186	0.558483	0.441517	2.387153
5658	-3418.931	-3584.084	165.1528	1.399231	3.122483	0.4472447	0.466385	0.533615	3.045987
5664	-3416.486	-3581.974	165.4884	1.253593	2.546481	0.4194082	0.696584	0.303416	3.116164
5670	-3419.455	-3584.013	164.5577	1.237534	2.537912	0.4012838	0.648715	0.351285	3.693817
5676	-3409.006	-3573.239	164.2327	1.278589	2.657198	0.5317192	0.597023	0.402977	3.693817
5682	-3415.337	-3579.736	164.3993	1.222686	3.006579	0.3986973	0.556449	0.443551	3.673984
5688	-3426.061	-3591.352	165.2913	1.340876	4.037621	0.3986973	0.568296	0.431704	2.848137
5694	-3425.966	-3590.495	164.5296	1.268058	2.749238	0.4688269	0.537759	0.462241	3.563398
5700	-3432.678	-3598.685	166.0077	1.424684	3.439242	0.45011	0.550634	0.449366	2.426995
5706	-3413.741	-3580.044	166.3035	1.444442	3.350211	0.45011	0.689304	0.310696	2.248053
5712	-3431.631	-3598.268	166.6365	1.491846	2.461125	0.417463	0.537794	0.462206	2.292223
5718	-3427.276	-3593.864	166.5877	1.510438	3.650116	0.417463	0.55371	0.44629	1.983986
5724	-3413.424	-3579.806	166.3826	1.525669	3.455627	0.3937557	0.6274	0.3726	2.186086
5730	-3418.922	-3584.901	165.9793	1.407501	3.414405	0.3937557	0.678244	0.321756	2.527166
5736	-3421.703	-3587.564	165.8613	1.339161	3.632027	0.504401	0.692599	0.307401	2.469384
5742	-3430.144	-3596.355	166.211	1.39232	3.632027	0.3168065	0.692599	0.307401	2.441487
5748	-3425.689	-3592.451	166.7624	1.488084	2.517479	0.5377165	0.510987	0.489013	2.061227
5754	-3428.226	-3594.402	166.1755	1.421767	3.939064	0.5377165	0.684289	0.315711	2.111932
5760	-3421.897	-3588.164	166.2673	1.461082	2.560427	0.5377165	0.649412	0.350588	2.384701
5766	-3410.039	-3574.762	164.7236	1.33674	3.822799	0.4762436	0.639263	0.360737	3.150883
5772	-3410.006	-3575.984	165.9779	1.31453	2.869948	0.3883036	0.605265	0.394735	2.729932
5778	-3407.311	-3572.843	165.5318	1.353984	2.553972	0.3883036	0.622798	0.377202	3.063749
5784	-3407.79	-3573.184	165.3948	1.302488	2.553972	0.3552751	0.544616	0.455384	3.215641
5790	-3420.12	-3583.603	163.4832	1.185662	2.971795	0.7479349	0.616465	0.383535	3.923915
5796	-3415.787	-3579.834	164.0479	1.211248	2.924213	0.5823147	0.616465	0.383535	3.725139
5802	-3413.93	-3577.461	163.5303	1.169927	2.924213	0.5728049	0.499891	0.500109	4.054011
5808	-3418.36	-3582.731	164.3709	1.245614	2.924213	0.4813935	0.544111	0.455889	3.610929
5814	-3409.833	-3575.146	165.3131	1.3541	3.011443	0.4813935	0.642353	0.357647	2.969047
5820	-3422.429	-3587.963	165.5338	1.315938	3.011443	0.3492984	0.627118	0.372882	3.009089
5826	-3430.807	-3595.07	164.2631	1.317289	3.650706	0.6170212	0.63634	0.36366	3.341079
5832	-3417.187	-3581.783	164.5958	1.195776	2.958228	0.5909186	0.601211	0.398789	3.399518
5838	-3414.996	-3580.05	165.0543	1.247814	2.639534	0.4430716	0.63375	0.36625	3.324567
5844	-3402.359	-3567.753	165.3946	1.284647	2.995152	0.454714	0.499417	0.500583	2.993703
5850	-3414.534	-3579.695	165.1607	1.314126	2.135811	0.454714	0.489983	0.510017	3.362288
5856	-3417.416	-3582.922	165.5067	1.292291	3.179138	0.3193814	0.620767	0.379233	3.03681
5862	-3420.666	-3586.647	165.9814	1.429106	3.720319	0.3193814	0.634711	0.365289	2.538591
5868	-3416.981	-3582.248	165.2672	1.197512	3.195403	0.4041294	0.583718	0.416282	3.127852
5874	-3408.185	-3572.795	164.6108	1.105839	2.611209	0.4041294	0.771865	0.228135	3.715726
5880	-3406.457	-3570.718	164.2606	1.169262	3.166979	0.4497697	0.683511	0.316489	3.691842
5886	-3401.869	-3566.655	164.7856	1.300774	3.166979	0.3591732	0.65782	0.34218	3.410855
5892	-3421.258	-3587.31	166.0525	1.491263	2.629335	0.3709863	0.613271	0.386729	2.664194
5898	-3423.265	-3590.126	166.8616	1.534666	2.629335	0.4311466	0.626235	0.373765	2.048642
5904	-3421.221	-3587.807	166.586	1.517638	3.082972	0.5008486	0.564167	0.435833	2.02923
5910	-3421.802	-3588.058	166.2554	1.536163	3.121007	0.7294765	0.590009	0.409991	2.007749
5916	-3426.166	-3592.328	166.1619	1.468044	2.459583	0.7294765	0.504731	0.495269	2.307574
5922	-3430.242	-3596.222	165.9805	1.315536	2.586824	0.5562846	0.646018	0.353982	2.628887
5928	-3434.539	-3600.154	165.6147	1.429458	3.158023	0.5562846	0.577255	0.422745	2.628887
5934	-3427.91	-3593.88	165.9707	1.449191	2.893287	0.4449104	0.774247	0.225753	2.579665
5940	-3433.264	-3598.934	165.6703	1.469715	2.624622	0.5828864	0.509159	0.490841	2.68917
5946	-3427.626	-3592.001	164.3749	1.189182	2.624622	0.5212329	0.667696	0.332304	3.681784
5952	-3412.826	-3578.912	166.086	1.344616	2.513027	0.5212329	0.676649	0.323351	2.601767
5958	-3418.472	-3584.486	166.0137	1.453556	2.513027	0.6152976	0.708368	0.291632	2.490416
5964	-3424.766	-3591.406	166.6402	1.546044	2.513027	0.4812282	0.708368	0.291632	2.165101
5970	-3410.89	-3577.009	166.1189	1.488332	2.513027	0.4812282	0.512484	0.487516	2.533105
5976	-3413.608	-3579.865	166.2571	1.485503	2.415845	0.347871	0.57552	0.42448	2.635405
5982	-3413.532	-3579.552	166.0206	1.542303	3.128119	0.3725682	0.64935	0.35065	2.514331
5988	-3417.62	-3583.867	166.247	1.489411	2.953247	0.4473592	0.615503	0.384497	2.362171
5994	-3422.475	-3588.556	166.0813	1.489411	2.953247	0.5470008	0.615503	0.384497	2.362171
6000	-3409.388	-3574.187	164.7995	1.287808	3.16277	0.3681087	0.590923	0.409077	3.400531
6006	-3410.903	-3575.629	164.7264	1.282387	3.16277	0.4080159	0.636758	0.363242	3.400531
6012	-3404.623	-3569.606	164.9833	1.409529	3.16277	0.4080159	0.596379	0.403621	3.174082
6018	-3409.571	-3574.911	165.3402	1.269664	2.381577	0.4080159	0.596379	0.403621	3.255904
6024	-3413.468	-3579.884	166.4162	1.357104	2.381577	0.4080159	0.684168	0.315832	2.552473
6030	-3401.158	-3567.087	165.9293	1.370599	2.814583	0.4080159	0.670908	0.329092	2.717035
6036	-3412.56	-3578.712	166.1513	1.382498	2.814583	0.4080159	0.550413	0.449587	2.572825
6042	-3411.549	-3577.404	165.8552	1.382498	3.567122	0.4080159	0.704811	0.295189	2.567108
6048	-3409.659	-3575.225	165.5661	1.382498	3.567122	0.3293027	0.658954	0.341046	2.842994
6054	-3406.077	-3572.357	166.2802	1.457995	3.567122	0.3293027	0.596188	0.403812	2.353756
6060	-3402.945	-3569.177	166.2325	1.463503	3.567122	0.3293219	0.59586	0.40414	2.380479
6066	-3404.549	-3570.242	165.6932	1.432123	2.525182	0.4688896	0.589703	0.410297	2.838602
6072	-3416.274	-3582.33	166.056	1.418508	2.525182	0.4688896	0.718719	0.281281	2.624865
6078	-3409.339	-3575.18	165.8412	1.461731	3.050847	0.38403	0.651177	0.348823	2.680977
6084	-3406.631	-3571.792	165.1615	1.264269	3.086656	0.47128	0.664368	0.335632	3.105017
6090	-3421.529	-3586.676	165.1474	1.279202	3.086656	0.4096053	0.506138	0.493862	3.17078
6096	-3429.932	-3595.044	165.1118	1.242269	3.007823	0.339384	0.703339	0.296661	3.316987
6102	-3428.975	-3594.269	165.2946	1.378465	2.844917	0.4913699	0.523132	0.476868	2.998763
6108	-3423.542	-3588.006	164.4639	1.136166	3.114098	0.4913699	0.484775	0.515225	3.56409
6114	-3427.092	-3590.986	163.8946	1.240753	3.902786	0.2888476	0.544417	0.455583	3.893328
6120	-3423.638	-3588.155	164.5172	1.17359	3.418639	0.3309543	0.542035	0.457965	3.618622
6126	-3423.755	-3588.243	164.4881	1.197027	3.21128	0.3834843	0.56296	0.43704	3.605667
6132	-3419.788	-3584.738	164.9497	1.18657	2.606887	0.4114676	0.56296	0.43704	3.465048
6138	-3431.457	-3595.786	164.3291	1.075927	2.407971	0.5017619	0.703272	0.296728	3.852887
6144	-3432.7	-3597.372	164.6718	1.09228	3.196317	0.3728097	0.553331	0.446669	3.575696
6150	-3433.937	-3598.495	164.5581	1.116903	3.196317	0.6086706	0.61839	0.38161	3.394586
6156	-3425.672	-3588.796	163.1238	1.144144	3.196317	0.4642069	0.61839	0.38161	4.334368
6162	-3436.544	-3600.956	164.4124	1.072837	2.663626	0.4642069	0.638532	0.361468	3.77181
6168	-3419.655	-3584.056	164.4014	1.151254	2.663626	0.4642069	0.568457	0.431543	3.7329
6174	-3415.987	-3580.299	164.3122	1.223477	3.326528	0.3278766	0.688958	0.311042	3.7329
6180	-3415.605	-3580.627	165.0222	1.260005	2.833179	0.4197441	0.681349	0.318651	3.309287
6186	-3419.393	-3582.648	163.2559	1.108933	3.879331	0.3150201	0.689933	0.310067	4.302197
6192	-3432.718	-3597.788	165.0699	1.370795	3.629135	0.3150201	0.458353	0.541647	3.153268
6198	-3426.003	-3591.492	165.4894	1.279809	3.109611	0.3321044	0.590315	0.409685	3.054821
6204	-3433.168	-3599.242	166.0734	1.500053	3.425935	0.5082718	0.504164	0.495836	2.277685
6210	-3435.739	-3601.403	165.664	1.439139	4.282912	0.4808522	0.519872	0.480128	2.416118
6216	-3424.463	-3589.371	164.9081	1.408392	3.88734	0.676363	0.54929	0.45071	2.80243
6222	-3412.576	-3578.098	165.5217	1.356366	3.824652	0.5008304	0.48951	0.51049	2.630812
6228	-3418.66	-3583.623	164.9627	1.245101	3.753104	0.3989798	0.612083	0.387917	3.161184
6234	-3416.332	-3581.346	165.0142	1.290667	3.842074	0.3182983	0.586556	0.413444	3.18451
6240	-3433.442	-3599.887	166.4448	1.463709	2.691315	0.4309256	0.668856	0.331144	2.345979
6246	-3421.387	-3587.995	166.6075	1.462332	3.267552	0.4309256	0.588229	0.411771	2.082356
6252	-3416.522	-3581.71	165.1879	1.413655	3.364886	0.3768122	0.562468	0.437532	3.038166
6258	-3424.012	-3589.369	165.3569	1.31679	3.214453	0.3498299	0.670298	0.329702	3.063683
6264	-3424.964	-3590.723	165.7585	1.452211	3.969942	0.4485148	0.583165	0.416835	2.44845
6270	-3420.234	-3587.101	166.8669	1.552528	2.489052	0.4083497	0.647684	0.352316	2.105983
6276	-3422.301	-3588.963	166.6625	1.552528	2.72955	0.4298953	0.766251	0.233749	2.138577
6282	-3418.954	-3585.606	166.6522	1.544439	3.275775	0.2706241	0.596966	0.403034	2.21933
6288	-3411.398	-3577.556	166.1581	1.517621	3.175467	0.3792876	0.719984	0.280016	2.423044
6294	-3419.936	-3585.549	165.6132	1.397136	3.431426	0.3792876	0.586287	0.413713	2.772786
6300	-3418.278	-3583.802	165.5243	1.368693	3.431426	0.3792876	0.664448	0.335552	2.844187
6306	-3422.934	-3589.076	166.1424	1.449964	3.431426	0.3421568	0.664448	0.335552	2.460383
6312	-3415.692	-3582.175	166.4827	1.398618	2.822497	0.3421568	0.563991	0.436009	2.436407
6318	-3429.546	-3595.769	166.2232	1.360592	2.822497	0.3421568	0.668315	0.331685	2.621822
6324	-3413.698	-3579.454	165.7562	1.450593	2.667764	0.3888512	0.660538	0.339462	2.837304
6330	-3415.329	-3580.886	165.5576	1.361879	2.667764	0.4822012	0.597529	0.402471	2.908213
6336	-3408.489	-3574.171	165.6818	1.300034	3.479807	0.3997619	0.567053	0.432947	2.754466
6342	-3413.991	-3579.322	165.3318	1.43249	3.752527	0.3711781	0.576935	0.423065	2.86055
6348	-3404.496	-3570.092	165.5959	1.357571	3.164176	0.3897066	0.733701	0.266299	2.858848
6354	-3411.703	-3577.362	165.6581	1.385424	2.651368	0.3897066	0.708238	0.291762	2.939655
6360	-3404.493	-3569.827	165.3334	1.392154	3.490226	0.3897066	0.671196	0.328804	2.919526
6366	-3408.955	-3574.865	165.9104	1.474391	3.490226	0.3897066	0.522519	0.477481	2.515422
6372	-3422.38	-3588.577	166.1965	1.5126	3.490226	0.5011387	0.670301	0.329699	2.182117
6378	-3403.324	-3569.882	166.5584	1.580206	3.490226	0.5011387	0.592143	0.407857	1.897515
6384	-3423.245	-3589.563	166.3185	1.524431	2.584879	0.5011387	0.569335	0.430665	2.341982
6390	-3422.463	-3588.944	166.4816	1.58908	2.362951	0.546971	0.525136	0.474864	2.219649
6396	-3418.252	-3584.754	166.502	1.561535	2.85419	0.4678365	0.617164	0.382836	2.156713
6402	-3412.235	-3578.652	166.4172	1.528182	2.85419	0.3865693	0.581516	0.418484	2.329255
6408	-3424.86	-3591.019	166.1588	1.503085	2.85419	0.5114737	0.594707	0.405293	2.367546
6414	-3427.504	-3593.379	165.875	1.354184	2.936429	0.6353027	0.579695	0.420305	2.49996
6420	-3432.815	-3597.899	165.0845	1.465675	2.85419	0.4837417	0.549263	0.450737	3.07754
6426	-3425.15	-3590.372	165.2215	1.256269	3.021803	0.4837417	0.574638	0.425362	3.07754
6432	-3427.813	-3592.918	165.1048	1.256269	3.021803	0.5967846	0.65101	0.34899	3.041249
6438	-3416.41	-3580.89	164.4796	1.305854	3.987348	0.5708515	0.399385	0.600615	3.190454
6444	-3403.057	-3568.544	165.487	1.273044	3.232406	0.3763863	0.523216	0.476784	2.974868
6450	-3418.526	-3582.71	164.184	1.119775	3.232406	0.3763863	0.525744	0.474256	3.829251
6456	-3418.076	-3582.776	164.6996	1.192888	3.275726	0.3782956	0.602957	0.397043	3.475942
6462	-3428.659	-3594.809	166.1499	1.335372	2.285999	0.4556849	0.71692	0.28308	2.70712
6468	-3425.634	-3589.98	164.346	1.41154	2.47973	0.579425	0.460425	0.539575	3.558025
6474	-3427.67	-3593.46	165.7892	1.339876	3.160367	0.3329632	0.697303	0.302697	2.824328
6480	-3419.82	-3583.078	163.2578	1.144999	3.095656	0.608387	0.512012	0.487988	4.15223
6486	-3400.323	-3564.706	164.383	1.145025	2.438389	0.608387	0.538438	0.461562	3.678524
6492	-3411.998	-3575.207	163.2095	1.209929	3.032822	0.5164749	0.538438	0.461562	4.237167
6498	-3413.857	-3577.909	164.052	1.266389	2.887114	0.5380697	0.621905	0.378095	3.739293
6504	-3414.616	-3578.374	163.7573	1.209489	3.021207	0.4830567	0.608173	0.391827	3.959765
6510	-3416.415	-3581.143	164.7279	1.175199	3.021207	0.4724595	0.608173	0.391827	3.428643
6516	-3418.674	-3582.783	164.1094	1.120623	3.021207	0.3899283	0.589483	0.410517	3.906061
6522	-3417.893	-3582.61	164.7171	1.300882	3.135938	0.4258752	0.568833	0.431167	3.381966
6528	-3414.683	-3578.841	164.158	1.107322	2.450881	0.364468	0.612332	0.387668	4.06461
6534	-3408.303	-3573.529	165.2259	1.219637	3.053753	0.364468	0.61325	0.38675	3.220483
6540	-3400.433	-3565.612	165.179	1.384911	3.053753	0.6210169	0.562516	0.437484	2.890196
6546	-3409.685	-3575.669	165.9842	1.271338	3.053753	0.4719339	0.570798	0.429202	2.609534
6552	-3411.396	-3577.377	165.9805	1.550445	3.950512	0.4044536	0.74628	0.25372	2.301361
6558	-3409.808	-3576.769	166.961	1.57181	2.622418	0.5291183	0.59162	0.40838	1.846622
6564	-3410.199	-3576.893	166.6941	1.594284	2.622418	0.4981248	0.665337	0.334663	2.04505
6570	-3405.873	-3572.648	166.7743	1.600382	2.622418	0.4981248	0.617971	0.382029	1.987645
6576	-3420.787	-3587.577	166.7896	1.57702	2.622418	0.5369811	0.630614	0.369386	1.951009
6582	-3415.41	-3581.991	166.5806	1.554532	2.599922	0.5369811	0.594296	0.405704	2.111684
6588	-3427.358	-3594.307	166.949	1.663711	2.599922	0.5369811	0.700339	0.299661	1.790308
6594	-3431.878	-3599.008	167.1304	1.633784	3.058947	0.4390357	0.53105	0.46895	1.655602
6600	-3424.884	-3591.932	167.0478	1.633784	3.002712	0.4390357	0.53754	0.46246	1.731031
6606	-3407.522	-3574.487	166.9647	1.656039	3.002712	0.4421508	0.699338	0.300662	1.76971
6612	-3420.868	-3587.881	167.0129	1.638131	3.418924	0.4421508	0.68666	0.31334	1.629516
6618	-3435.369	-3602.038	166.6693	1.610374	4.318998	0.3995031	0.62474	0.37526	1.728082
6624	-3427.895	-3593.429	165.5337	1.268465	2.922198	0.4903824	0.605173	0.394827	2.901651
6630	-3429.761	-3595.801	166.04	1.407523	3.281633	0.4315336	0.600947	0.399053	2.47695
6636	-3427.818	-3593.712	165.8935	1.407523	2.595793	0.4368353	0.600947	0.399053	2.745419
6642	-3429.353	-3595.409	166.0555	1.439568	2.595793	0.4217335	0.663099	0.336901	2.643302
6648	-3418.841	-3584.886	166.0443	1.344617	2.288025	0.5786359	0.599397	0.400603	2.643302
6654	-3419.633	-3585.876	166.2439	1.39043	2.288025	0.4577466	0.599397	0.400603	2.612412
6660	-3417.701	-3583.898	166.1971	1.493981	2.577562	0.437397	0.633116	0.366884	2.5093
6666	-3418.47	-3583.756	165.2862	1.327867	2.746855	0.437397	0.681777	0.318223	3.116586
6672	-3428.556	-3594.869	166.313	1.632565	3.609539	0.3032374	0.608457	0.391543	2.24888
6678	-3419.779	-3587.051	167.2715	1.71943	2.867501	0.3032374	0.631025	0.368975	1.749243
6684	-3413.778	-3579.792	166.0133	1.543434	3.171484	0.4895351	0.668776	0.331224	2.371968
6690	-3414.109	-3579.695	165.5859	1.621994	3.351358	0.8153183	0.637398	0.362602	2.260901
6696	-3422.328	-3587.922	165.5936	1.600053	3.331512	0.8153183	0.549603	0.450397	2.274976
6702	-3411.238	-3576.015	164.7771	1.424153	3.331512	0.8153183	0.692296	0.307704	2.890993
6708	-3408.437	-3574.302	165.8648	1.447722	3.331512	0.3272182	0.641317	0.358683	2.678227
6714	-3420.528	-3586.631	166.1029	1.321569	3.184349	0.3480584	0.620677	0.379323	2.617568
6720	-3420.189	-3585.037	164.8476	1.284073	2.735959	0.694571	0.575879	0.424121	3.172317
6726	-3421.905	-3586.616	164.7107	1.246132	2.854984	0.494765	0.575879	0.424121	3.417104
6732	-3421.589	-3587.745	166.156	1.46031	2.706239	0.494765	0.68642	0.31358	2.455763
6738	-3406.603	-3572.655	166.0514	1.367643	2.467669	0.4782638	0.707075	0.292925	2.666622
6744	-3421.511	-3585.938	164.4271	1.251141	2.873447	0.360061	0.606657	0.393343	3.719325
6750	-3414.93	-3580.868	165.9388	1.284452	2.69031	0.360061	0.528911	0.471089	2.856167
6756	-3414.372	-3579.327	164.9554	1.346226	2.677418	0.5296022	0.528911	0.471089	3.228235
6762	-3411.476	-3576.439	164.9628	1.232558	3.240514	0.3561727	0.617636	0.382364	3.33311
6768	-3424.18	-3589.309	165.1285	1.376371	4.425749	0.3005012	0.617636	0.382364	2.975062
6774	-3415.634	-3581.223	165.5891	1.440743	3.846575	0.4718417	0.665504	0.334496	2.562372
6780	-3413.727	-3580.378	166.6509	1.562695	2.905676	0.4294617	0.684764	0.315236	2.088531
6786	-3422.043	-3588.409	166.3657	1.60784	3.378112	0.3619686	0.747586	0.252414	2.204242
6792	-3414.357	-3580.439	166.082	1.507928	3.593799	0.3619686	0.585397	0.414603	2.397475
6798	-3415.954	-3581.921	165.9671	1.439783	3.669429	0.2562317	0.684952	0.315048	2.645944
6804	-3406.884	-3573.337	166.4533	1.431709	3.669429	0.3446079	0.649965	0.350035	2.214667
6810	-3410.908	-3576.392	165.4837	1.338262	3.455123	0.4800135	0.537728	0.462272	2.769148
6816	-3412.025	-3577.301	165.2761	1.355746	3.868771	0.4800135	0.592998	0.407002	2.79373
6822	-3423.449	-3588.222	164.7725	1.318648	3.868771	0.2762853	0.692223	0.307777	3.363331
6828	-3415.79	-3580.783	164.9932	1.220361	2.972161	0.3763636	0.69624	0.30376	3.363331
6834	-3410.07	-3575.296	165.2259	1.296807	2.962276	0.4205223	0.628996	0.371004	3.13267
6840	-3408.918	-3575.003	166.0845	1.419292	2.981416	0.4250984	0.565118	0.434882	2.526194
6846	-3410.071	-3575.789	165.7178	1.426968	3.756513	0.4244599	0.609319	0.390681	2.563147
6852	-3420.474	-3585.77	165.2959	1.251122	2.671129	0.6178145	0.535865	0.464135	3.004898
6858	-3414.639	-3578.828	164.1887	1.397403	3.351869	0.682345	0.662263	0.337737	3.350906
6864	-3422.716	-3587.649	164.9331	1.330084	3.351869	0.425789	0.655911	0.344089	3.186574
6870	-3425.238	-3590.248	165.0106	1.386625	3.351869	0.48826	0.711297	0.288703	3.041226
6876	-3407.583	-3573.816	166.2329	1.491345	2.938029	0.48826	0.493206	0.506794	2.32904
6882	-3406.062	-3570.943	164.8815	1.348154	4.256005	0.3284843	0.60337	0.39663	3.133744
6888	-3406.352	-3571.528	165.1761	1.277082	4.055243	0.4121568	0.639771	0.360229	2.937294
6894	-3417.343	-3582.942	165.5992	1.359742	4.055243	0.4121568	0.611233	0.388767	2.628956
6900	-3420.507	-3586.013	165.506	1.192466	4.010183	0.309012	0.592794	0.407206	2.927386
6906	-3424.228	-3588.663	164.4354	1.162469	2.787226	0.465363	0.669949	0.330051	3.672805
6912	-3428.549	-3592.548	163.9989	1.138708	2.77971	0.5358464	0.697434	0.302566	3.872868
6918	-3424.025	-3588.974	164.9493	1.260836	2.740828	0.3773997	0.708141	0.291859	3.424129
6924	-3439.336	-3604.212	164.876	1.120426	3.410522	0.3773997	0.607368	0.392632	3.385469
6930	-3425.877	-3590.689	164.8122	1.171076	3.325433	0.3777239	0.546141	0.453859	3.412073
6936	-3416.283	-3581.619	165.336	1.302677	2.699267	0.4168048	0.635602	0.364398	3.137521
6942	-3418.039	-3583.198	165.159	1.242847	3.017796	0.3929115	0.563712	0.436288	3.22161
6948	-3422.383	-3588.464	166.0813	1.295913	2.77064	0.3241752	0.664657	0.335343	2.786884
6954	-3427.865	-3593.368	165.503	1.340404	2.77064	0.3901276	0.692661	0.307339	3.026371
6960	-3421.187	-3586.67	165.4827	1.293168	2.77064	0.4255996	0.546327	0.453673	3.026371
6966	-3414.604	-3579.342	164.7372	1.292261	2.77064	0.398564	0.634438	0.365562	3.49746
6972	-3428.007	-3592.767	164.7599	1.345249	3.263718	0.6819489	0.568488	0.431512	3.064266
6978	-3416.559	-3581.745	165.186	1.362397	2.99086	0.4008922	0.753812	0.246188	3.132259
6984	-3405.318	-3570.757	165.4384	1.260454	2.996261	0.4008922	0.653745	0.346255	3.041107
6990	-3427.47	-3592.9	165.4303	1.242828	2.502801	0.4008922	0.616248	0.383752	3.190574
6996	-3420.199	-3584.958	164.7591	1.241175	2.502801	0.4008922	0.576283	0.423717	3.585368
7002	-3412.402	-3577.624	165.2221	1.1542	2.502801	0.415513	0.59148	0.40852	3.349409
7008	-3409.642	-3574.655	165.0134	1.244304	2.599354	0.4550045	0.629796	0.370204	3.349409
7014	-3417.545	-3582.404	164.8589	1.219553	3.448705	0.4550045	0.638848	0.361152	3.242721
7020	-3424.946	-3588.448	163.5018	1.073273	3.35785	0.4550045	0.491656	0.508344	4.13317
7026	-3418.996	-3582.396	163.4	1.065975	2.349241	0.4550045	0.680362	0.319638	4.449266
7032	-3419.276	-3583.359	164.0834	1.179264	2.349241	0.4220617	0.473172	0.526828	4.031421
7038	-3409.839	-3573.629	163.7901	1.131027	2.953524	0.4220617	0.636213	0.363787	4.064072
7044	-3404.419	-3569.183	164.7642	1.26276	2.953524	0.4053622	0.622266	0.377734	3.444115
7050	-3418.777	-3582.576	163.7989	1.096485	3.396323	0.3913538	0.520073	0.479927	4.009478
7056	-3418.032	-3581.276	163.2437	1.15108	2.949428	0.3913538	0.594584	0.405416	4.396762
7062	-3420.041	-3583.63	163.5889	1.119113	3.089258	0.3256714	0.655595	0.344405	4.263349
7068	-3420.556	-3584.072	163.5161	1.186823	2.982992	0.3668121	0.545386	0.454614	4.242091
7074	-3405.346	-3569.467	164.1202	1.030677	2.968352	0.4122575	0.714265	0.285735	3.939676
7080	-3402.764	-3565.985	163.2207	1.033658	2.968352	0.5306847	0.631018	0.368982	4.333228
7086	-3402.346	-3566.011	163.6656	1.170335	3.210739	0.4746059	0.631018	0.368982	3.9981
7092	-3410.979	-3575.008	164.029	1.319345	3.413489	0.5863847	0.595274	0.404726	3.554478
7098	-3427.098	-3593.008	165.9097	1.4513	3.959479	0.5127679	0.615727	0.384273	2.286173
7104	-3424.611	-3590.192	165.5817	1.437519	2.361756	0.5127679	0.569883	0.430117	2.907899
7110	-3420.268	-3586.829	166.5608	1.537895	2.661124	0.5356338	0.493149	0.506851	2.117977
7116	-3410.567	-3576.514	165.9467	1.537895	3.692988	0.5086168	0.493149	0.506851	2.270911
7122	-3408.315	-3574.667	166.3519	1.621741	3.692988	0.5132875	0.535126	0.464874	1.945196
7128	-3408.944	-3575.667	166.7231	1.591809	2.611896	0.5132875	0.529435	0.470565	2.014253
7134	-3412.369	-3577.587	165.2183	1.308832	2.611896	0.4672609	0.529435	0.470565	3.174086
7140	-3425.781	-3590.11	164.3285	1.165894	2.611896	0.4672609	0.529435	0.470565	3.777495
7146	-3420.446	-3584.307	163.8609	1.20316	2.611896	0.4672609	0.574374	0.425626	4.024288
7152	-3424.802	-3589.769	164.9672	1.163443	3.098733	0.3578472	0.606019	0.393981	3.402931
7158	-3421.911	-3586.889	164.9783	1.341276	3.098733	0.6562134	0.677231	0.322769	2.996599
7164	-3414.354	-3580.198	165.8437	1.303432	3.098733	0.3454016	0.6234	0.3766	2.812446
7170	-3412.712	-3579.038	166.3268	1.570689	3.145658	0.3670469	0.511451	0.488549	2.30578
7176	-3419.415	-3584.72	165.3044	1.378632	2.378377	0.5568751	0.514545	0.485455	3.062865
7182	-3426.473	-3591.638	165.1654	1.380105	2.378377	0.6518892	0.611324	0.388676	3.062865
7188	-3419.359	-3584.45	165.0908	1.321911	3.348776	0.4755284	0.606399	0.393601	3.045575
7194	-3413.773	-3579.285	165.5129	1.414781	3.348776	0.3729075	0.619774	0.380226	2.850217
7200	-3414.055	-3578.951	164.8961	1.227989	3.348776	0.3989204	0.644109	0.355891	3.299526
7206	-3420.57	-3584.96	164.3898	1.249955	2.709708	0.5547426	0.525333	0.474667	3.584352
7212	-3403.414	-3568.706	165.2919	1.281866	3.489979	0.3685957	0.610112	0.389888	3.03615
7218	-3412.082	-3578.005	165.9225	1.393212	3.489979	0.3685957	0.581249	0.418751	2.584704
7224	-3422.73	-3588.157	165.4272	1.22039	3.629897	0.5153533	0.536164	0.463836	2.800086
7230	-3418.924	-3584.226	165.3016	1.340636	3.394791	0.4139957	0.583373	0.416627	2.963452
7236	-3416.253	-3582.894	166.6407	1.544246	3.394791	0.5445993	0.568218	0.431782	1.843071
7242	-3415.638	-3582.299	166.661	1.59517	3.394791	0.3090696	0.73126	0.26874	2.090671
7248	-3425.173	-3591.286	166.1126	1.403519	4.345761	0.3515253	0.662441	0.337559	2.296012
7254	-3423.999	-3588.561	164.5621	1.251	3.353411	0.4573329	0.633106	0.366894	3.417973
7260	-3421.886	-3587.785	165.8993	1.309022	3.078391	0.4708433	0.648297	0.351703	2.633487
7266	-3433.761	-3599.592	165.8311	1.429047	2.996192	0.5195245	0.703566	0.296434	2.572606
7272	-3436.02	-3601.569	165.5494	1.525497	3.416036	0.6799868	0.638211	0.361789	2.436361
7278	-3424.791	-3590.328	165.5371	1.361469	2.34704	0.7635293	0.636098	0.363902	2.772392
7284	-3428.067	-3593.849	165.7817	1.498278	3.64821	0.6124807	0.557545	0.442455	2.310637
7290	-3417.839	-3582.149	164.31	1.368171	2.596012	0.5042011	0.714969	0.285031	3.639627
7296	-3406.34	-3572.137	165.7976	1.381336	2.549699	0.3584617	0.66597	0.33403	2.925211
7302	-3411.819	-3577.623	165.8043	1.3423	3.46847	0.4010881	0.678504	0.321496	2.654489
7308	-3411.071	-3577.366	166.2943	1.41286	2.399971	0.4010881	0.661261	0.338739	2.595966
7314	-3412.551	-3578.524	165.9724	1.500978	2.399971	0.6562512	0.661261	0.338739	2.486094
7320	-3407.155	-3572.691	165.5366	1.515024	3.492996	0.6562512	0.622547	0.377453	2.45271
7326	-3408.905	-3575.25	166.3456	1.508609	2.610568	0.5522067	0.612076	0.387924	2.274968
7332	-3409.686	-3576.196	166.5099	1.486563	2.610568	0.4687728	0.612076	0.387924	2.271051
7338	-3416.901	-3583.064	166.1631	1.602855	2.736131	0.321224	0.612076	0.387924	2.561511
7344	-3406.156	-3572.305	166.1484	1.480641	3.850963	0.321224	0.718351	0.281649	2.369899
7350	-3417.451	-3583.763	166.3123	1.469073	3.850963	0.321224	0.699703	0.300297	2.272811
7356	-3424.35	-3591.2	166.8506	1.561931	2.578044	0.321224	0.701584	0.298416	2.198937
7362	-3430.152	-3596.377	166.2255	1.457142	3.999931	0.39969	0.507133	0.492867	2.198937
7368	-3427.161	-3592.601	165.4398	1.302491	3.999931	0.39969	0.610855	0.389145	2.787756
7374	-3429.884	-3595.948	166.0639	1.302491	3.386229	0.3745876	0.725632	0.274368	2.570213
7380	-3421.686	-3587.617	165.9312	1.436705	3.938326	0.3745876	0.672564	0.327436	2.444371
7386	-3414.255	-3580.525	166.2705	1.464918	3.805339	0.4137582	0.629832	0.370168	2.190703
7392	-3410.269	-3577.253	166.9834	1.486254	3.078327	0.3655746	0.646381	0.353619	1.951718
7398	-3424.094	-3591.345	167.2509	1.694891	3.263328	0.3655746	0.671128	0.328872	1.56593
7404	-3418.619	-3585.411	166.792	1.691572	3.263328	0.5571829	0.540223	0.459777	1.656295
7410	-3417.424	-3584.379	166.9544	1.657111	3.828407	0.3653762	0.672429	0.327571	1.656295
7416	-3414.589	-3581.652	167.0631	1.657902	2.490036	0.4100972	0.555055	0.444945	1.902519
7422	-3411.922	-3577.167	165.2455	1.665967	4.476407	0.6522798	0.623044	0.376956	2.334069
7428	-3405.283	-3571.072	165.7899	1.475568	3.41779	0.3605261	0.581786	0.418214	2.642919
7434	-3409.037	-3575.662	166.6256	1.558889	3.41779	0.2832342	0.588709	0.411291	2.171372
7440	-3410.644	-3576.954	166.3097	1.539845	3.989055	0.2832342	0.635848	0.364152	2.255295
7446	-3408.332	-3573.598	165.266	1.308433	3.175149	0.4026388	0.615066	0.384934	3.069063
7452	-3414.715	-3580.272	165.5568	1.273961	2.927641	0.4026388	0.615066	0.384934	2.977649
7458	-3415.232	-3580.62	165.3877	1.250544	3.111392	0.4478182	0.647643	0.352357	2.996413
7464	-3431.187	-3595.67	164.4831	1.105543	3.634235	0.4478182	0.648745	0.351255	3.497329
7470	-3415.958	-3581.386	165.4278	1.226982	2.476224	0.395893	0.648745	0.351255	3.214964
7476	-3417.948	-3582.576	164.6277	1.240873	3.075656	0.3170101	0.610143	0.389857	3.612799
7482	-3428.975	-3593.726	164.7504	1.315727	2.578565	0.4173792	0.663818	0.336182	3.507371
7488	-3413.208	-3577.324	164.1159	1.207759	2.740406	0.5393197	0.557657	0.442343	3.773003
7494	-3414.761	-3578.016	163.2555	1.141589	3.254728	0.4117707	0.664438	0.335562	4.30191
7500	-3421.432	-3586.219	164.7873	1.29647	2.84758	0.4117707	0.497141	0.502859	3.430823
7506	-3412.895	-3576.547	163.6526	1.166419	3.184596	0.5911894	0.573426	0.426574	3.908114
7512	-3421.279	-3586.519	165.2397	1.253783	3.009809	0.5134521	0.599245	0.400755	3.041721
7518	-3416.869	-3582.929	166.0594	1.459155	2.500591	0.3265492	0.589919	0.410081	2.775186
7524	-3422.02	-3588.457	166.4376	1.453154	2.500591	0.4334987	0.579427	0.420573	2.41191
7530	-3414.178	-3579.06	164.881	1.321733	2.810149	0.3709665	0.585012	0.414988	3.417682
7536	-3412.364	-3577.722	165.3586	1.331435	2.885969	0.4484748	0.524543	0.475457	3.022132
7542	-3419.639	-3585.969	166.3302	1.427177	2.885969	0.3591542	0.547658	0.452342	2.474126
7548	-3410.431	-3575.912	165.4805	1.384482	2.885969	0.358385	0.671682	0.328318	3.02101
7554	-3419.389	-3585.093	165.7042	1.352868	3.394116	0.504353	0.671682	0.328318	2.614079
7560	-3412.836	-3578.249	165.4129	1.4655	3.394116	0.4520195	0.673236	0.326764	2.778574
7566	-3411.87	-3577.935	166.0653	1.505561	3.334118	0.4520195	0.673236	0.326764	2.362945
7572	-3412.84	-3578.898	166.0573	1.464595	2.898078	0.3300357	0.592329	0.407671	2.655665
7578	-3411.221	-3577.208	165.9878	1.447805	3.093879	0.4541631	0.665775	0.334225	2.506492
7584	-3409.333	-3574.095	164.7623	1.272417	3.550835	0.4142806	0.583725	0.416275	3.289709
7590	-3411.743	-3576.584	164.8419	1.229002	2.372892	0.4059019	0.583873	0.416127	3.576624
7596	-3419.125	-3583.683	164.5579	1.304998	2.372892	0.5004721	0.627175	0.372825	3.600029
7602	-3428.056	-3592.57	164.5139	1.392432	2.672395	0.3944287	0.658678	0.341322	3.600029
7608	-3435.564	-3600.514	164.9507	1.264544	3.371183	0.4611949	0.514991	0.485009	3.172822
7614	-3417.202	-3582.177	164.9749	1.240412	3.371183	0.4611949	0.701828	0.298172	3.172822
7620	-3418.702	-3584.486	165.784	1.433526	3.291503	0.4611949	0.661047	0.338953	2.584775
7626	-3413.937	-3579.607	165.6692	1.350788	2.875863	0.4611949	0.575929	0.424071	2.81214
7632	-3423.06	-3588.685	165.6248	1.333231	3.719381	0.413073	0.764141	0.235859	2.699729
7638	-3417.883	-3582.734	164.8512	1.333231	2.258268	0.5196713	0.630204	0.369796	3.429221
7644	-3413.98	-3579.005	165.0249	1.309189	2.61712	0.4061883	0.630204	0.369796	3.352185
7650	-3423.113	-3588.718	165.6048	1.299204	2.61712	0.5001229	0.697998	0.302002	2.913878
7656	-3425.057	-3589.417	164.3601	1.319362	3.055813	0.5001229	0.582904	0.417096	3.523465
7662	-3412.066	-3577.353	165.2869	1.273773	3.137753	0.5001229	0.582904	0.417096	2.982579
7668	-3413.282	-3578.874	165.5913	1.359132	3.137753	0.3000457	0.708273	0.291727	2.982579
7674	-3413.766	-3580.281	166.5157	1.465864	3.137753	0.4642002	0.569541	0.430459	2.135578
7680	-3430.127	-3596.2	166.0729	1.375794	2.882547	0.4246716	0.482335	0.517665	2.587543
7686	-3407.997	-3573.967	165.9698	1.389916	3.091295	0.4246716	0.586857	0.413143	2.587543
7692	-3405.992	-3571.889	165.8976	1.462086	3.091295	0.4246716	0.627854	0.372146	2.587543
7698	-3418.981	-3585.445	166.4637	1.482726	3.091295	0.4246716	0.627854	0.372146	2.216868
7704	-3429.436	-3596.127	166.6918	1.456966	2.63332	0.4246716	0.589397	0.410603	2.216868
7710	-3425.387	-3591.913	166.5258	1.436326	2.63332	0.4432734	0.589397	0.410603	2.314854
7716	-3416.91	-3582.81	165.8996	1.436326	3.149257	0.4432734	0.601833	0.398167	2.566412
7722	-3417.518	-3583.178	165.66	1.409007	3.259269	0.4432734	0.554703	0.445297	2.703796
7728	-3426.814	-3592.081	165.267	1.266094	2.836621	0.4432734	0.58366	0.41634	3.134423
7734	-3420.079	-3584.504	164.4249	1.248069	3.361239	0.5312968	0.556828	0.443172	3.425944
7740	-3418.816	-3583.43	164.6138	1.173547	3.661394	0.3682817	0.507342	0.492658	3.46398
7746	-3418.445	-3582.976	164.5314	1.098519	3.661394	0.4569793	0.527073	0.472927	3.45798
7752	-3412.504	-3577.052	164.5483	1.132782	3.661394	0.4285516	0.594714	0.405286	3.45798
7758	-3412.769	-3578.019	165.2501	1.214031	2.561305	0.4285516	0.594714	0.405286	3.266625
7764	-3411.077	-3576.145	165.0673	1.274569	3.05157	0.4362437	0.516611	0.483389	3.200388
7770	-3427.766	-3592.295	164.5284	1.210463	2.790764	0.6124527	0.67152	0.32848	3.45518
7776	-3420.26	-3584.289	164.0297	1.208587	2.790764	0.4876456	0.67152	0.32848	3.857269
7782	-3424.365	-3590.094	165.7293	1.287944	2.554933	0.4625399	0.506927	0.493073	2.902003
7788	-3424.463	-3590.462	165.999	1.243478	2.554933	0.4625399	0.506927	0.493073	2.765227
7794	-3414.656	-3579.81	165.1534	1.478537	3.844839	0.427075	0.696579	0.303421	2.855669
7800	-3408.583	-3573.981	165.3985	1.470901	2.777481	0.693928	0.49406	0.50594	2.716945
7806	-3406.85	-3571.755	164.9049	1.253965	3.210122	0.5233662	0.598156	0.401844	3.182317
7812	-3419.192	-3583.494	164.3014	1.237225	3.691077	0.5233662	0.657941	0.342059	3.439941
7818	-3419.131	-3584.684	165.5531	1.332769	3.691077	0.4289754	0.657941	0.342059	2.732011
7824	-3405.739	-3570.698	164.9589	1.267042	3.046624	0.391656	0.53072	0.46928	3.319714
7830	-3417.169	-3582.752	165.5824	1.318773	3.046624	0.456218	0.650154	0.349846	2.845054
7836	-3409.497	-3575.257	165.7603	1.323915	3.046624	0.456218	0.523257	0.476743	2.73359
7842	-3413.489	-3578.987	165.4985	1.364984	2.907267	0.4201089	0.635387	0.364613	2.943451
7848	-3420.474	-3585.589	165.1149	1.157731	2.900386	0.4201089	0.597984	0.402016	3.297097
7854	-3405.969	-3570.835	164.8665	1.192327	3.314166	0.4201089	0.68926	0.31074	3.322216
7860	-3406.047	-3571.441	165.3933	1.350499	3.503904	0.4201089	0.715976	0.284024	2.870255
7866	-3411.992	-3578.178	166.1856	1.472239	3.311964	0.4201089	0.572995	0.427005	2.350058
7872	-3411.221	-3577.578	166.3576	1.512332	3.311964	0.4201089	0.563153	0.436847	2.214259
7878	-3412.5	-3578.813	166.3133	1.512332	3.046905	0.4201089	0.527131	0.472869	2.311694
7884	-3405.128	-3571.678	166.5501	1.459726	3.046905	0.4028402	0.579122	0.420878	2.214431
7890	-3406.531	-3572.14	165.6092	1.346805	3.046905	0.4107753	0.579122	0.420878	2.862034
7896	-3410.09	-3576.061	165.9709	1.356257	2.758064	0.5346426	0.588631	0.411369	2.581028
7902	-3414.511	-3581.31	166.7988	1.452862	2.747601	0.5067736	0.582389	0.417611	2.021354
7908	-3420.223	-3587.167	166.9433	1.514457	2.324306	0.5067736	0.706471	0.293529	2.021354
7914	-3418.589	-3584.375	165.7859	1.496397	3.393757	0.4472895	0.620792	0.379208	2.535025
7920	-3424.647	-3590.193	165.5458	1.289455	2.874103	0.4472895	0.63303	0.36697	2.939275
7926	-3415.346	-3581.898	166.5513	1.654757	2.874103	0.4472895	0.520408	0.479592	2.081325
7932	-3422.404	-3587.781	165.3768	1.426505	2.874103	0.4764722	0.576548	0.423452	2.927807
7938	-3425.262	-3590.901	165.6391	1.422773	2.811002	0.5481848	0.510004	0.489996	2.716773
7944	-3405.577	-3571.482	165.9049	1.451338	2.811002	0.4172083	0.555652	0.444348	2.672765
7950	-3409.242	-3575.217	165.9752	1.344005	2.894799	0.4172083	0.69607	0.30393	2.672765
7956	-3412.98	-3578.788	165.8078	1.412622	2.894799	0.3921499	0.618486	0.381514	2.762656
7962	-3417.401	-3583.043	165.6424	1.331908	2.894799	0.3921499	0.618486	0.381514	2.912032
7968	-3418.58	-3583.241	164.6612	1.226471	2.982619	0.4854825	0.611818	0.388182	3.434251
7974	-3424.784	-3590.35	165.5656	1.467503	2.67086	0.5414935	0.611684	0.388316	2.77987
7980	-3416.598	-3581.887	165.2889	1.308096	2.529708	0.5058378	0.587216	0.412784	3.117386
7986	-3414.547	-3578.91	164.3624	1.247762	3.15954	0.4584359	0.440943	0.559057	3.580179
7992	-3419.732	-3584.146	164.4136	1.150303	3.274692	0.4584359	0.632204	0.367796	3.580179
7998	-3422.626	-3586.307	163.6807	1.138391	2.957143	0.44909	0.530251	0.469749	4.093325
8004	-3421.017	-3584.338	163.3216	1.153486	3.214894	0.3892715	0.549129	0.450871	4.291266
8010	-3419.995	-3584.257	164.2615	1.321673	3.214894	0.4942935	0.534149	0.465851	3.547192
8016	-3425.523	-3591.053	165.5293	1.390946	3.587761	0.3851542	0.49743	0.50257	2.784959
8022	-3417.038	-3583.455	166.4166	1.53788	3.587761	0.5129323	0.517572	0.482428	1.984079
8028	-3408.29	-3575.656	167.3658	1.742331	2.722573	0.3560062	0.580133	0.419867	1.630056
8034	-3406.922	-3574.43	167.5076	1.891663	3.019595	0.3586939	0.580133	0.419867	1.305084
8040	-3412.385	-3579.914	167.5293	1.966335	3.198073	0.3586939	0.569083	0.430917	1.162041
8046	-3412.769	-3580.137	167.3671	2.025856	3.198956	0.4840061	0.65123	0.34877	1.04127
8052	-3406.328	-3573.753	167.4255	1.978167	3.198956	0.407838	0.635721	0.364279	1.156826
8058	-3416.323	-3583.544	167.2211	1.93222	3.608743	0.407838	0.647065	0.352935	1.236618
8064	-3424.506	-3591.609	167.1033	1.771531	3.580874	0.4382587	0.629584	0.370416	1.422968
8070	-3420.73	-3588.254	167.5235	1.732062	2.577051	0.3822061	0.642159	0.357841	1.533196
8076	-3418.932	-3586.394	167.4623	1.758951	3.218781	0.2705165	0.642159	0.357841	1.533784
8082	-3418.379	-3585.487	167.1079	1.758992	3.520329	0.2796843	0.642159	0.357841	1.689701
8088	-3433.486	-3600.562	167.0762	1.63563	3.520329	0.3715341	0.705141	0.294859	1.655054
8094	-3426.126	-3593.326	167.2007	1.81724	3.666292	0.4559586	0.677884	0.322116	1.258677
8100	-3416.499	-3583.885	167.3852	1.884813	3.156969	0.4559586	0.792245	0.207755	1.210976
8106	-3414.489	-3581.952	167.4635	1.883897	3.672921	0.3549017	0.572738	0.427262	1.139938
8112	-3428.93	-3596.178	167.2478	1.788135	3.672921	0.4036082	0.556332	0.443668	1.320555
8118	-3417.406	-3584.519	167.1138	1.804137	4.011926	0.4036082	0.654392	0.345608	1.320555
8124	-3411.513	-3578.971	167.4574	1.784173	3.13748	0.4036082	0.560776	0.439224	1.320555
8130	-3399.086	-3566.437	167.351	1.664296	3.13748	0.4059996	0.623873	0.376127	1.492715
8136	-3405.757	-3572.953	167.1961	1.64354	2.039871	0.5493042	0.580374	0.419626	1.822859
8142	-3414.09	-3581.412	167.3219	1.698281	2.540023	0.4543718	0.681351	0.318649	1.619729
8148	-3415	-3582.661	167.6608	1.846565	2.540023	0.4543718	0.595968	0.404032	1.244328
8154	-3423.078	-3590.037	166.9597	1.763422	4.072436	0.4543718	0.712165	0.287835	1.385
8160	-3419.658	-3586.686	167.0279	1.719499	4.072436	0.4514398	0.652757	0.347243	1.370061
8166	-3413.492	-3580.686	167.1938	1.765425	3.655261	0.4146199	0.674625	0.325375	1.370061
8172	-3421.346	-3586.648	165.3021	1.765425	3.280143	1.107942	0.444865	0.555135	2.174033
8178	-3417.999	-3583.515	165.5158	1.64322	3.280143	0.664414	0.460929	0.539071	2.429774
8184	-3425.162	-3591.013	165.8506	1.653704	3.784955	0.664414	0.626285	0.373715	2.087013
8190	-3415.078	-3581.413	166.3351	1.5182	2.824171	0.603644	0.63243	0.36757	2.162532
8196	-3412.571	-3578.689	166.1188	1.481897	2.824171	0.5816002	0.485298	0.514702	2.345642
8202	-3411.42	-3577.578	166.1588	1.540137	2.824171	0.4779176	0.497632	0.502368	2.387893
8208	-3416.402	-3583.294	166.8922	1.540137	2.81528	0.4176431	0.522946	0.477054	1.984499
8214	-3419.457	-3586.118	166.6605	1.619902	4.055415	0.4176431	0.65932	0.34068	1.763356
8220	-3410.693	-3577.463	166.7698	1.574693	3.788982	0.4176431	0.640613	0.359387	1.782224
8226	-3403.062	-3570.101	167.0388	1.623297	2.701141	0.4846949	0.591526	0.408474	1.782224
8232	-3404.025	-3571.21	167.1846	1.659509	3.1704	0.4846949	0.595303	0.404697	1.505129
8238	-3409.906	-3577.049	167.1431	1.760144	3.341739	0.4256847	0.539927	0.460073	1.487797
8244	-3406.459	-3574.003	167.5445	1.763275	2.937491	0.40182	0.539927	0.460073	1.337752
8250	-3411.026	-3578.225	167.1996	1.853861	3.627315	0.4886621	0.528045	0.471955	1.193103
8256	-3408.412	-3575.825	167.4128	1.822577	2.975518	0.4170101	0.611122	0.388878	1.359341
8262	-3407.694	-3574.684	166.9897	1.690674	3.116254	0.4170101	0.611122	0.388878	1.727034
8268	-3403.489	-3570.078	166.5892	1.616784	3.116254	0.5225702	0.611122	0.388878	1.927913
8274	-3436.634	-3603.105	166.4708	1.622368	3.116254	0.6268815	0.666189	0.333811	1.89822
8280	-3406.148	-3573.061	166.9131	1.622368	3.116254	0.3966622	0.646435	0.353565	1.854441
8286	-3401.345	-3568.14	166.795	1.553765	3.726106	0.3966622	0.662572	0.337428	1.82231
8292	-3410.543	-3577.249	166.7055	1.544009	3.726106	0.2254369	0.701716	0.298284	2.152408
8298	-3421.654	-3588.857	167.203	1.639695	2.998887	0.3210407	0.756519	0.243481	1.78474
8304	-3412.434	-3579.523	167.0886	1.666897	2.828113	0.3785392	0.593815	0.406185	1.812546
8310	-3409.64	-3576.579	166.9385	1.654993	2.377962	0.5369127	0.562123	0.437877	1.878951
8316	-3412.404	-3579.074	166.6703	1.631183	2.377962	0.5156346	0.719965	0.280035	2.096719
8322	-3413.981	-3581.022	167.0402	1.593388	2.377962	0.5267547	0.609612	0.390388	1.862539
8328	-3422.821	-3589.622	166.8007	1.720144	2.958462	0.5718786	0.582158	0.417842	1.703521
8334	-3415.837	-3582.666	166.8288	1.692068	2.958462	0.5718786	0.714244	0.285756	1.703521
8340	-3423.274	-3588.024	164.7502	1.399386	2.747188	0.842826	0.705018	0.294982	3.051068
8346	-3418.967	-3583.604	164.6374	1.348009	3.117457	0.842826	0.64184	0.35816	3.053333
8352	-3417.669	-3583.079	165.41	1.396767	3.117457	0.4567896	0.64184	0.35816	2.883814
8358	-3413.395	-3579.997	166.6027	1.485274	2.928432	0.4567896	0.64184	0.35816	2.132109
8364	-3397.689	-3564.35	166.6609	1.495029	2.882469	0.3297258	0.64735	0.35265	2.262183
8370	-3408.116	-3574.893	166.7774	1.492857	2.781028	0.4336947	0.58735	0.41265	2.08252
8376	-3407.802	-3573.349	165.5471	1.395858	2.547275	0.3864699	0.558961	0.441039	3.033659
8382	-3410.402	-3575.497	165.095	1.434837	3.418447	0.4067752	0.594963	0.405037	3.033659
8388	-3418.033	-3582.748	164.7157	1.351774	3.396771	0.4889874	0.669105	0.330895	3.226359
8394	-3404.794	-3570.482	165.6877	1.36865	2.661265	0.4889874	0.589327	0.410673	2.820207
8400	-3403.449	-3569.433	165.9841	1.362345	2.661265	0.4889874	0.721004	0.278996	2.642656
8406	-3406.645	-3572.966	166.3205	1.459512	2.71147	0.4934293	0.605815	0.394185	2.352299
8412	-3412.459	-3578.785	166.3264	1.455678	2.761142	0.4910206	0.645673	0.354327	2.339157
8418	-3420.217	-3586.192	165.9747	1.537735	3.737654	0.4910206	0.667278	0.332722	2.261471
8424	-3412.59	-3579.234	166.6443	1.581659	2.494425	0.5243696	0.623602	0.376398	2.098694
8430	-3411.789	-3578.504	166.715	1.594309	3.8447	0.4001306	0.623602	0.376398	1.816086
8436	-3416.088	-3583.085	166.997	1.655817	2.869992	0.4194431	0.592639	0.407361	1.816086
8442	-3409.448	-3576.246	166.7972	1.655817	2.963367	0.5108866	0.548354	0.451646	1.816086
8448	-3432.436	-3598.607	166.1711	1.650354	3.177181	0.5167028	0.540604	0.459396	2.172042
8454	-3447.759	-3614.354	166.595	1.593361	2.590789	0.535725	0.591807	0.408193	2.080837
8460	-3434.509	-3601.315	166.8063	1.593361	3.668424	0.3741085	0.716361	0.283639	1.832203
8466	-3428.557	-3595.61	167.0531	1.607488	3.668424	0.3843472	0.751095	0.248905	1.634366
8472	-3420.56	-3585.153	164.5926	1.260414	2.897296	0.3011243	0.710455	0.289545	3.686913
8478	-3431.842	-3597.617	165.7752	1.343735	2.935679	0.3456001	0.642549	0.357451	2.871178
8484	-3422.343	-3589.571	167.2283	1.757169	3.11725	0.325566	0.70131	0.29869	1.641827
8490	-3426.672	-3593.783	167.1104	1.757169	3.11725	0.325566	0.654471	0.345529	1.725743
8496	-3422.158	-3588.754	166.5964	1.565057	3.11725	0.4525962	0.697249	0.302751	2.036231
8502	-3420.33	-3585.926	165.5965	1.341436	2.498519	0.3943038	0.637636	0.362364	3.041728
8508	-3428.203	-3593.203	165.0006	1.196757	2.787024	0.4091157	0.684192	0.315808	3.383071
8514	-3428.656	-3594.369	165.7129	1.555513	2.474027	0.7899082	0.576132	0.423868	2.484628
8520	-3423.087	-3589.531	166.444	1.537614	2.720558	0.5927339	0.634597	0.365403	2.119781
8526	-3414.151	-3580.451	166.3007	1.562134	4.14845	0.5208401	0.661923	0.338077	1.906444
8532	-3423.869	-3590.293	166.4241	1.443035	4.14845	0.5208401	0.624616	0.375384	1.903501
8538	-3414.75	-3579.922	165.1714	1.316664	3.920546	0.4258056	0.671875	0.328125	2.928267
8544	-3413.701	-3579.481	165.7802	1.330495	3.920546	0.4325354	0.668907	0.331093	2.539594
8550	-3413.265	-3579.082	165.817	1.388592	2.962912	0.4325354	0.578531	0.421469	2.707004
8556	-3416.805	-3580.963	164.1577	1.165001	2.962912	0.3194294	0.624865	0.375135	3.951645
8562	-3416.732	-3581.45	164.7178	1.218955	3.246155	0.3852872	0.624865	0.375135	3.448861
8568	-3412.24	-3576.221	163.9809	1.187847	3.340896	0.4141376	0.577454	0.422546	3.840067
8574	-3434.314	-3598.389	164.0747	1.094036	3.340896	0.4141376	0.577454	0.422546	3.840067
8580	-3425.318	-3589.351	164.0327	1.06234	3.340896	0.4141376	0.59798	0.40202	3.882401
8586	-3414.519	-3579.049	164.5295	1.226625	2.728072	0.4141376	0.672307	0.327693	3.65039
8592	-3423.368	-3587.783	164.4145	1.170663	2.728072	0.4141376	0.617175	0.382825	3.749222
8598	-3414.986	-3579.912	164.9265	1.170524	2.467475	0.561378	0.617175	0.382825	3.379134
8604	-3413.322	-3578.093	164.7718	1.173665	3.004568	0.4442457	0.658056	0.341944	3.436952
8610	-3415.682	-3580.94	165.2581	1.13131	2.596737	0.4145141	0.626052	0.373948	3.316036
8616	-3409.89	-3575.039	165.1489	1.232711	2.730676	0.3860734	0.692355	0.307645	3.316036
8622	-3408.043	-3572.065	164.0221	1.183753	2.730676	0.6361115	0.596856	0.403144	3.76101
8628	-3415.577	-3580.911	165.3338	1.234717	3.379101	0.4212187	0.67098	0.32902	3.003263
8634	-3415.098	-3580.502	165.4036	1.421554	2.428567	0.6749061	0.484484	0.515516	2.860576
8640	-3409.188	-3573.356	164.1681	1.236816	2.560497	0.3790754	0.585264	0.414736	3.937188
8646	-3419.245	-3583.761	164.5159	1.15027	3.321448	0.3790754	0.554451	0.445549	3.596384
8652	-3412.32	-3576.226	163.9067	1.183263	3.242991	0.3815902	0.554451	0.445549	3.943566
8658	-3413.885	-3578.414	164.5295	1.236021	2.551427	0.5266762	0.616278	0.383722	3.580269
8664	-3423.595	-3588.816	165.2213	1.198173	2.334955	0.3457855	0.621736	0.378264	3.455347
8670	-3406.353	-3571.245	164.8915	1.177942	2.334955	0.4011597	0.668753	0.331247	3.594104
8676	-3407.251	-3572.08	164.8294	1.183816	2.334955	0.4011597	0.52839	0.47161	3.626731
8682	-3406.937	-3572.687	165.7506	1.251334	2.334955	0.3276225	0.662505	0.337495	3.13511
8688	-3415.793	-3580.945	165.152	1.266397	2.788345	0.516839	0.539204	0.460796	3.140935
8694	-3414.387	-3578.714	164.3269	1.124494	2.690401	0.4710715	0.641741	0.358259	3.777256
8700	-3408.163	-3572.844	164.6805	1.195227	2.690401	0.5286816	0.62576	0.37424	3.47583
8706	-3404.314	-3570.142	165.8279	1.18799	2.254037	0.5065918	0.654537	0.345463	2.950017
8712	-3404.823	-3570.46	165.6371	1.361091	3.812316	0.4876459	0.750897	0.249103	2.572733
8718	-3403.713	-3570.507	166.794	1.523591	2.699352	0.4876459	0.624376	0.375624	2.013363
8724	-3402.797	-3569.249	166.452	1.523591	2.63872	0.4876459	0.667195	0.332805	2.255222
8730	-3416.234	-3582.15	165.9158	1.412044	3.155749	0.3345584	0.667565	0.332435	2.70201
8736	-3406.467	-3572.715	166.2482	1.450839	3.155749	0.404248	0.677641	0.322359	2.38255
8742	-3404.044	-3569.238	165.1946	1.233348	2.850516	0.404248	0.605632	0.394368	3.235989
8748	-3402.105	-3568.119	166.0137	1.412016	3.766308	0.404248	0.535485	0.464515	2.408925
8754	-3424.996	-3591.344	166.3476	1.428409	2.699997	0.4031631	0.530657	0.469343	2.459969
8760	-3416.125	-3581.819	165.6943	1.332068	3.828907	0.3447952	0.508232	0.491768	2.717877
8766	-3399.987	-3565.455	165.4686	1.370343	3.828907	0.400939	0.596611	0.403389	2.763057
8772	-3417.615	-3582.955	165.3398	1.430106	3.828907	0.4262657	0.623783	0.376217	2.776052
8778	-3422.493	-3588.759	166.2655	1.433137	3.099754	0.3281595	0.620611	0.379389	2.495311
8784	-3428.282	-3595.724	167.4413	1.761602	3.031761	0.4303058	0.609194	0.390806	1.346637
8790	-3414.005	-3581.463	167.4587	1.78918	2.865958	0.4246898	0.632403	0.367597	1.375735
8796	-3410.47	-3577.726	167.2565	1.814212	2.865958	0.5280986	0.674977	0.325023	1.375735
8802	-3412.459	-3579.604	167.1451	1.690795	2.865958	0.5280986	0.608226	0.391774	1.554032
8808	-3404.39	-3571.732	167.3425	1.690795	2.865958	0.3915539	0.657039	0.342961	1.58545
8814	-3414.921	-3581.954	167.0335	1.575017	2.846741	0.3915539	0.522905	0.477095	1.889933
8820	-3410.006	-3576.372	166.3659	1.411955	2.648303	0.5410124	0.605068	0.394932	2.323491
8826	-3415.228	-3581.301	166.0734	1.432076	3.250613	0.4064999	0.543558	0.456442	2.477618
8832	-3419.443	-3585.303	165.8597	1.394925	3.250613	0.3963478	0.593425	0.406575	2.64565
8838	-3409.931	-3576.763	166.8325	1.458331	2.478762	0.4343921	0.648075	0.351925	2.161651
8844	-3416.706	-3583.314	166.6079	1.60137	3.109307	0.4343921	0.63532	0.36468	2.028331
8850	-3426.956	-3593.833	166.8768	1.60137	3.109307	0.4343921	0.620746	0.379254	1.847086
8856	-3426.927	-3594.22	167.293	1.579621	3.167058	0.3765295	0.646147	0.353853	1.631184
8862	-3418.359	-3585.34	166.9808	1.544635	3.167058	0.3765295	0.613965	0.386035	1.874223
8868	-3408.933	-3575.169	166.2363	1.445077	3.167058	0.3765295	0.652301	0.347699	2.425078
8874	-3421.648	-3588.202	166.5534	1.431573	3.167058	0.4002206	0.482685	0.517315	2.201702
8880	-3401.138	-3566.919	165.7809	1.388576	3.167058	0.4002206	0.623482	0.376518	2.714038
8886	-3421.737	-3586.982	165.2448	1.290458	3.167058	0.5041355	0.623482	0.376518	2.98667
8892	-3425.003	-3591.048	166.0454	1.483141	2.889556	0.5041355	0.750953	0.249047	2.449448
8898	-3421.995	-3586.999	165.0037	1.266813	2.661686	0.4064859	0.637514	0.362486	3.376839
8904	-3434.993	-3600.119	165.1253	1.322719	3.127507	0.3441737	0.637514	0.362486	3.226011
8910	-3423.811	-3588.889	165.0781	1.379041	2.914641	0.5575261	0.600536	0.399464	3.046366
8916	-3426.976	-3592.222	165.2459	1.431716	2.914641	0.6781108	0.669834	0.330166	2.809675
8922	-3435.1	-3600.108	165.0074	1.444412	2.914641	0.7499831	0.683793	0.316207	2.890656
8928	-3421.76	-3587.723	165.9626	1.444412	3.048073	0.2922698	0.63739	0.36261	2.739505
8934	-3414.022	-3580.086	166.0643	1.433966	3.048073	0.3151594	0.63739	0.36261	2.650989
8940	-3417.636	-3583.927	166.2913	1.498268	1.930613	0.4211313	0.64269	0.35731	2.681707
8946	-3423.349	-3589.98	166.6311	1.581202	3.114252	0.3332245	0.712052	0.287948	2.157141
8952	-3435.849	-3599.938	164.0895	1.187203	3.271998	0.4439568	0.683273	0.316727	3.761924
8958	-3432.603	-3596.785	164.1822	1.107775	3.271998	0.4867861	0.676423	0.323577	3.711318
8964	-3431.326	-3597.635	166.3087	1.349617	3.330418	0.3807008	0.627631	0.372369	2.393307
8970	-3439.412	-3606.066	166.6543	1.545483	2.189226	0.4951061	0.477408	0.522592	2.249494
8976	-3422.134	-3588.481	166.3467	1.514449	2.369934	0.5301879	0.570365	0.429635	2.36819
8982	-3433.683	-3599.857	166.1735	1.385739	2.407962	0.2954449	0.465754	0.534246	2.821685
8988	-3424.741	-3588.863	164.1224	1.284242	3.834522	0.3436809	0.705399	0.294601	3.679412
8994	-3428.479	-3592.721	164.2422	1.189452	3.304042	0.3436809	0.690138	0.309862	3.778246
9000	-3411.323	-3577.795	166.4715	1.475005	3.504185	0.3065558	0.535647	0.464353	2.268394
9006	-3405.443	-3571.62	166.1772	1.448291	3.504185	0.4683427	0.55318	0.44682	2.268394
9012	-3413.167	-3578.345	165.1784	1.279467	3.504185	0.2925842	0.623377	0.376623	3.201263
9018	-3415.762	-3581.848	166.0864	1.513796	3.504185	0.4166447	0.623377	0.376623	2.343953
9024	-3421.47	-3587.519	166.0485	1.430718	2.79578	0.3863713	0.598438	0.401562	2.63776
9030	-3418.508	-3584.376	165.8676	1.424102	3.470255	0.4129254	0.553504	0.446496	2.550266
9036	-3408.669	-3573.804	165.135	1.41816	3.470255	0.4183306	0.673495	0.326505	2.994812
9042	-3421.248	-3585.56	164.3127	1.191152	3.353304	0.3696966	0.633387	0.366613	3.694194
9048	-3413.101	-3578.72	165.6191	1.388853	3.111244	0.3696966	0.633387	0.366613	2.863187
9054	-3414.792	-3581.233	166.4414	1.564259	3.111244	0.3897507	0.671685	0.328315	2.216221
9060	-3412.114	-3578.921	166.8064	1.503553	3.136931	0.3035344	0.725359	0.274641	2.130837
9066	-3412.863	-3578.667	165.8039	1.479687	3.136931	0.435098	0.566398	0.433602	2.611161
9072	-3397.945	-3563.721	165.775	1.374097	4.210613	0.4594863	0.626125	0.373875	2.424948
9078	-3406.031	-3572.078	166.0473	1.355624	2.883831	0.4594863	0.626125	0.373875	2.576736
9084	-3410.64	-3576.739	166.0991	1.446931	2.883831	0.4594863	0.638553	0.361447	2.48757
9090	-3422.683	-3587.948	165.2648	1.285521	2.734608	0.4106423	0.624276	0.375724	3.187226
9096	-3418.426	-3582.927	164.5013	1.359152	3.04126	0.5323452	0.624276	0.375724	3.390801
9102	-3419.402	-3584.043	164.6418	1.266785	2.584482	0.517859	0.683085	0.316915	3.495911
9108	-3409.632	-3573.581	163.9488	1.140478	3.583623	0.4215554	0.576672	0.423328	3.824954
9114	-3416.371	-3580.518	164.147	1.263234	3.787874	0.4215554	0.52681	0.47319	3.596989
9120	-3413.953	-3578.705	164.752	1.13146	2.70304	0.4585344	0.586444	0.413556	3.536257
9126	-3406.598	-3571.019	164.4207	1.169759	2.70304	0.3319988	0.586444	0.413556	3.848495
9132	-3406.404	-3571.761	165.3565	1.25484	2.70304	0.4037934	0.553806	0.446194	3.167382
9138	-3414.261	-3579.48	165.2185	1.392743	2.70304	0.4265074	0.519848	0.480152	3.142083
9144	-3413.681	-3579.89	166.2087	1.404182	2.056941	0.4487117	0.596432	0.403568	2.713682
9150	-3409.838	-3575.87	166.0319	1.428379	2.663179	0.3646174	0.596432	0.403568	2.713682
9156	-3412.733	-3579.141	166.4074	1.497586	2.534189	0.3211149	0.647306	0.352694	2.53442
9162	-3408.824	-3575.315	166.4914	1.394674	2.824239	0.4281719	0.683172	0.316828	2.325037
9168	-3425.037	-3590.358	165.3201	1.446105	3.363922	0.6142719	0.693712	0.306288	2.696739
9174	-3408.3	-3573.967	165.6673	1.359224	3.252648	0.6142719	0.640011	0.359989	2.563051
9180	-3416.624	-3582.803	166.179	1.39276	2.433599	0.3995118	0.679711	0.320289	2.670929
9186	-3403.823	-3570.02	166.1974	1.431597	2.433599	0.3803699	0.662809	0.337191	2.658788
9192	-3402.805	-3569.096	166.2904	1.520041	2.564654	0.4222445	0.682336	0.317664	2.455829
9198	-3413.858	-3579.646	165.7881	1.442553	2.756391	0.5211696	0.673494	0.326506	2.654418
9204	-3416.975	-3582.559	165.5843	1.369141	2.756391	0.5737419	0.674361	0.325639	2.774335
9210	-3427.71	-3593.285	165.5748	1.509343	3.003787	0.6211038	0.674361	0.325639	2.584697
9216	-3428.4	-3593.577	165.1771	1.544624	3.305812	0.8069293	0.643711	0.356289	2.584697
9222	-3431.631	-3596.019	164.388	1.474358	4.021981	0.8069293	0.642331	0.357669	2.950841
9228	-3424.451	-3590.571	166.1195	1.565391	2.25872	0.6019608	0.603366	0.396634	2.447444
9234	-3406.725	-3573.501	166.7765	1.569514	3.263195	0.3424968	0.618169	0.381831	2.016457
9240	-3407.616	-3573.911	166.2951	1.569514	3.832004	0.3177562	0.586089	0.413911	2.228534
9246	-3414.427	-3580.545	166.1177	1.302454	3.881573	0.3423416	0.707136	0.292864	2.465794
9252	-3408.327	-3573.655	165.3273	1.401435	3.889624	0.3402564	0.707136	0.292864	2.892082
9258	-3413.36	-3578.648	165.2883	1.344053	3.045813	0.2604578	0.499898	0.500102	3.252161
9264	-3422.127	-3588.19	166.0629	1.311259	2.680124	0.2604578	0.659437	0.340563	2.905676
9270	-3417.388	-3583.874	166.4864	1.505185	2.708522	0.2844302	0.610134	0.389866	2.481861
9276	-3415.242	-3581.417	166.1754	1.437226	2.910481	0.4375146	0.608315	0.391685	2.463099
9282	-3423.355	-3589.228	165.8722	1.352189	2.666235	0.4375146	0.724008	0.275992	2.771152
9288	-3431.347	-3598.544	167.1978	1.662613	3.050774	0.4375146	0.677663	0.322337	1.590536
9294	-3427.952	-3594.963	167.011	1.501607	2.769986	0.3787768	0.666627	0.333373	1.994733
9300	-3425.978	-3593.011	167.0326	1.603492	3.230664	0.398247	0.58522	0.41478	1.750534
9306	-3415.982	-3582.553	166.5709	1.523723	3.698303	0.398247	0.669339	0.330661	1.999125
9312	-3431.488	-3598.121	166.6337	1.581782	3.363586	0.4002591	0.611586	0.388414	1.999125
9318	-3420.958	-3587.301	166.3426	1.520124	3.363586	0.4002591	0.628475	0.371525	2.230189
9324	-3418.948	-3585.551	166.6036	1.520124	3.363586	0.3908415	0.688636	0.311364	2.072056
9330	-3420.638	-3587.788	167.1494	1.815157	3.045541	0.3542272	0.604892	0.395108	1.634042
9336	-3418.688	-3585.48	166.7913	1.665753	3.405893	0.3542272	0.604892	0.395108	1.887657
9342	-3418.948	-3585.659	166.7118	1.606597	3.405893	0.424792	0.478893	0.521107	1.887657
9348	-3417.258	-3583.908	166.6506	1.549333	3.107195	0.424792	0.668854	0.331146	2.04679
9354	-3406.892	-3573.477	166.5858	1.541715	3.286547	0.424792	0.685345	0.314655	2.04679
9360	-3423.935	-3589.178	165.2428	1.596282	3.286547	0.7148604	0.685345	0.314655	2.586542
9366	-3424.156	-3588.243	164.0863	1.499586	3.286547	0.9822397	0.526473	0.473527	3.161704
9372	-3423.621	-3587.866	164.2445	1.481918	3.286547	0.9822397	0.558946	0.441054	3.078014
9378	-3424.721	-3588.818	164.0974	1.48278	3.198898	1.17369	0.541149	0.458851	3.078014
9384	-3423.948	-3587.565	163.6167	1.468287	3.198898	1.17369	0.482218	0.517782	3.371098
9390	-3419.556	-3583.695	164.1382	1.256757	2.602226	0.8967688	0.630977	0.369023	3.501011
9396	-3410.716	-3575.682	164.9661	1.24833	2.63323	0.410325	0.630977	0.369023	3.413295
9402	-3414.63	-3578.94	164.3102	1.250816	2.63323	0.5786379	0.509264	0.490736	3.629787
9408	-3410.374	-3574.985	164.6108	1.201494	3.045733	0.3348748	0.664705	0.335295	3.629787
9414	-3437.29	-3604.335	167.0449	1.677295	3.059004	0.4391088	0.719344	0.280656	1.685466
9420	-3430.733	-3598.244	167.5104	1.650228	2.998745	0.3196938	0.579454	0.420546	1.560044
9426	-3418.75	-3585.645	166.8946	1.710489	4.308622	0.3250619	0.655805	0.344195	1.607749
9432	-3411.198	-3577.923	166.7248	1.680376	4.308622	0.3399105	0.709774	0.290226	1.727375
9438	-3417.172	-3583.877	166.7046	1.738667	4.554327	0.4800062	0.662003	0.337997	1.448933
9444	-3429.273	-3596.562	167.2893	1.819593	4.554327	0.2861971	0.626012	0.373988	1.22767
9450	-3414.094	-3581.489	167.3951	1.789825	2.787196	0.4596169	0.595338	0.404662	1.403161
9456	-3414.976	-3581.95	166.9739	1.789825	2.787196	0.4596169	0.561476	0.438524	1.713797
9462	-3421.59	-3589.179	167.5891	1.784275	2.304207	0.4596169	0.688273	0.311727	1.438777
9468	-3423.375	-3590.927	167.5521	1.802697	2.304207	0.3831243	0.610878	0.389122	1.559609
9474	-3424.531	-3591.484	166.9532	1.727874	3.294675	0.5087447	0.704977	0.295023	1.559609
9480	-3430.882	-3597.708	166.8262	1.756594	3.294675	0.5087447	0.609726	0.390274	1.631148
9486	-3426.958	-3593.963	167.0051	1.756594	2.438658	0.6958404	0.593052	0.406948	1.578708
9492	-3422.151	-3588.75	166.5991	1.613133	2.438658	0.6958404	0.570145	0.429855	1.962186
9498	-3407.483	-3573.295	165.8126	1.518984	3.172635	0.427669	0.569375	0.430625	2.58085
9504	-3409.647	-3575.437	165.7898	1.529088	3.172635	0.427669	0.580483	0.419517	2.588711
9510	-3419.382	-3586.109	166.7268	1.474124	2.481366	0.427669	0.6058	0.3942	2.227014
9516	-3419.57	-3585.751	166.1817	1.430143	2.475059	0.4302274	0.680448	0.319552	2.597768
9522	-3433.302	-3598.286	164.984	1.175492	2.31894	0.5197114	0.612457	0.387543	3.42506
9528	-3423.741	-3589.491	165.7504	1.262785	2.292931	0.5197114	0.670916	0.329084	2.926344
9534	-3425.377	-3590.516	165.1391	1.312732	2.099703	0.5197114	0.587939	0.412061	3.323312
9540	-3418.411	-3583.178	164.7678	1.268465	2.97664	0.5945414	0.587939	0.412061	3.247742
9546	-3416.511	-3580.948	164.4365	1.155215	2.892069	0.5594573	0.569944	0.430056	3.560491
9552	-3415.169	-3579.011	163.8428	1.078943	2.892069	0.5594573	0.533246	0.466754	3.946977
9558	-3414.505	-3578.556	164.0514	1.174372	2.892069	0.4978203	0.565365	0.434635	3.828837
9564	-3413.279	-3577.926	164.6471	1.202098	2.744415	0.4428638	0.680174	0.319826	3.561309
9570	-3413.796	-3577.846	164.0493	1.170275	3.66626	0.4268335	0.57555	0.42445	3.726853
9576	-3421.838	-3586.385	164.5471	1.260179	3.560122	0.3759717	0.576144	0.423856	3.464915
9582	-3422.851	-3587.154	164.3026	1.214095	3.560122	0.5404016	0.5019	0.4981	3.464915
9588	-3431.319	-3596.035	164.7168	1.215075	3.560122	0.31726	0.639936	0.360064	3.464915
9594	-3416.591	-3583.331	166.7405	1.617614	2.40133	0.6044667	0.573423	0.426577	1.961144
9600	-3408.051	-3574.562	166.5108	1.552408	3.256285	0.6119014	0.609688	0.390312	1.894584
9606	-3410.73	-3575.225	164.4948	1.40158	3.256285	0.6119014	0.609688	0.390312	3.247395
9612	-3423.34	-3588.315	164.9751	1.330748	3.256285	0.5607319	0.609688	0.390312	3.048948
9618	-3425.119	-3589.43	164.3105	1.138854	2.971589	0.4354172	0.690296	0.309704	3.742633
9624	-3420	-3585.286	165.2858	1.250691	2.919057	0.4354172	0.568632	0.431368	3.119283
9630	-3409.318	-3574.622	165.3039	1.280559	2.910505	0.3972859	0.583477	0.416523	3.135534
9636	-3425.209	-3591.192	165.9828	1.390444	2.112141	0.3972859	0.647539	0.352461	2.898555
9642	-3434.687	-3601.154	166.4669	1.548889	2.121537	0.3972859	0.598333	0.401667	2.500824
9648	-3427.508	-3593.437	165.929	1.530584	3.236451	0.4399882	0.598482	0.401518	2.47103
9654	-3426.707	-3593.044	166.3364	1.4692	3.236451	0.4399882	0.542608	0.457392	2.251472
9660	-3428.093	-3592.498	164.4051	1.178778	3.663277	0.3822786	0.530296	0.469704	3.565801
9666	-3418.855	-3581.365	162.5098	1.065588	2.769134	0.3091905	0.651501	0.348499	4.996936
9672	-3431.723	-3595.925	164.2018	1.193644	2.769134	0.3759776	0.651501	0.348499	3.890278
9678	-3424.88	-3590.3	165.4195	1.226764	3.222256	0.3308804	0.634889	0.365111	3.102483
9684	-3412.402	-3577.203	164.8014	1.325975	3.232847	0.5406085	0.634889	0.365111	3.179362
9690	-3416.134	-3581.101	164.9673	1.270594	3.232847	0.4731623	0.705775	0.294225	3.179362
9696	-3414.308	-3579.723	165.414	1.315624	3.36175	0.4731623	0.722019	0.277981	2.854168
9702	-3417.136	-3582.538	165.4024	1.497017	3.36175	0.3878019	0.673406	0.326594	2.846275
9708	-3413.335	-3578.073	164.7382	1.326759	3.629788	0.4272387	0.660998	0.339002	3.24048
9714	-3408.052	-3572.448	164.3967	1.276084	3.629788	0.4742701	0.572566	0.427434	3.422051
9720	-3409.635	-3573.774	164.1385	1.291284	3.629788	0.4742701	0.672597	0.327403	3.563824
9726	-3412.315	-3576.949	164.6348	1.219749	3.020348	0.5195016	0.54877	0.45123	3.411429
9732	-3412.797	-3577.709	164.9126	1.353155	3.405203	0.4392633	0.610952	0.389048	3.158241
9738	-3412.204	-3577.032	164.8278	1.369659	2.867231	0.4392633	0.637287	0.362713	3.329175
9744	-3426.207	-3591.904	165.6967	1.309779	2.867231	0.560379	0.696164	0.303836	2.723945
9750	-3428.343	-3594.033	165.6901	1.315856	2.813386	0.447501	0.652997	0.347003	2.852166
9756	-3421.05	-3586.393	165.3432	1.291173	3.06892	0.447501	0.66933	0.33067	3.00969
9762	-3431.439	-3596.335	164.8959	1.344973	3.353349	0.6336842	0.60959	0.39041	3.001225
9768	-3431.59	-3596.714	165.1239	1.257513	2.847691	0.4365168	0.624811	0.375189	3.228709
9774	-3434.385	-3597.845	163.4595	1.078767	2.847691	0.4085192	0.552798	0.447202	4.322112
9780	-3431.584	-3593.616	162.0323	1.158705	2.847691	0.4500506	0.675177	0.324823	5.033793
9786	-3434.925	-3599.313	164.3876	1.108327	2.181515	0.5231432	0.675211	0.324789	3.849203
9792	-3421.912	-3588.213	166.3008	1.386973	2.979197	0.3776252	0.61808	0.38192	2.468928
9798	-3420.947	-3586.437	165.4899	1.340086	2.979197	0.5065696	0.600824	0.399176	2.853705
9804	-3409.44	-3575.097	165.6566	1.41007	2.979197	0.5065696	0.681124	0.318876	2.709442
9810	-3407.792	-3573.192	165.4	1.3796	3.844358	0.4792582	0.673939	0.326061	2.709442
9816	-3424.762	-3590.446	165.6839	1.399774	3.166984	0.4792582	0.570815	0.429185	2.678941
9822	-3433.121	-3598.394	165.2724	1.363822	4.96758	0.4739794	0.515561	0.484439	2.587097
9828	-3432.472	-3599.259	166.7879	1.58826	3.198344	0.4521884	0.515561	0.484439	1.870175
9834	-3417.673	-3584.639	166.9667	1.686314	3.198344	0.460957	0.52269	0.47731	1.666295
9840	-3419.863	-3586.859	166.9964	1.724343	2.640545	0.4770181	0.582703	0.417297	1.770137
9846	-3430.741	-3597.585	166.8443	1.806158	2.847825	0.7498997	0.570831	0.429169	1.466865
9852	-3432.23	-3599.769	167.5391	1.755336	2.966297	0.386036	0.552404	0.447596	1.362847
9858	-3423.916	-3591.553	167.6376	1.742734	2.695738	0.4038589	0.552404	0.447596	1.362847
9864	-3427.943	-3595.25	167.307	1.726825	3.343493	0.4068888	0.552404	0.447596	1.414529
9870	-3444.739	-3611.006	166.2665	1.372265	2.928247	0.5396789	0.642828	0.357172	2.333041
9876	-3436.554	-3601.502	164.9482	1.284127	2.984812	0.4007047	0.675733	0.324267	3.321008
9882	-3411.48	-3576.941	165.4609	1.366807	2.984812	0.3956411	0.594184	0.405816	2.972825
9888	-3410.993	-3576.621	165.6275	1.29434	2.770578	0.3956411	0.578498	0.421502	2.972825
9894	-3418.593	-3584.089	165.4955	1.401238	2.770578	0.3956411	0.568657	0.431343	2.987927
9900	-3409.459	-3575.595	166.1361	1.452866	2.770578	0.3956411	0.642953	0.357047	2.565641
9906	-3410.246	-3576.387	166.1409	1.353923	2.608299	0.4459788	0.583748	0.416252	2.612482
9912	-3402.115	-3568.776	166.6602	1.463905	3.119332	0.3800047	0.681161	0.318839	2.14973
9918	-3402.486	-3567.622	165.1361	1.162337	3.119332	0.3800047	0.656649	0.343351	3.272731
9924	-3407.117	-3570.305	163.1878	1.043191	3.119332	0.3800047	0.618708	0.381292	4.46136
9930	-3426.456	-3589.397	162.941	1.009083	3.605987	0.4242732	0.57636	0.42364	4.465314
9936	-3432.476	-3596.953	164.477	1.265091	2.535215	0.3640324	0.57636	0.42364	3.768011
9942	-3413.219	-3577.616	164.3971	1.230932	2.535215	0.3640324	0.589938	0.410062	3.833664
9948	-3423.529	-3587.598	164.069	1.174532	2.855359	0.3640324	0.593104	0.406896	3.969107
9954	-3421.159	-3584.126	162.9669	1.007449	3.375797	0.3570722	0.583272	0.416728	4.574447
9960	-3417.852	-3581.455	163.603	1.203098	3.375797	0.4317069	0.569279	0.430721	4.021417
9966	-3425.797	-3590.908	165.1111	1.283042	2.735211	0.3418576	0.518784	0.481216	3.360882
9972	-3417.295	-3582.038	164.7429	1.202118	3.44419	0.5038537	0.54042	0.45958	3.273371
9978	-3410.769	-3575.145	164.3759	1.304186	3.044802	0.6418462	0.582599	0.417401	3.400723
9984	-3403.173	-3568.061	164.8874	1.091232	2.434565	0.4670439	0.582599	0.417401	3.547413
9990	-3411.14	-3577.128	165.9883	1.380579	3.182734	0.4664077	0.692014	0.307986	2.51202
9996	-3411.355	-3577.187	165.8316	1.375879	2.916351	0.4447555	0.617832	0.382168	2.704624
10002	-3418.904	-3585.597	166.6927	1.524395	2.916351	0.4646358	0.594113	0.405887	2.041645
10008	-3421.789	-3588.544	166.7553	1.556805	2.916351	0.4646358	0.594113	0.405887	1.978409
10014	-3426.649	-3592.604	165.9545	1.477934	3.260259	0.4646358	0.60691	0.39309	2.454674
10020	-3424.94	-3592.136	167.1958	1.749129	2.257345	0.5013541	0.669813	0.330187	1.718792
10026	-3422.83	-3588.632	165.8022	1.365153	2.421934	0.6507973	0.456778	0.543222	2.673693
10032	-3424.551	-3589.805	165.2532	1.331379	2.743702	0.6589704	0.701516	0.298484	2.927748
10038	-3434.943	-3599.64	164.6967	1.29681	2.451552	0.7004766	0.414042	0.585958	3.32972
10044	-3421.473	-3586.206	164.7329	1.357161	2.451552	0.7004766	0.573444	0.426556	3.272805
10050	-3416.647	-3580.468	163.821	1.199124	2.879546	0.7004766	0.635077	0.364923	3.779634
10056	-3405.767	-3571.382	165.615	1.468238	2.879546	0.446592	0.635077	0.364923	2.788386
10062	-3406.686	-3572.84	166.1542	1.438236	3.041686	0.446592	0.665403	0.334597	2.430217
10068	-3402.953	-3568.785	165.8315	1.345444	3.041686	0.446592	0.628456	0.371544	2.688451
10074	-3402.718	-3568.222	165.5042	1.354915	3.041686	0.446592	0.550138	0.449862	2.882147
10080	-3406.203	-3570.863	164.6602	1.265051	3.041686	0.446592	0.652084	0.347916	3.437166
10086	-3403.969	-3568.482	164.5132	1.287646	3.23875	0.4415201	0.632619	0.367381	3.468034
10092	-3408.3	-3573.295	164.9941	1.229334	2.926305	0.4039529	0.603746	0.396254	3.337376
10098	-3411.494	-3575.74	164.2467	1.302654	3.362143	0.4039529	0.62903	0.37097	3.626731
10104	-3417.337	-3582.311	164.9744	1.367962	2.932659	0.5009839	0.657022	0.342978	3.16369
10110	-3410.054	-3574.776	164.7217	1.336722	3.362143	0.3970281	0.581981	0.418019	3.337306
10116	-3403.42	-3568.093	164.6728	1.311499	3.362143	0.3863437	0.627981	0.372019	3.393085
10122	-3412.037	-3576.477	164.44	1.262182	2.82403	0.3148826	0.700716	0.299284	3.774498
10128	-3406.795	-3571.467	164.6721	1.324068	2.82403	0.3264289	0.579584	0.420416	3.589457
10134	-3417.64	-3582.42	164.7799	1.19751	2.82403	0.4021364	0.59993	0.40007	3.509808
10140	-3426.821	-3590.192	163.3717	1.108223	3.073584	0.4021364	0.653051	0.346949	4.3071
10146	-3413.423	-3578.948	165.5255	1.343224	3.861853	0.3768225	0.572271	0.427729	2.766834
10152	-3427.841	-3593.664	165.8232	1.400222	3.861853	0.4403458	0.651344	0.348656	2.472944
10158	-3437.525	-3603.699	166.1746	1.521754	3.861853	0.3932397	0.651344	0.348656	2.228622
10164	-3421.301	-3588.08	166.7787	1.663396	3.523925	0.3508263	0.631528	0.368472	1.87229
10170	-3421.175	-3588.476	167.3013	1.615915	3.397578	0.3508263	0.570413	0.429587	1.57093
10176	-3417.213	-3584.639	167.426	1.765297	3.212143	0.3185381	0.546467	0.453533	1.4733
10182	-3412.121	-3579.549	167.4281	1.718434	3.145699	0.3185381	0.691226	0.308774	1.527029
10188	-3433.405	-3600.823	167.4179	1.718434	2.404073	0.3185381	0.470021	0.529979	1.776158
10194	-3422.633	-3589.457	166.8241	1.607192	2.64801	0.5010144	0.644267	0.355733	1.93837
10200	-3417.15	-3584.353	167.203	1.60081	2.288891	0.3877937	0.625003	0.374997	1.944945
10206	-3411.196	-3578.448	167.2527	1.60081	2.288891	0.3877937	0.625003	0.374997	1.911384
10212	-3416.249	-3582.598	166.3494	1.341716	2.440913	0.62186	0.687712	0.312288	2.366067
10218	-3407.865	-3574.122	166.2575	1.371146	2.784638	0.4387619	0.649929	0.350071	2.486549
10224	-3410.929	-3577.032	166.1026	1.399919	2.784638	0.5123535	0.613474	0.386526	2.486549
10230	-3431.252	-3598.459	167.2067	1.737704	3.060074	0.4496399	0.708487	0.291513	1.509577
10236	-3418.302	-3585.401	167.0984	1.725292	3.015358	0.4496399	0.679954	0.320046	1.612237
10242	-3419.881	-3587.012	167.1314	1.651475	3.015358	0.4496399	0.615156	0.384844	1.641705
10248	-3417.664	-3584.215	166.5512	1.639635	3.599817	0.4402907	0.518543	0.481457	1.905668
10254	-3421.088	-3587.828	166.7407	1.617579	3.31903	0.4073708	0.700788	0.299212	1.905668
10260	-3422.839	-3589.451	166.6118	1.591798	3.673081	0.4920028	0.675551	0.324449	1.817327
10266	-3427.285	-3593.883	166.598	1.564624	2.858938	0.4529385	0.636482	0.363518	2.107628
10272	-3413.093	-3579.342	166.2486	1.566043	3.074698	0.4529385	0.583193	0.416807	2.273192
10278	-3423.566	-3589.04	165.4735	1.378922	3.074698	0.5133746	0.583846	0.416154	2.808856
10284	-3420.688	-3585.422	164.7332	1.265277	2.560053	0.4051839	0.61593	0.38407	3.565402
10290	-3423.744	-3588.544	164.8004	1.341533	2.931653	0.5260757	0.650826	0.349174	3.258537
10296	-3407.716	-3574.227	166.5105	1.44599	2.872224	0.5138259	0.605379	0.394621	2.170994
10302	-3404.118	-3570.775	166.6577	1.440296	2.872224	0.3224592	0.596254	0.403746	2.31239
10308	-3411.024	-3577.518	166.4944	1.459417	2.872224	0.3224592	0.596254	0.403746	2.403886
10314	-3413.738	-3580.179	166.4407	1.41089	2.872224	0.3931519	0.538481	0.461519	2.375541
10320	-3411.842	-3577.408	165.5658	1.297072	2.795809	0.3931519	0.557629	0.442371	3.004315
10326	-3424.103	-3588.797	164.6945	1.285267	2.748263	0.5269301	0.57143	0.42857	3.401062
10332	-3428.747	-3593.259	164.5112	1.477092	3.199672	0.6662699	0.617695	0.382305	3.161608
10338	-3408.442	-3573.638	165.1961	1.278744	3.199672	0.4855724	0.692537	0.307463	3.033515
10344	-3417.169	-3583.297	166.1284	1.384396	3.058974	0.4855724	0.615554	0.384446	2.433184
10350	-3414.385	-3581.023	166.6387	1.594139	2.570155	0.3166822	0.666653	0.333347	2.323253
10356	-3414.791	-3581.202	166.4108	1.668445	2.967417	0.5779519	0.620013	0.379987	1.997446
10362	-3405.505	-3572.584	167.0793	1.690118	2.458289	0.4612283	0.662757	0.337243	1.816544
10368	-3409.915	-3576.695	166.7794	1.641487	2.611706	0.4437172	0.563991	0.436009	2.022728
10374	-3416.235	-3583.201	166.9658	1.629021	2.852783	0.4437172	0.668396	0.331604	1.830664
10380	-3416.42	-3582.901	166.4816	1.49716	3.414089	0.3477317	0.678146	0.321854	2.211159
10386	-3418.98	-3585.908	166.9278	1.575279	2.623197	0.3477317	0.570872	0.429128	2.088274
10392	-3439.891	-3605.364	165.4728	1.437667	3.981802	0.4955594	0.71162	0.28838	2.582783
10398	-3423.006	-3589.002	165.9956	1.410308	3.714555	0.2913892	0.570127	0.429873	2.582783
10404	-3418.812	-3584.365	165.5535	1.339079	3.099221	0.3528343	0.611098	0.388902	2.956847
10410	-3420.156	-3585.702	165.5462	1.281093	2.576171	0.4909541	0.671875	0.328125	2.981012
10416	-3427.166	-3593.841	166.6743	1.4738	2.216504	0.4768845	0.552042	0.447958	2.292825
10422	-3416.375	-3581.804	165.4286	1.313756	2.789	0.4768845	0.52757	0.47243	2.986845
10428	-3419.175	-3584.981	165.8058	1.305308	2.789	0.4898221	0.620078	0.379922	2.750269
10434	-3413.733	-3579.266	165.5332	1.326955	3.450764	0.4767296	0.700185	0.299815	2.750269
10440	-3406.494	-3571.999	165.5049	1.312193	2.68462	0.4767296	0.710386	0.289614	2.970817
10446	-3415.274	-3580.825	165.551	1.16699	2.68462	0.4648196	0.710386	0.289614	3.042531
10452	-3409.935	-3575.56	165.6244	1.371158	2.794872	0.3009028	0.689906	0.310094	3.042531
10458	-3416.161	-3581.994	165.8327	1.392572	2.845147	0.3478854	0.743832	0.256168	2.827783
10464	-3415.09	-3580.673	165.5833	1.276138	2.845147	0.4381308	0.687893	0.312107	2.942378
10470	-3414.278	-3579.509	165.2318	1.199248	2.953236	0.5404162	0.556532	0.443468	3.067815
10476	-3413.634	-3578.691	165.0563	1.336117	2.953236	0.6225708	0.596152	0.403848	3.017803
10482	-3413.385	-3578.549	165.1644	1.357147	2.693887	0.4717221	0.62507	0.37493	3.150028
10488	-3410.181	-3574.67	164.4885	1.238876	3.49947	0.3982296	0.603771	0.396229	3.499124
10494	-3404.969	-3568.314	163.3447	1.093703	3.371971	0.3982296	0.677659	0.322341	4.267142
10500	-3415.599	-3579.937	164.3384	1.306943	3.253155	0.5646196	0.71417	0.28583	3.436725
10506	-3412.872	-3577.814	164.9421	1.292925	3.253155	0.3620903	0.670891	0.329109	3.299566
10512	-3425.136	-3590.422	165.2856	1.425549	3.253155	0.3620903	0.705015	0.294985	3.016689
10518	-3438.92	-3603.854	164.9346	1.368384	2.780588	0.63587	0.530473	0.469527	3.105547
10524	-3422.081	-3586.9	164.8188	1.374627	3.000009	0.63587	0.675408	0.324592	3.11354
10530	-3416.192	-3581.508	165.316	1.381954	3.000009	0.63587	0.600885	0.399115	2.810025
10536	-3413.116	-3578.834	165.7181	1.425414	3.265513	0.331809	0.694712	0.305288	2.79133
10542	-3408.795	-3574.614	165.819	1.503816	3.141535	0.5904424	0.646458	0.353542	2.427405
10548	-3399.21	-3564.452	165.2417	1.336753	3.123133	0.4448323	0.578289	0.421711	3.03259
10554	-3410.532	-3573.154	162.6214	1.066174	2.954697	0.4931314	0.561219	0.438781	4.68966
10560	-3416.7	-3580.116	163.416	1.326529	2.954697	0.6433224	0.534761	0.465239	3.964317
10566	-3416.862	-3580.987	164.125	1.163703	2.954697	0.4999328	0.613818	0.386182	3.774958
10572	-3425.662	-3590.389	164.7271	1.189356	3.505667	0.4132704	0.563028	0.436972	3.370332
10578	-3425.798	-3590.652	164.8541	1.385048	2.830219	0.6361917	0.697767	0.302233	3.13
10584	-3425.764	-3592.575	166.8114	1.628162	2.911812	0.4561924	0.594741	0.405259	1.90389
10590	-3435.064	-3600.361	165.2969	1.30169	2.92982	0.4761411	0.686109	0.313891	3.036543
10596	-3422.454	-3588.07	165.6158	1.306511	2.312144	0.4586245	0.63734	0.36266	3.036543
10602	-3417.03	-3582.385	165.3544	1.385215	3.6978	0.3013408	0.634503	0.365497	2.978557
10608	-3418.185	-3583.81	165.6241	1.400302	2.974305	0.332244	0.640196	0.359804	2.935597
10614	-3418.367	-3584.318	165.9508	1.354999	2.494868	0.423024	0.637236	0.362764	2.787861
10620	-3417.962	-3582.717	164.7552	1.245237	2.494868	0.4193967	0.590859	0.409141	3.567126
10626	-3420.888	-3584.838	163.9503	1.138446	2.843882	0.4916149	0.612788	0.387212	3.925599
10632	-3417.137	-3581.909	164.7726	1.346174	2.806037	0.3119694	0.589268	0.410732	3.541685
10638	-3443.127	-3608.033	164.9057	1.259975	2.806037	0.4419594	0.647012	0.352988	3.361015
10644	-3417.145	-3582.147	165.0014	1.282122	2.592009	0.4409387	0.628697	0.371303	3.351063
10650	-3421.352	-3587.206	165.8542	1.678432	3.996032	0.7694206	0.584906	0.415094	1.930245
10656	-3403.049	-3569.635	166.5865	1.562707	2.93293	0.5873462	0.559363	0.440637	1.951153
10662	-3406.374	-3572.963	166.5892	1.571463	2.93293	0.5796753	0.574606	0.425394	1.951153
10668	-3407.343	-3573.839	166.496	1.639338	2.93293	0.5796753	0.505245	0.494755	1.968145
10674	-3417.138	-3583.919	166.7815	1.531182	2.963316	0.3974476	0.505245	0.494755	2.046527
10680	-3420.684	-3586.768	166.0836	1.545238	3.688578	0.5905307	0.503576	0.496424	2.096095
10686	-3425.433	-3592.122	166.6895	1.615344	2.496236	0.5905307	0.511709	0.488291	1.978676
10692	-3418.29	-3583.607	165.3166	1.301067	3.719857	0.4268847	0.718524	0.281476	2.891185
10698	-3422.546	-3588.484	165.9375	1.385354	3.719857	0.3877169	0.541654	0.458346	2.504033
10704	-3422.6	-3588.042	165.4426	1.349694	3.719857	0.3877169	0.699619	0.300381	2.830604
10710	-3419.854	-3585.329	165.4753	1.454801	3.719857	0.4737932	0.632583	0.367417	2.649655
10716	-3415.804	-3581.862	166.0581	1.488766	3.719857	0.3613326	0.700453	0.299547	2.396701
10722	-3418.999	-3585.192	166.1925	1.462657	3.649897	0.2840378	0.582092	0.417908	2.452812
10728	-3412.577	-3577.415	164.8379	1.269357	3.713361	0.3931266	0.572511	0.427489	3.23585
10734	-3411.32	-3576.189	164.869	1.13583	4.094563	0.3787003	0.687814	0.312186	3.23585
10740	-3407.003	-3572.148	165.1448	1.189266	3.43976	0.3787003	0.622774	0.377226	3.178153
10746	-3416.332	-3580.907	164.5754	1.279106	3.817542	0.3821131	0.636681	0.363319	3.375849
10752	-3415.134	-3580.233	165.0992	1.334794	4.160136	0.3036806	0.641062	0.358938	3.063692
10758	-3415.239	-3578.967	163.7274	1.387526	4.283386	0.6117406	0.620749	0.379251	3.492358
10764	-3422.906	-3586.579	163.6729	1.268693	4.283386	0.4984331	0.620749	0.379251	3.694385
10770	-3421.093	-3586.828	165.735	1.331703	2.608246	0.4325212	0.642294	0.357706	2.889026
10776	-3419.091	-3584.31	165.2186	1.32206	2.586951	0.3875576	0.607274	0.392726	3.260211
10782	-3434.222	-3598.996	164.7749	1.306979	2.586951	0.5937208	0.548309	0.451691	3.325418
10788	-3425.265	-3590.887	165.622	1.238825	2.915467	0.3505844	0.65492	0.34508	3.025515
10794	-3423.248	-3589.14	165.8925	1.247809	3.095211	0.3505844	0.65492	0.34508	2.810819
10800	-3417.651	-3583.313	165.662	1.530387	2.676943	0.5895082	0.571541	0.428459	2.635778
10806	-3432.937	-3598.411	165.4743	1.398347	2.676943	0.6541247	0.518453	0.481547	2.775692
10812	-3418.585	-3583.03	164.4449	1.384102	3.144374	0.6541247	0.67302	0.32698	3.278923
10818	-3419.062	-3583.956	164.8942	1.273698	3.144374	0.3540822	0.634068	0.365932	3.374665
10824	-3422.19	-3586.527	164.3364	1.363727	3.144374	0.6297026	0.546191	0.453809	3.374665
10830	-3418.291	-3582.848	164.5569	1.240515	3.087545	0.6297026	0.542403	0.457597	3.331283
10836	-3427.902	-3593.445	165.5432	1.463059	2.285158	0.6297026	0.631954	0.368046	2.833116
10842	-3419.702	-3584.494	164.7921	1.363201	2.285158	0.6297026	0.606472	0.393528	3.341036
10848	-3418.23	-3584.406	166.1763	1.387737	3.123977	0.3483595	0.606472	0.393528	2.545877
10854	-3411.272	-3577.771	166.4998	1.496449	2.962898	0.3742837	0.606472	0.393528	2.282216
10860	-3410.515	-3577.155	166.6397	1.497964	3.327984	0.485118	0.615043	0.384957	1.958137
10866	-3407.406	-3573.938	166.5316	1.629494	3.040447	0.485118	0.645935	0.354065	2.020333
10872	-3409.447	-3575.798	166.3506	1.522241	3.234559	0.5041051	0.660599	0.339401	2.136918
10878	-3415.833	-3582.475	166.6423	1.509366	3.014166	0.5334084	0.660599	0.339401	1.981434
10884	-3420.513	-3586.395	165.8824	1.292065	3.115576	0.5334084	0.570579	0.429421	2.58102
10890	-3417.184	-3582.227	165.0434	1.391752	3.256529	0.3605437	0.570579	0.429421	3.182392
10896	-3421.662	-3586.958	165.2965	1.273663	3.256529	0.3054343	0.630042	0.369958	3.173512
10902	-3416.269	-3581.497	165.2282	1.19103	3.321052	0.3660681	0.688551	0.311449	3.16994
10908	-3407.84	-3572.846	165.0059	1.349183	3.321052	0.369364	0.580657	0.419343	3.203995
10914	-3413.522	-3579.568	166.0451	1.426582	3.421682	0.4384778	0.71916	0.28084	2.419612
10920	-3425.331	-3589.823	164.4928	1.319424	3.077941	0.3511516	0.529257	0.470743	3.60183
10926	-3424.977	-3590.555	165.5781	1.407387	2.566302	0.3511516	0.600977	0.399023	3.045726
10932	-3422.259	-3588.702	166.4434	1.491187	3.421682	0.4290865	0.760477	0.239523	2.133886
10938	-3418.566	-3584.36	165.7935	1.373982	3.421682	0.4290865	0.663479	0.336521	2.620051
10944	-3418.404	-3584.378	165.9736	1.350512	3.29133	0.4240472	0.663479	0.336521	2.560137
10950	-3423.96	-3590.799	166.8389	1.531834	3.210953	0.4240472	0.722193	0.277807	1.905054
10956	-3435.631	-3602.475	166.8437	1.620907	3.400656	0.3182508	0.618	0.382	1.93668
10962	-3434.125	-3600.313	166.1879	1.547461	3.621113	0.3172242	0.70091	0.29909	2.360038
10968	-3415.102	-3580.273	165.1715	1.467095	3.61456	0.4664773	0.728211	0.271789	2.858718
10974	-3416.026	-3581.016	164.9903	1.241903	4.158356	0.4537264	0.73124	0.26876	3.004021
10980	-3421.393	-3585.606	164.213	1.164203	4.158356	0.4115992	0.689146	0.310854	3.554121
10986	-3403.877	-3570.133	166.2564	1.357051	3.061508	0.3764096	0.61727	0.38273	2.495154
10992	-3406.944	-3572.96	166.0156	1.363942	3.061508	0.3909955	0.61727	0.38273	2.622601
10998	-3404.105	-3569.618	165.5133	1.391452	3.061508	0.3909955	0.721821	0.278179	2.912404
11004	-3400.115	-3565.571	165.456	1.491631	3.061508	0.56643	0.610993	0.389007	2.70331
11010	-3412.372	-3578.654	166.282	1.525846	3.061508	0.4255157	0.555452	0.444548	2.312738
11016	-3422.191	-3588.409	166.2178	1.498711	2.956697	0.5034238	0.662167	0.337833	2.312738
11022	-3406.888	-3573.359	166.4711	1.429039	2.880378	0.3612709	0.679312	0.320688	2.383062
11028	-3408.211	-3574.17	165.959	1.391876	3.549343	0.4333754	0.679312	0.320688	2.471154
11034	-3404.936	-3570.717	165.7805	1.304597	2.954063	0.4831224	0.633957	0.366043	2.728634
11040	-3418.337	-3584.073	165.7358	1.341528	2.954063	0.3487362	0.581903	0.418097	2.887542
11046	-3420.444	-3586.569	166.1249	1.327442	3.545243	0.3487362	0.550749	0.449251	2.512438
11052	-3431.931	-3598.76	166.8293	1.584096	3.246449	0.271038	0.714978	0.285022	2.085048
11058	-3425.887	-3592.988	167.1011	1.504361	2.445563	0.4780974	0.5599	0.4401	1.912981
11064	-3425.108	-3591.994	166.8865	1.572806	3.008344	0.4780974	0.567964	0.432036	1.836158
11070	-3430.018	-3596.723	166.7052	1.624538	3.008344	0.5604128	0.560265	0.439735	1.833999
11076	-3434.005	-3600.323	166.3179	1.390526	3.008344	0.5474632	0.617972	0.382028	2.258776
11082	-3429.284	-3595.339	166.0553	1.392817	2.689308	0.4991334	0.510557	0.489443	2.561185
11088	-3426.472	-3592.675	166.2033	1.49856	3.104507	0.3883941	0.676569	0.323431	2.41349
11094	-3427.036	-3592.876	165.8402	1.482716	3.247373	0.618409	0.578215	0.421785	2.374779
11100	-3425.686	-3591.74	166.0537	1.493028	2.532977	0.6320906	0.578215	0.421785	2.419512
11106	-3435.562	-3601.006	165.4443	1.307842	2.532977	0.6320906	0.52056	0.47944	2.908919
11112	-3417.368	-3582.645	165.2772	1.452931	2.532977	0.3710056	0.631572	0.368428	3.183035
11118	-3424.065	-3588.813	164.7479	1.452931	2.740485	0.6287224	0.61406	0.38594	3.183035
11124	-3415.663	-3580.444	164.7806	1.215156	2.849852	0.5322533	0.685161	0.314839	3.359914
11130	-3412.24	-3577.055	164.8143	1.258102	2.849852	0.3859136	0.526487	0.473513	3.466084
11136	-3412.607	-3578.187	165.5796	1.289362	2.849852	0.4053968	0.567712	0.432288	2.971994
11142	-3431.524	-3597.422	165.898	1.366154	2.319618	0.4036349	0.550984	0.449016	2.889227
11148	-3429.03	-3594.796	165.7659	1.361596	2.823149	0.3508339	0.665898	0.334102	2.889227
11154	-3431.664	-3596.682	165.0183	1.2043	3.474434	0.3874388	0.565355	0.434645	3.226159
11160	-3416.134	-3580.73	164.5957	1.276294	3.028404	0.5304413	0.589957	0.410043	3.388951
11166	-3408.955	-3572.773	163.8184	1.094733	3.417374	0.4301734	0.568825	0.431175	3.952685
11172	-3411.125	-3575.272	164.1466	1.165479	3.417374	0.4301734	0.61478	0.38522	3.723309
11178	-3403.627	-3567.687	164.0599	1.10897	3.417374	0.4946224	0.552961	0.447039	3.740995
11184	-3407.899	-3571.664	163.7644	1.152031	4.263831	0.4692702	0.631015	0.368985	3.740995
11190	-3414.078	-3578.069	163.9904	1.035034	3.172199	0.4692702	0.495836	0.504164	3.903811
11196	-3417.65	-3581.675	164.0253	1.173172	2.611317	0.5096101	0.538654	0.461346	3.906826
11202	-3421.103	-3585.579	164.4753	1.299352	2.625204	0.5115321	0.377084	0.622916	3.568579
11208	-3411.099	-3575.183	164.0831	1.172167	2.625204	0.5115321	0.539762	0.460238	3.868684
11214	-3414.878	-3580.51	165.6318	1.370443	3.261073	0.5071569	0.539762	0.460238	2.677095
11220	-3416.781	-3582.282	165.501	1.430722	2.509581	0.748004	0.539762	0.460238	2.71379
11226	-3413.863	-3579.077	165.2133	1.435803	2.509581	0.4836927	0.527884	0.472116	3.114195
11232	-3414.144	-3579.362	165.2174	1.33089	3.380636	0.4218762	0.647081	0.352919	3.014289
11238	-3427.608	-3593.55	165.9422	1.277308	3.593779	0.426132	0.489431	0.510569	2.551254
11244	-3432.587	-3597.221	164.6344	1.304186	2.895206	0.4546058	0.584115	0.415885	3.457729
11250	-3427.357	-3593.213	165.8556	1.321857	2.670646	0.3845436	0.480406	0.519594	2.859458
11256	-3414.289	-3578.954	164.6646	1.300658	2.709311	0.3845436	0.665632	0.334368	3.567155
11262	-3417.015	-3581.736	164.7212	1.255798	3.50803	0.5377085	0.598978	0.401022	3.20807
11268	-3407.419	-3571.995	164.5762	1.291942	3.461745	0.4292416	0.655933	0.344067	3.390964
11274	-3410.11	-3575.358	165.2483	1.310865	3.273256	0.4292416	0.663167	0.336833	3.024798
11280	-3412.662	-3577.305	164.6425	1.354215	2.538229	0.4292416	0.564426	0.435574	3.546348
11286	-3425.187	-3590.367	165.1804	1.354215	2.553742	0.39619	0.623425	0.376575	3.26326
11292	-3418.637	-3583.335	164.6981	1.262658	3.681338	0.4532759	0.58086	0.41914	3.26326
11298	-3410.36	-3576.134	165.7747	1.378111	3.294789	0.4532759	0.582073	0.417927	2.632614
11304	-3420.626	-3585.968	165.3417	1.257752	3.028223	0.4137599	0.582073	0.417927	3.077793
11310	-3418.233	-3583.547	165.3136	1.298513	3.028223	0.4759412	0.654062	0.345938	3.003433
11316	-3419.496	-3585.306	165.8099	1.389856	3.010511	0.4816832	0.682076	0.317924	2.644929
11322	-3416.462	-3580.897	164.4354	1.252695	3.010511	0.4816832	0.611336	0.388664	3.547537
11328	-3418.88	-3583.248	164.3684	1.319715	3.010511	0.4816832	0.714308	0.285692	3.547537
11334	-3426.11	-3591.665	165.5544	1.435904	2.773707	0.5027022	0.60699	0.39301	2.815066
11340	-3429.226	-3595.671	166.4447	1.522957	3.310807	0.5027022	0.572331	0.427669	2.056351
11346	-3437.442	-3603.953	166.511	1.454981	2.985398	0.5027022	0.59776	0.40224	2.144752
11352	-3433.879	-3600.4	166.5212	1.487746	2.941387	0.3740874	0.605793	0.394207	2.280223
11358	-3423.066	-3589.253	166.1864	1.445015	3.396837	0.3740874	0.605793	0.394207	2.402416
11364	-3416.37	-3582.658	166.288	1.479549	3.396837	0.3105248	0.681539	0.318461	2.402416
11370	-3428.324	-3594.875	166.5509	1.503303	3.237351	0.321857	0.681539	0.318461	2.243292
11376	-3421.294	-3587.964	166.6703	1.610893	3.467838	0.2932178	0.681539	0.318461	2.080086
11382	-3405.107	-3571.795	166.6872	1.547054	3.467838	0.3436519	0.628517	0.371483	2.036369
11388	-3420.635	-3586.828	166.1932	1.578393	3.155619	0.4994727	0.535367	0.464633	2.228197
11394	-3410.003	-3576.467	166.4642	1.552145	3.053293	0.4994727	0.636548	0.363452	2.09651
11400	-3419.925	-3586.604	166.6791	1.565403	2.681748	0.4713706	0.630691	0.369309	2.085447
11406	-3430.297	-3597.112	166.8145	1.477576	2.885863	0.4713706	0.45365	0.54635	1.992892
11412	-3436.951	-3603.491	166.5403	1.424766	2.885863	0.641343	0.648292	0.351708	2.036234
11418	-3412.618	-3579.308	166.6899	1.424859	2.78883	0.3712044	0.659264	0.340736	2.259235
11424	-3419.222	-3585.204	165.9823	1.373258	3.071967	0.3712044	0.658314	0.341686	2.658989
11430	-3413.75	-3578.96	165.2097	1.460339	3.210174	0.6635468	0.537089	0.462911	2.7509
11436	-3430.702	-3595.517	164.8154	1.325625	3.008983	0.6635468	0.537089	0.462911	3.119838
11442	-3428.106	-3593.364	165.2583	1.363865	3.696085	0.4144486	0.666078	0.333922	2.907619
11448	-3415.086	-3580.545	165.4584	1.392094	2.819278	0.4144486	0.678476	0.321524	2.980956
11454	-3420.479	-3586.16	165.6811	1.304589	2.95815	0.4144486	0.582145	0.417855	2.862735
11460	-3416.749	-3583.465	166.7163	1.588431	2.922259	0.3387942	0.632796	0.367204	2.141971
11466	-3418.774	-3585.332	166.5581	1.553599	2.922259	0.4365856	0.647632	0.352368	2.141971
11472	-3420.459	-3587.482	167.0232	1.546992	2.59567	0.4365856	0.647632	0.352368	1.936567
11478	-3414.79	-3581.374	166.584	1.489703	2.88007	0.4314481	0.647632	0.352368	2.184731
11484	-3409.9	-3576.057	166.1569	1.404379	2.960887	0.4314481	0.599433	0.400567	2.488482
11490	-3415.304	-3581.941	166.6373	1.576742	2.960887	0.4314481	0.684155	0.315845	2.070081
11496	-3405.631	-3572.485	166.8543	1.551079	3.662115	0.3441063	0.581813	0.418187	1.872405
11502	-3397.318	-3563.96	166.6426	1.607331	3.475709	0.4605524	0.572373	0.427627	1.872405
11508	-3410.443	-3577.669	167.2258	1.65115	3.475709	0.3685625	0.747114	0.252886	1.551616
11514	-3411.674	-3578.919	167.2445	1.784146	2.896262	0.3574156	0.706625	0.293375	1.629137
11520	-3423.858	-3591.391	167.5324	1.805219	2.87616	0.3574156	0.680622	0.319378	1.405078
11526	-3422.937	-3590.273	167.336	1.774242	3.271189	0.3574156	0.737669	0.262331	1.453217
11532	-3415.895	-3583.349	167.4536	1.782668	2.626808	0.3663746	0.550686	0.449314	1.553565
11538	-3425.309	-3593.218	167.9092	1.775307	2.504876	0.3329847	0.686797	0.313203	1.307979
11544	-3421.108	-3588.434	167.3264	1.691663	2.823692	0.4342354	0.532259	0.467741	1.551281
11550	-3422.484	-3589.819	167.3343	1.634518	3.201461	0.316141	0.624871	0.375129	1.644233
11556	-3428.354	-3595.527	167.1724	1.553564	3.201461	0.2921291	0.662875	0.337125	1.853222
11562	-3411.111	-3577.706	166.5957	1.43503	3.236257	0.2921291	0.678659	0.321341	2.302411
11568	-3423.326	-3589.184	165.8585	1.473861	3.236257	0.3645092	0.552798	0.447202	2.640378
11574	-3414.606	-3580.218	165.6116	1.431405	3.647767	0.532774	0.477418	0.522582	2.535574
11580	-3410.174	-3576.17	165.9956	1.345475	3.647767	0.438559	0.692601	0.307399	2.448743
11586	-3410.687	-3576.796	166.1095	1.39997	3.618433	0.5338757	0.585285	0.414715	2.246262
11592	-3408.581	-3575.697	167.1165	1.587683	2.707759	0.5472537	0.566907	0.433093	1.679283
11598	-3409.005	-3575.896	166.8905	1.51976	2.797011	0.357383	0.720169	0.279831	2.083297
11604	-3421.23	-3587.851	166.6213	1.506941	3.383747	0.4102847	0.634517	0.365483	2.039223
11610	-3421.918	-3588.693	166.7758	1.373171	2.704677	0.4740714	0.504713	0.495287	2.13802
11616	-3411.833	-3577.697	165.8642	1.370864	2.468259	0.5183098	0.643441	0.356559	2.738588
11622	-3411.479	-3577.534	166.0546	1.520873	3.382847	0.4273245	0.602508	0.397492	2.376342
11628	-3408.3	-3574.653	166.3521	1.509195	3.30125	0.2863599	0.63466	0.36534	2.402356
11634	-3421.117	-3586.085	164.9683	1.412403	3.040718	0.4633101	0.581617	0.418383	3.15147
11640	-3407.396	-3572.74	165.3446	1.368016	3.13779	0.4633101	0.58111	0.41889	2.928749
11646	-3404.577	-3570.69	166.1126	1.437783	3.187136	0.406392	0.616902	0.383098	2.465605
11652	-3413.269	-3579.342	166.0728	1.455017	3.198186	0.406392	0.528521	0.471479	2.476941
11658	-3418.299	-3583.818	165.5183	1.455017	3.198186	0.4869627	0.642713	0.357287	2.730867
11664	-3418.88	-3585.093	166.2131	1.403067	2.296291	0.4869627	0.612147	0.387853	2.589881
11670	-3428.223	-3593.826	165.603	1.422233	3.215271	0.523562	0.579526	0.420474	2.657855
11676	-3431.435	-3596.683	165.2484	1.196754	2.736801	0.3318639	0.630925	0.369075	3.343147
11682	-3414.138	-3578.746	164.6075	1.23653	2.736801	0.5049807	0.556662	0.443338	3.50423
11688	-3397.135	-3561.606	164.4712	1.258281	2.736801	0.5049807	0.556662	0.443338	3.57095
11694	-3409.041	-3575.314	166.2724	1.37805	3.505036	0.3724662	0.68105	0.31895	2.366489
11700	-3402.468	-3568.588	166.1199	1.352465	2.678002	0.4067497	0.603763	0.396237	2.650799
11706	-3408.319	-3573.865	165.5457	1.306204	2.678002	0.4067497	0.603763	0.396237	3.027477
11712	-3412.127	-3577.473	165.346	1.259203	2.553268	0.3441213	0.661095	0.338905	3.284145
11718	-3419.04	-3583.435	164.3952	1.264419	3.089208	0.2819123	0.592767	0.407233	3.777717
11724	-3418.195	-3582.711	164.5159	1.272694	2.77704	0.2903996	0.677803	0.322197	3.76951
11730	-3418.104	-3583.494	165.3901	1.280015	2.898576	0.319274	0.660697	0.339303	3.184086
11736	-3428.255	-3594.037	165.7825	1.399449	2.898576	0.4819401	0.560711	0.439289	2.685264
11742	-3416.494	-3582.92	166.4262	1.424113	2.427814	0.4819401	0.605796	0.394204	2.406453
11748	-3408.75	-3575.424	166.6737	1.556397	2.427814	0.4951446	0.680697	0.319303	2.148857
11754	-3405.515	-3571.612	166.0964	1.333466	2.583373	0.4310113	0.624302	0.375698	2.676564
11760	-3407.528	-3573.575	166.0469	1.356525	2.583373	0.4743998	0.596369	0.403631	2.645503
11766	-3421.84	-3588.407	166.5671	1.441888	2.323609	0.3963244	0.597198	0.402802	2.437838
11772	-3413.549	-3580.251	166.702	1.483998	2.370395	0.4039613	0.590624	0.409376	2.301021
11778	-3416.302	-3582.505	166.2031	1.335258	2.39357	0.4160307	0.661886	0.338114	2.684552
11784	-3417.147	-3583.064	165.9172	1.395218	3.056807	0.4630817	0.68291	0.31709	2.582975
11790	-3413.945	-3579.902	165.9576	1.516589	3.056807	0.4630817	0.640391	0.359609	2.482172
11796	-3429.896	-3595.551	165.6553	1.442699	3.127951	0.5604824	0.527915	0.472085	2.599251
11802	-3430.327	-3596.332	166.0057	1.451328	3.697515	0.5125409	0.561442	0.438558	2.283438
11808	-3429.927	-3595.177	165.2502	1.434721	3.513895	0.5909551	0.732499	0.267501	2.732298
11814	-3424.584	-3591.177	166.593	1.40351	3.291762	0.3577658	0.683325	0.316675	2.216819
11820	-3406.89	-3573.853	166.9632	1.575453	3.291762	0.4092503	0.606372	0.393628	1.786842
11826	-3405.838	-3572.179	166.3413	1.520039	3.291762	0.4602975	0.578536	0.421464	2.177985
11832	-3414.241	-3580.734	166.4925	1.574594	2.724987	0.4383894	0.579526	0.420474	2.225839
11838	-3421.033	-3587.683	166.6499	1.601596	2.554162	0.5868321	0.513652	0.486348	1.999105
11844	-3436.061	-3602.746	166.6851	1.542369	2.554162	0.5341286	0.644809	0.355191	2.068326
11850	-3418.752	-3585.207	166.4549	1.547216	3.184151	0.5014022	0.653547	0.346453	2.068326
11856	-3419.634	-3586.032	166.3985	1.374253	3.929482	0.4984664	0.650498	0.349502	2.040211
11862	-3421.635	-3588.18	166.5444	1.465488	3.394329	0.4984664	0.544469	0.455531	2.011446
11868	-3423.939	-3590.107	166.1684	1.487252	3.707055	0.4018016	0.676341	0.323659	2.279128
11874	-3436.316	-3602.473	166.1577	1.473549	3.707055	0.3416994	0.620605	0.379395	2.372286
11880	-3414.146	-3581.074	166.9281	1.553069	2.793617	0.4920697	0.639737	0.360263	1.869241
11886	-3415.198	-3582.305	167.1069	1.494397	2.361644	0.3966454	0.62085	0.37915	2.043291
11892	-3424.058	-3590.741	166.683	1.44773	2.361644	0.3943569	0.637356	0.362644	2.350891
11898	-3419.723	-3586.265	166.5414	1.492712	2.605348	0.3943569	0.692596	0.307404	2.335728
11904	-3420.206	-3587.001	166.7943	1.492712	2.752516	0.5123532	0.64043	0.35957	1.990251
11910	-3420.548	-3585.551	165.0036	1.190097	4.617255	0.2461114	0.697109	0.302891	3.206245
11916	-3428.362	-3593.795	165.4338	1.27414	4.617255	0.3805043	0.697109	0.302891	2.712051
11922	-3441.062	-3605.617	164.555	1.168104	4.617255	0.4139215	0.478423	0.521577	3.26486
11928	-3438.886	-3603.027	164.1414	1.109437	3.772683	0.3576564	0.659093	0.340907	3.764934
11934	-3446.046	-3611.573	165.527	1.319892	2.799136	0.4786412	0.708217	0.291783	2.919399
11940	-3436.115	-3601.643	165.5275	1.290695	2.50385	0.4865471	0.708217	0.291783	3.011978
11946	-3419.232	-3586.018	166.7853	1.447945	2.50385	0.4865471	0.669713	0.330287	2.131598
11952	-3424.414	-3591.012	166.5977	1.60888	2.50385	0.4573652	0.654128	0.345872	2.181635
11958	-3426.469	-3592.382	165.9132	1.388942	2.291332	0.4573652	0.635499	0.364501	2.81542
11964	-3430.165	-3596.71	166.5449	1.46898	3.421274	0.338615	0.700903	0.299097	2.19925
11970	-3432.299	-3598.187	165.8874	1.419551	2.226453	0.4703679	0.580432	0.419568	2.81973
11976	-3436.453	-3602.761	166.3071	1.474007	2.544111	0.4703679	0.615982	0.384018	2.426396
11982	-3445.295	-3609.623	164.3273	1.12512	2.862252	0.4642389	0.628802	0.371198	3.738665
11988	-3436.279	-3598.596	162.3173	1.146534	2.862252	0.4542842	0.618926	0.381074	4.874305
11994	-3429.67	-3593.33	163.6601	1.124857	3.465196	0.5025108	0.618926	0.381074	3.943671
12000	-3427.609	-3590.774	163.1646	1.150978	3.465196	0.7034289	0.639898	0.360102	4.044708
12006	-3429.009	-3592.216	163.2068	1.239586	4.044317	0.7034289	0.639898	0.360102	3.852158
12012	-3411.235	-3576.522	165.2866	1.375603	3.663044	0.3799052	0.651287	0.348713	2.931002
12018	-3416.61	-3581.778	165.1682	1.304281	3.022763	0.4290197	0.680752	0.319248	3.137895
12024	-3417.41	-3582.559	165.149	1.323509	3.022763	0.4290197	0.64207	0.35793	3.137895
12030	-3421.507	-3586.532	165.025	1.331496	3.442445	0.6286323	0.562038	0.437962	2.915339
12036	-3424.18	-3589.869	165.689	1.345151	3.442445	0.6286323	0.562038	0.437962	2.499582
12042	-3427.264	-3593.376	166.1112	1.52059	3.151125	0.6286323	0.562038	0.437962	2.192628
12048	-3433.239	-3598.61	165.371	1.340604	3.485229	0.6286323	0.541418	0.458582	2.689374
12054	-3416.544	-3581.549	165.0043	1.312006	3.051335	0.4618972	0.541418	0.458582	3.188525
12060	-3441.272	-3604.462	163.1904	1.265873	3.14847	0.4628173	0.625058	0.374942	4.240172
12066	-3426.247	-3588.665	162.4182	1.227791	3.009689	0.4819072	0.626295	0.373705	4.710337
12072	-3433.09	-3597.463	164.3729	1.321619	3.009689	0.3661611	0.620544	0.379456	3.668647
12078	-3424.647	-3588.455	163.8085	1.216466	3.009689	0.3661611	0.620544	0.379456	4.053286
12084	-3428.741	-3592.568	163.8267	1.286009	3.009689	0.324927	0.55776	0.44224	4.053286
12090	-3424.736	-3590.362	165.6268	1.325001	3.009689	0.324927	0.55776	0.44224	2.979922
12096	-3421.326	-3587.257	165.9315	1.324567	3.631581	0.4446184	0.663049	0.336951	2.498848
12102	-3420.735	-3587.067	166.3321	1.556283	3.631581	0.5048273	0.618353	0.381647	2.026258
12108	-3418.386	-3584.406	166.0204	1.369431	3.216258	0.3157398	0.678074	0.321926	2.67445
12114	-3419.779	-3586.085	166.3054	1.557157	3.90272	0.401107	0.53685	0.46315	2.101459
12120	-3406.972	-3573.627	166.6546	1.625534	3.93272	0.3649228	0.658724	0.341276	1.86336
12126	-3421.026	-3587.697	166.6706	1.510095	3.243826	0.3413078	0.658724	0.341276	2.132091
12132	-3420.761	-3586.512	165.7508	1.459098	3.215463	0.3528347	0.610071	0.389929	2.735598
12138	-3420.947	-3586.423	165.4765	1.376245	3.175194	0.4381641	0.608767	0.391233	2.861823
12144	-3411.137	-3576.581	165.4434	1.398455	2.240981	0.4696769	0.597453	0.402547	3.095636
12150	-3403.114	-3567.798	164.6837	1.133232	3.217918	0.4337513	0.597453	0.402547	3.471707
12156	-3413.859	-3578.552	164.6932	1.123765	3.217918	0.4337513	0.597453	0.402547	3.471707
12162	-3411.968	-3576.577	164.6086	1.170269	3.217918	0.4669161	0.689371	0.310629	3.459509
12168	-3412.838	-3577.845	165.0076	1.13574	2.519078	0.4669161	0.504869	0.495131	3.426976
12174	-3414.888	-3579.955	165.0667	1.250136	2.519078	0.4669161	0.666781	0.333219	3.325158
12180	-3422.522	-3587.55	165.0275	1.261059	2.519078	0.4833887	0.647343	0.352657	3.325158
12186	-3423.894	-3589.352	165.458	1.240528	2.519078	0.342545	0.520101	0.479899	3.240864
12192	-3426.574	-3592.325	165.7518	1.322224	2.638881	0.5022196	0.564193	0.435807	2.802505
12198	-3419.057	-3584.449	165.3924	1.33682	2.360209	0.5022196	0.525723	0.474277	3.092711
12204	-3408.65	-3573.858	165.2081	1.438976	3.698688	0.37315	0.635625	0.364375	2.940574
12210	-3414.575	-3580.378	165.8026	1.354241	3.298192	0.2912983	0.635625	0.364375	2.831445
12216	-3424.753	-3590.203	165.4497	1.314336	3.60162	0.2912983	0.635625	0.364375	2.998968
12222	-3415.924	-3581.092	165.168	1.230107	4.060509	0.2912983	0.65339	0.34661	3.121996
12228	-3424.577	-3589.367	164.7902	1.193195	4.060509	0.2912983	0.679602	0.320398	3.367121
12234	-3425.78	-3590.414	164.6335	1.409165	4.060509	0.4048803	0.638455	0.361545	3.18978
12240	-3424.529	-3590.231	165.7022	1.264899	4.060509	0.3367156	0.6622	0.3378	2.716517
12246	-3427.912	-3594.236	166.3245	1.541493	3.302751	0.2868524	0.636238	0.363762	2.398296
12252	-3428.251	-3593.982	165.7314	1.489881	2.580509	0.2933171	0.587276	0.412724	2.977517
12258	-3416.179	-3582.861	166.682	1.628989	2.580509	0.4229187	0.587276	0.412724	2.129958
12264	-3418.468	-3584.946	166.4785	1.546711	2.580509	0.4185234	0.695904	0.304096	2.319545
12270	-3424.7	-3589.341	164.6406	1.290318	3.069528	0.3633166	0.589414	0.410586	3.520159
12276	-3415.932	-3579.601	163.6681	1.110876	3.299428	0.4959645	0.568696	0.431304	3.989897
12282	-3428.213	-3592.197	163.9841	1.189118	2.834325	0.4959645	0.568696	0.431304	3.875429
12288	-3435.05	-3599.989	164.9381	1.244677	2.8659	0.4873448	0.610808	0.389192	3.288799
12294	-3431.631	-3597.52	165.889	1.417259	2.350706	0.4873448	0.669402	0.330598	2.762606
12300	-3409.825	-3575.946	166.1218	1.444812	2.871045	0.456885	0.640732	0.359268	2.481063
12306	-3403.648	-3570.382	166.7337	1.546459	2.540586	0.431908	0.575878	0.424122	2.15185
12312	-3420.347	-3586.982	166.6358	1.430056	3.013859	0.431908	0.638163	0.361837	2.15185
12318	-3426.567	-3592.6	166.0326	1.480144	3.013859	0.4969475	0.64773	0.35227	2.433159
12324	-3417.284	-3582.963	165.6788	1.350898	3.057238	0.4397008	0.456751	0.543249	2.782139
12330	-3417.013	-3583.12	166.1069	1.54376	2.837583	0.5394535	0.534677	0.465323	2.350966
12336	-3417.198	-3583.751	166.5528	1.482286	2.52681	0.4629679	0.65051	0.34949	2.278567
12342	-3405.482	-3571.703	166.2211	1.406923	3.763515	0.4062252	0.582163	0.417837	2.278567
12348	-3412.279	-3577.395	165.1154	1.317612	3.763515	0.3715165	0.646009	0.353991	3.057121
12354	-3422.047	-3587.641	165.5942	1.325168	3.763515	0.3715165	0.723995	0.276005	2.763475
12360	-3420.815	-3586.269	165.4545	1.390673	3.763515	0.4757879	0.541006	0.458994	2.690237
12366	-3414.547	-3580.081	165.5335	1.390673	3.763515	0.3660881	0.628759	0.371241	2.767265
12372	-3410.515	-3575.634	165.1188	1.179877	3.245021	0.4214293	0.571135	0.428865	3.195306
12378	-3419.403	-3583.079	163.6769	1.041571	3.245021	0.3724359	0.562979	0.437021	4.165442
12384	-3406.055	-3569.565	163.5098	1.025344	3.245021	0.3724359	0.6627	0.3373	4.26942
12390	-3416.295	-3581.166	164.8716	1.146953	3.505633	0.3546613	0.6627	0.3373	3.378637
12396	-3417.457	-3582.473	165.0163	1.362505	3.505633	0.3546613	0.695673	0.304327	3.166016
12402	-3417.631	-3583.515	165.8837	1.295967	2.2643	0.3437308	0.532271	0.467729	3.030345
12408	-3420.265	-3585.394	165.1289	1.297482	3.289589	0.4962637	0.72429	0.27571	3.030345
12414	-3411.058	-3576.218	165.1594	1.297482	3.212953	0.4962637	0.711339	0.288661	3.030345
12420	-3414.884	-3580.285	165.401	1.324543	3.212953	0.4091868	0.653062	0.346938	2.961814
12426	-3407.027	-3573.016	165.9889	1.36635	2.543693	0.4091868	0.645597	0.354403	2.758979
12432	-3419.977	-3585.687	165.7099	1.394023	3.160381	0.4327566	0.584496	0.415504	2.718495
12438	-3416.536	-3581.774	165.2375	1.299454	3.453697	0.4012192	0.704865	0.295135	3.02777
12444	-3430.861	-3595.222	164.3614	1.196048	3.453697	0.396455	0.562223	0.437777	3.610032
12450	-3428.794	-3594.759	165.9649	1.350522	2.736132	0.4748623	0.650332	0.349668	2.655229
12456	-3420.391	-3586.851	166.46	1.466953	2.187764	0.4801097	0.441146	0.558854	2.439448
12462	-3420.591	-3587.621	167.0301	1.673939	2.562648	0.4837628	0.623499	0.376501	1.799573
12468	-3414.196	-3581.312	167.1153	1.625882	2.562648	0.4621196	0.599557	0.400443	1.799573
12474	-3411.02	-3578.082	167.0623	1.654281	3.111484	0.4621196	0.599557	0.400443	1.644649
12480	-3417.418	-3584.814	167.3957	1.756076	3.097161	0.3289561	0.660937	0.339063	1.520866
12486	-3411.768	-3579.176	167.4076	1.76284	3.097161	0.3205238	0.608921	0.391079	1.520866
12492	-3405.655	-3572.783	167.1275	1.777817	3.33198	0.4003357	0.608921	0.391079	1.524892
12498	-3408.481	-3575.643	167.1614	1.781007	3.375892	0.3519748	0.682311	0.317689	1.556731
12504	-3409.898	-3577.454	167.556	1.781007	2.630922	0.4136082	0.574068	0.425932	1.405973
12510	-3424.392	-3591.799	167.4076	1.762701	2.630922	0.4648308	0.561896	0.438104	1.46276
12516	-3425.218	-3592.436	167.2178	1.820668	3.900271	0.2325796	0.722509	0.277491	1.55507
12522	-3437.94	-3604.272	166.3317	1.48725	2.878831	0.3382365	0.637017	0.362983	2.46519
12528	-3432.769	-3599.07	166.301	1.498947	2.878831	0.3295663	0.640817	0.359183	2.488894
12534	-3443.192	-3609.127	165.935	1.423991	3.097097	0.4362561	0.670575	0.329425	2.573337
12540	-3442.115	-3607.45	165.3348	1.330969	3.097097	0.4909996	0.811016	0.188984	2.938548
12546	-3429.567	-3595.784	166.2169	1.402452	2.206794	0.4909996	0.736573	0.263427	2.613267
12552	-3434.96	-3601.589	166.629	1.48574	2.206794	0.4651669	0.494035	0.505965	2.330323
12558	-3422.203	-3587.529	165.3253	1.291232	3.552993	0.4613806	0.719866	0.280134	2.891132
12564	-3420.749	-3586.355	165.6057	1.261454	3.067417	0.3603124	0.747608	0.252392	2.970739
12570	-3416.171	-3581.021	164.8499	1.15165	3.183008	0.4134418	0.519727	0.480273	3.393938
12576	-3426.684	-3591.917	165.2335	1.30325	3.183008	0.4134418	0.484235	0.515765	3.077404
12582	-3422.062	-3587.69	165.6285	1.240481	3.319429	0.3819794	0.61087	0.38913	2.881686
12588	-3422.835	-3588.29	165.4552	1.191998	2.461979	0.4804344	0.693105	0.306895	3.132639
12594	-3432.803	-3597.827	165.0246	1.327832	2.461979	0.3654778	0.592449	0.407551	3.432773
12600	-3428.533	-3593.688	165.1552	1.486807	3.077057	0.4675719	0.655065	0.344935	2.981877
12606	-3421.431	-3587.042	165.6104	1.348469	3.394964	0.404814	0.608309	0.391691	2.78226
12612	-3410.882	-3577.37	166.4883	1.484729	3.394964	0.404814	0.608309	0.391691	2.145163
12618	-3430.769	-3595.817	165.048	1.273996	3.457249	0.404814	0.682928	0.317072	3.151043
12624	-3409.194	-3574.193	164.9991	1.234111	3.457249	0.404814	0.632725	0.367275	3.203747
12630	-3406.624	-3571.017	164.3935	1.220286	2.227881	0.4599155	0.522983	0.477017	3.827817
12636	-3411.786	-3577.731	165.945	1.303885	2.227881	0.4599155	0.598714	0.401286	2.865492
12642	-3408.126	-3574.314	166.1875	1.429035	2.562575	0.2693465	0.646628	0.353372	2.77878
12648	-3420.156	-3586.145	165.9882	1.451705	2.562575	0.339972	0.591969	0.408031	2.78692
12654	-3422.566	-3588.036	165.4702	1.444361	2.57908	0.3240256	0.676156	0.323844	3.119385
12660	-3418.097	-3585.005	166.9077	1.737316	2.788957	0.5759964	0.732895	0.267105	1.663831
12666	-3418.169	-3585.757	167.5876	1.688613	2.601466	0.3731556	0.703216	0.296784	1.522629
12672	-3429.014	-3595.98	166.9659	1.549455	3.356564	0.3731556	0.739652	0.260348	1.834205
12678	-3426.826	-3593.61	166.7835	1.505407	3.356564	0.3584735	0.704383	0.295617	2.007674
12684	-3426.128	-3592.294	166.1663	1.393213	3.000901	0.3640763	0.642411	0.357589	2.560303
12690	-3427.795	-3593.341	165.5455	1.430261	3.000901	0.3581368	0.630514	0.369486	2.924877
12696	-3433.259	-3599.789	166.53	1.558745	3.033178	0.5578637	0.650734	0.349266	1.9927
12702	-3413.43	-3580.075	166.6453	1.61964	3.033178	0.3903713	0.739045	0.260955	2.067538
12708	-3420.047	-3586.96	166.9128	1.641954	2.52357	0.5486792	0.695869	0.304131	1.843136
12714	-3428.686	-3595.445	166.7587	1.709237	2.7348	0.650127	0.450189	0.549811	1.731481
12720	-3416.258	-3583.099	166.8406	1.670097	3.283216	0.5076988	0.686633	0.313367	1.687236
12726	-3417.955	-3585.398	167.4435	1.847852	3.461361	0.3610872	0.592326	0.407674	1.244561
12732	-3421.504	-3585.985	164.4813	1.379017	3.402042	0.7444605	0.574538	0.425462	3.130157
12738	-3426.313	-3591.937	165.6239	1.458101	2.927745	0.7444605	0.582294	0.417706	2.504438
12744	-3431.386	-3597.07	165.6841	1.409773	3.527576	0.5913734	0.625349	0.374651	2.475621
12750	-3426.31	-3590.076	163.7655	1.307806	2.805005	0.7024304	0.499064	0.500936	3.76659
12756	-3416.312	-3580.588	164.2764	1.146306	2.805005	0.4681212	0.713509	0.286491	3.76659
12762	-3413.597	-3579.074	165.4771	1.219736	2.646323	0.3791543	0.715398	0.284602	3.160926
12768	-3414.304	-3579.554	165.2508	1.3349	3.355328	0.3791543	0.581224	0.418776	3.047029
12774	-3403.181	-3569.155	165.9744	1.311184	3.219647	0.4958274	0.640023	0.359977	2.52351
12780	-3409.938	-3576.037	166.0983	1.415004	3.219647	0.3714726	0.643944	0.356056	2.52351
12786	-3419.577	-3585.351	165.7741	1.415004	2.918616	0.4819763	0.723535	0.276465	2.675436
12792	-3419.352	-3584.848	165.4962	1.352562	2.777451	0.5284752	0.660053	0.339947	2.874589
12798	-3425.22	-3591.515	166.2946	1.514451	2.974406	0.5365477	0.590435	0.409565	2.214272
12804	-3423.829	-3590.172	166.3429	1.5244	2.974406	0.5365477	0.590435	0.409565	2.176539
12810	-3434.204	-3599.963	165.7585	1.347292	3.175128	0.5365477	0.681582	0.318418	2.605423
12816	-3423.144	-3588.685	165.5407	1.358484	3.009594	0.2888696	0.72773	0.27227	3.061064
12822	-3437.631	-3603.199	165.5678	1.462676	3.009594	0.4857138	0.730617	0.269383	2.74491
12828	-3419.032	-3584.961	165.9293	1.374118	3.223294	0.3010267	0.615611	0.384389	2.746375
12834	-3421.885	-3587.912	166.0271	1.38093	3.223294	0.3784982	0.626232	0.373768	2.579259
12840	-3427.519	-3593.711	166.1926	1.518179	3.011987	0.3784982	0.630899	0.369101	2.444622
12846	-3413.507	-3580.269	166.7617	1.512227	3.54203	0.3784982	0.630899	0.369101	1.943236
12852	-3425.192	-3590.994	165.802	1.211461	2.445329	0.5027158	0.541685	0.458315	2.895697
12858	-3403.629	-3568.301	164.6713	1.26949	2.69566	0.453535	0.577633	0.422367	3.509954
12864	-3409.596	-3574.845	165.2496	1.253389	2.69566	0.453535	0.432024	0.567976	3.1794
12870	-3414.767	-3580.103	165.3362	1.163909	2.295753	0.453535	0.726654	0.273346	3.297678
12876	-3403.879	-3568.303	164.4243	1.08916	3.163067	0.453535	0.687513	0.312487	3.640494
12882	-3410.933	-3576.753	165.8197	1.270736	3.163067	0.342827	0.687513	0.312487	2.834203
12888	-3412.214	-3577.781	165.5664	1.332927	3.447275	0.342827	0.623314	0.376686	2.882287
12894	-3404.331	-3570.101	165.7696	1.316821	2.982348	0.342827	0.608114	0.391886	2.882287
12900	-3408.718	-3575.307	166.5883	1.430028	2.982348	0.342827	0.608114	0.391886	2.304469
12906	-3403.671	-3570.165	166.4946	1.416632	3.074748	0.342827	0.685677	0.314323	2.347891
12912	-3415.843	-3582.163	166.3202	1.511518	2.508238	0.4769611	0.647075	0.352925	2.398366
12918	-3427.311	-3593.908	166.5971	1.43831	2.508238	0.3676137	0.608002	0.391998	2.398366
12924	-3438.162	-3604.927	166.7643	1.525861	3.259557	0.3819646	0.698805	0.301195	2.000435
12930	-3439.604	-3605.306	165.7014	1.463124	3.167255	0.6246028	0.704162	0.295838	2.489262
12936	-3420.156	-3586.06	165.9037	1.370992	3.29016	0.4661716	0.641879	0.358121	2.54418
12942	-3422.567	-3587.802	165.2356	1.251923	3.501899	0.4661716	0.67392	0.32608	2.975344
12948	-3413.418	-3578.654	165.2364	1.296155	3.138474	0.3474422	0.67392	0.32608	3.1691
12954	-3414.581	-3579.782	165.2014	1.334174	2.875073	0.6569406	0.631408	0.368592	2.923475
12960	-3426.076	-3591.13	165.0546	1.238839	2.875073	0.4787324	0.69972	0.30028	3.229681
12966	-3426.657	-3590.273	163.6162	1.111671	2.802949	0.2848177	0.652038	0.347962	4.375218
12972	-3423.452	-3586.545	163.0936	1.202487	3.146262	0.4051733	0.604543	0.395457	4.390774
12978	-3430.072	-3593.375	163.3027	1.102233	2.888797	0.4051733	0.522045	0.477955	4.390774
12984	-3433.136	-3596.528	163.3925	1.102233	2.79675	0.372146	0.522045	0.477955	4.399778
12990	-3416.069	-3580.627	164.5587	1.187769	2.677522	0.557804	0.641692	0.358308	3.528238
12996	-3426.764	-3591.333	164.5697	1.19009	2.677522	0.5491166	0.480222	0.519778	3.528238
13002	-3426.324	-3590.922	164.5975	1.28369	2.677522	0.472231	0.58183	0.41817	3.530557
13008	-3414.169	-3578.28	164.111	1.277862	2.677522	0.578882	0.666395	0.333605	3.717209
13014	-3417.801	-3582.423	164.6222	1.145134	2.677522	0.578882	0.530744	0.469256	3.497505
13020	-3410.913	-3575.029	164.1164	1.24311	3.282059	0.6850122	0.581133	0.418867	3.497505
13026	-3413.13	-3578.838	165.7081	1.334659	3.282059	0.3095333	0.619896	0.380104	2.878737
13032	-3419.658	-3585.123	165.4651	1.370164	3.01126	0.4347685	0.619896	0.380104	2.917248
13038	-3404.988	-3569.508	164.52	1.243342	2.842504	0.453267	0.671341	0.328659	3.574807
13044	-3416.525	-3582.369	165.8442	1.310939	2.842504	0.453267	0.671881	0.328119	2.747261
13050	-3422.447	-3586.57	164.1231	1.189426	2.842504	0.453267	0.59265	0.40735	3.835358
13056	-3421.823	-3586.019	164.1964	1.140714	2.136641	0.4687957	0.632205	0.367795	4.006217
13062	-3424.45	-3588.781	164.3318	1.178984	2.41994	0.4529943	0.652219	0.347781	3.83649
13068	-3425.115	-3588.436	163.3208	1.117137	2.835795	0.443466	0.584964	0.415036	4.345289
13074	-3419.191	-3583.311	164.1205	1.142797	2.869802	0.5636313	0.584964	0.415036	3.752668
13080	-3418.108	-3582.835	164.7266	1.322551	3.294457	0.4133401	0.461046	0.538954	3.339957
13086	-3415.746	-3581.169	165.4237	1.398195	2.943228	0.3977622	0.716259	0.283741	2.984603
13092	-3403.176	-3568.712	165.5359	1.419628	2.995195	0.3458783	0.63469	0.36531	2.954054
13098	-3409.05	-3574.53	165.4796	1.447833	2.995195	0.4608992	0.63469	0.36531	2.837342
13104	-3409.128	-3573.803	164.6741	1.273322	3.140802	0.4509885	0.63469	0.36531	3.395472
13110	-3408.257	-3572.479	164.2223	1.238646	2.803177	0.4509885	0.532638	0.467362	3.762362
13116	-3414.756	-3577.512	162.7561	1.107011	2.699355	0.5040594	0.639775	0.360225	4.644965
13122	-3418.286	-3583.776	165.4901	1.35963	3.069224	0.5040594	0.639775	0.360225	2.821134
13128	-3412.084	-3577.517	165.4332	1.267958	3.069224	0.3132902	0.639775	0.360225	3.130385
13134	-3415.427	-3581.264	165.8368	1.376912	3.069224	0.555681	0.559533	0.440467	2.547075
13140	-3415.789	-3581.273	165.4844	1.412239	3.069224	0.4531382	0.559533	0.440467	2.845383
13146	-3413.358	-3579.199	165.8412	1.491338	3.069224	0.4138591	0.557372	0.442628	2.622514
13152	-3422.217	-3587.241	165.0241	1.232977	2.91197	0.4138591	0.610251	0.389749	3.310197
13158	-3423.954	-3587.977	164.0233	1.025206	2.91197	0.4138591	0.57874	0.42126	4.010429
13164	-3436.373	-3600.897	164.5239	1.025206	2.797749	0.5313341	0.527704	0.472296	3.634926
13170	-3420.392	-3584.156	163.7639	1.098184	3.613516	0.4365892	0.527704	0.472296	3.933191
13176	-3430.383	-3594.687	164.3045	1.184646	3.037825	0.4365892	0.61218	0.38782	3.702177
13182	-3421.45	-3585.612	164.162	1.151705	3.037825	0.5407866	0.548624	0.451376	3.702177
13188	-3411.163	-3575.783	164.6199	1.171633	3.037825	0.4468274	0.630865	0.369135	3.515938
13194	-3422.484	-3586.735	164.2504	1.230521	3.595806	0.3469302	0.666733	0.333267	3.681814
13200	-3424.562	-3589.128	164.5664	1.174575	3.595806	0.377152	0.578732	0.421268	3.494537
13206	-3413.971	-3578.702	164.731	1.174575	2.643289	0.377152	0.487013	0.512987	3.628209
13212	-3417.332	-3581.799	164.4667	1.166827	3.274819	0.377152	0.583598	0.416402	3.628209
13218	-3414.83	-3578.842	164.0124	1.206198	3.211771	0.377152	0.719272	0.280728	3.882076
13224	-3409.47	-3574.836	165.3655	1.284675	3.211771	0.4409455	0.502044	0.497956	2.972096
13230	-3411.197	-3576.386	165.1898	1.249502	3.211771	0.4730604	0.601376	0.398624	3.064617
13236	-3419.814	-3585.303	165.489	1.370738	2.629848	0.3824382	0.582979	0.417021	3.064617
13242	-3410.288	-3576.633	166.3452	1.371004	2.611835	0.395841	0.582979	0.417021	2.532027
13248	-3413.493	-3578.152	164.6587	1.280667	2.611835	0.5742454	0.519312	0.480688	3.419026
13254	-3411.546	-3576.731	165.185	1.334543	2.895119	0.4426781	0.635846	0.364154	3.127738
13260	-3409.4	-3574.55	165.15	1.259639	2.895119	0.4600877	0.533045	0.466955	3.174719
13266	-3415.184	-3580.099	164.9146	1.309614	2.895119	0.4173979	0.677891	0.322109	3.329909
13272	-3406.487	-3570.904	164.4178	1.156871	2.895119	0.37548	0.561053	0.438947	3.755492
13278	-3405.237	-3569.996	164.7594	1.157984	3.510447	0.5013979	0.561053	0.438947	3.277373
13284	-3413.068	-3579.001	165.9325	1.280669	2.417491	0.4297656	0.561053	0.438947	2.860009
13290	-3412.885	-3578.806	165.9203	1.300431	2.417491	0.4015837	0.625997	0.374003	2.887486
13296	-3420.085	-3585.938	165.8531	1.289689	2.652965	0.4015837	0.608927	0.391073	2.865312
13302	-3412.165	-3578.781	166.616	1.434264	2.828982	0.3276784	0.608927	0.391073	2.347629
13308	-3426.366	-3592.504	166.1382	1.326454	3.016514	0.4555425	0.572355	0.427645	2.507057
13314	-3409.406	-3574.447	165.0401	1.380723	3.053936	0.5044031	0.576516	0.423484	3.082857
13320	-3411.736	-3576.888	165.1525	1.265417	3.060877	0.5044031	0.526272	0.473728	3.082857
13326	-3415.475	-3579.816	164.3409	1.229444	3.429878	0.3797615	0.593009	0.406991	3.626899
13332	-3425.696	-3590.13	164.4334	1.259799	2.827329	0.4577613	0.536746	0.463254	3.614868
13338	-3428.214	-3592.672	164.4585	1.259799	3.80604	0.4577613	0.730976	0.269024	3.375206
13344	-3426.329	-3591.252	164.9234	1.22747	3.108682	0.4577613	0.733351	0.266649	3.276563
13350	-3431.503	-3596.834	165.3308	1.583602	3.867293	0.7100233	0.573052	0.426948	2.409279
13356	-3417.001	-3582.327	165.3263	1.506423	3.60481	0.6561148	0.505488	0.494512	2.563645
13362	-3415.543	-3580.958	165.4147	1.353266	3.362269	0.4656518	0.524975	0.475025	2.838663
13368	-3409.065	-3574.484	165.4197	1.44826	3.362269	0.5026336	0.638892	0.361108	2.739676
13374	-3410.423	-3575.959	165.5359	1.359944	3.444104	0.4816167	0.532255	0.467745	2.72484
13380	-3410.877	-3574.904	164.0266	1.375423	3.988047	0.8310762	0.440553	0.559447	3.215688
13386	-3416.622	-3581.233	164.6107	1.401439	2.867695	0.8310762	0.599596	0.400404	3.108876
13392	-3416.747	-3581.126	164.3793	1.260773	2.973635	0.6607666	0.504708	0.495292	3.426661
13398	-3409.423	-3574.832	165.4092	1.257979	2.973635	0.4980629	0.570428	0.429572	2.961916
13404	-3410.225	-3574.968	164.7436	1.355045	2.672279	0.4980629	0.477005	0.522995	3.379382
13410	-3419.2	-3582.203	163.0035	1.134678	3.732176	0.5827137	0.577132	0.422868	4.18511
13416	-3419.201	-3583.331	164.1293	1.184825	2.737248	0.3865878	0.611552	0.388448	3.933086
13422	-3429.028	-3594.297	165.2686	1.345059	2.737248	0.469684	0.523836	0.476164	3.085382
13428	-3422.462	-3587.76	165.2983	1.272118	2.861156	0.4512259	0.753674	0.246326	3.097257
13434	-3409.811	-3573.793	163.9815	1.257997	4.03204	0.4404333	0.611521	0.388479	3.627383
13440	-3408.276	-3573.23	164.9549	1.316954	4.03204	0.4404333	0.591503	0.408497	3.019541
13446	-3411.837	-3576.973	165.1365	1.243933	3.063275	0.3738841	0.559467	0.440533	3.245276
13452	-3414.003	-3578.515	164.5122	1.169143	3.152286	0.3738841	0.581323	0.418677	3.632876
13458	-3418.978	-3583.984	165.0063	1.169384	3.152286	0.3738841	0.682687	0.317313	3.344329
13464	-3420.278	-3584.586	164.3081	1.229226	2.774822	0.4227833	0.634762	0.365238	3.755175
13470	-3415.584	-3580.539	164.9544	1.229226	2.774822	0.4227833	0.580013	0.419987	3.379301
13476	-3419.657	-3585.03	165.3721	1.244824	2.982035	0.4227833	0.621081	0.378919	3.068984
13482	-3417.79	-3583.435	165.6451	1.275598	2.982035	0.4227833	0.590972	0.409028	2.886453
13488	-3418.291	-3583.129	164.8374	1.23643	2.982035	0.3738579	0.590972	0.409028	3.44573
13494	-3413.155	-3578.007	164.8521	1.290787	2.460992	0.6537273	0.576352	0.423648	3.275654
13500	-3422.592	-3587.131	164.5391	1.312293	2.460992	0.5817321	0.576352	0.423648	3.506764
13506	-3423.515	-3588.629	165.1143	1.279856	2.550705	0.5438141	0.614656	0.385344	3.195791
13512	-3425.068	-3590.8	165.732	1.279856	2.408516	0.3888057	0.65807	0.34193	3.03082
13518	-3420.378	-3585.831	165.4528	1.295996	2.408516	0.5391517	0.614803	0.385197	3.03082
13524	-3413.139	-3578.609	165.47	1.295996	2.599769	0.3598656	0.675628	0.324372	3.156204
13530	-3413.997	-3578.876	164.8783	1.255619	2.859889	0.5247967	0.609167	0.390833	3.282936
13536	-3409.978	-3574.909	164.9307	1.20545	3.104601	0.460947	0.72787	0.27213	3.282936
13542	-3410.367	-3574.587	164.2197	1.117272	3.104601	0.460947	0.633245	0.366755	3.748908
13548	-3416.101	-3580.365	164.2635	1.297263	4.213692	0.5700595	0.633245	0.366755	3.279892
13554	-3415.417	-3579.862	164.4449	1.382585	2.984637	0.4915076	0.696338	0.303662	3.463005
13560	-3436.52	-3602.295	165.7747	1.438411	2.745659	0.5196503	0.611274	0.388726	2.669745
13566	-3425.482	-3591.204	165.7223	1.467451	2.86372	0.6108501	0.590177	0.409823	2.565816
13572	-3416.781	-3583.152	166.371	1.462565	2.86372	0.4119664	0.736994	0.263006	2.366495
13578	-3414.222	-3580.472	166.2506	1.517696	3.152842	0.4119664	0.65038	0.34962	2.330063
13584	-3423.655	-3590.326	166.6713	1.555987	2.457067	0.403579	0.632621	0.367379	2.246932
13590	-3421.761	-3586.825	165.0638	1.442618	2.457067	0.7045169	0.576178	0.423822	3.020553
13596	-3420.774	-3585.099	164.325	1.238988	3.275192	0.491202	0.576178	0.423822	3.5474
13602	-3417.656	-3581.319	163.6624	1.09595	2.609341	0.5947979	0.41695	0.58305	4.083737
13608	-3412.306	-3575.507	163.2009	1.238321	2.958997	0.5166299	0.557971	0.442029	4.243633
13614	-3409.544	-3574.136	164.5927	1.18987	2.725549	0.4632132	0.684878	0.315122	3.584126
13620	-3410.742	-3576.455	165.7129	1.435635	2.725549	0.5252313	0.583924	0.416076	2.709575
13626	-3421.247	-3586.46	165.2132	1.266065	3.405213	0.4100854	0.652329	0.347671	3.063167
13632	-3421.219	-3586.097	164.8776	1.273423	3.405213	0.4100854	0.7156	0.2844	3.258181
13638	-3410.634	-3575.684	165.0496	1.242689	3.090547	0.4100854	0.639652	0.360348	3.248875
13644	-3411.262	-3575.476	164.2143	1.15882	3.090547	0.3431168	0.71649	0.28351	3.862174
13650	-3411.785	-3575.472	163.6866	1.208435	2.738183	0.5389086	0.656954	0.343046	4.019791
13656	-3407.117	-3570.487	163.3697	1.157501	2.874489	0.5775006	0.524015	0.475985	4.160888
13662	-3407.571	-3571.253	163.6822	1.036818	2.735746	0.4364833	0.499375	0.500625	4.218869
13668	-3410.029	-3574.51	164.4809	1.195445	2.608061	0.3674106	0.622771	0.377229	3.78173
13674	-3418.822	-3584.589	165.7661	1.387434	3.931734	0.3674106	0.703851	0.296149	2.588642
13680	-3415.6	-3581.597	165.9963	1.35459	3.417421	0.4008065	0.622737	0.377263	2.540307
13686	-3407.615	-3573.232	165.6177	1.334666	3.306641	0.4588823	0.556575	0.443425	2.746774
13692	-3410.081	-3576.143	166.0625	1.422703	3.306641	0.4983713	0.562377	0.437623	2.373735
13698	-3413.314	-3579.577	166.2629	1.492069	3.168783	0.4983713	0.520808	0.479192	2.236612
13704	-3404.067	-3569.323	165.2564	1.257465	3.168783	0.4178413	0.647715	0.352285	3.089549
13710	-3409.213	-3574.573	165.3597	1.279051	3.110212	0.4631839	0.647715	0.352285	2.980153
13716	-3415.084	-3581.188	166.1039	1.456405	3.571821	0.2824422	0.608536	0.391464	2.532407
13722	-3411.014	-3576.973	165.959	1.411784	4.472557	0.2824422	0.608536	0.391464	2.461604
13728	-3419.138	-3585.554	166.416	1.433132	3.686072	0.3879893	0.658941	0.341059	2.176611
13734	-3411.694	-3576.766	165.0718	1.295063	3.686072	0.338702	0.554428	0.445572	3.153867
13740	-3413.238	-3577.24	164.0024	1.002783	3.192183	0.360233	0.585433	0.414567	4.028429
13746	-3423.081	-3585.312	162.2314	0.9714813	3.192183	0.5174077	0.565062	0.434938	4.882742
13752	-3421.298	-3584.164	162.8667	1.042778	3.192183	0.3986525	0.550966	0.449034	4.604798
13758	-3423.423	-3586.35	162.9269	1.005675	2.602282	0.5336631	0.525609	0.474391	4.604798
13764	-3425.207	-3587.86	162.6534	1.035315	2.602282	0.4648382	0.525469	0.474531	4.805015
13770	-3426.242	-3587.929	161.6869	0.9806727	3.244084	0.4648382	0.529594	0.470406	5.21713
13776	-3421.385	-3584.039	162.6542	1.001473	2.824894	0.4648382	0.433326	0.566674	4.766207
13782	-3417.151	-3581.063	163.9116	1.147179	2.824894	0.4648382	0.406356	0.593644	3.973737
13788	-3413.478	-3577.401	163.9232	1.307497	3.544956	0.4262629	0.55886	0.44114	3.746698
13794	-3406.915	-3570.249	163.3336	1.197964	3.544956	0.3546712	0.55886	0.44114	4.226741
13800	-3416.243	-3579.914	163.671	1.029694	3.544956	0.2804654	0.667854	0.332146	4.225539
13806	-3401.681	-3567.149	165.4685	1.235153	3.544956	0.3405099	0.667854	0.332146	2.981127
13812	-3400.62	-3565.954	165.3339	1.215439	3.9864	0.3396428	0.653101	0.346899	2.981127
13818	-3415.726	-3581.319	165.5934	1.338643	3.893366	0.411799	0.518401	0.481599	2.679707
13824	-3410.932	-3575.6	164.6686	1.192061	3.888179	0.3671072	0.649783	0.350217	3.375572
13830	-3420.955	-3585.663	164.7072	1.125048	4.485838	0.3671072	0.55178	0.44822	3.278098
13836	-3424.804	-3589.354	164.5503	1.185615	4.485838	0.4981306	0.546707	0.453293	3.192919
13842	-3417.691	-3582.214	164.5228	1.149973	2.773598	0.4981306	0.546707	0.453293	3.600737
13848	-3411.708	-3577.96	166.252	1.414387	2.612702	0.3749454	0.561924	0.438076	2.588369
13854	-3420.84	-3586.994	166.1538	1.445755	3.040717	0.487213	0.559234	0.440766	2.381508
13860	-3429.614	-3594.852	165.2379	1.295176	3.040717	0.5493975	0.531149	0.468851	2.976003
13866	-3425.448	-3591.153	165.7052	1.342508	3.040717	0.3647051	0.624713	0.375287	2.863038
13872	-3434.127	-3597.862	163.7353	1.274973	3.248982	0.6414163	0.615328	0.384672	3.741999
13878	-3426.367	-3592.112	165.745	1.314577	3.260257	0.3643041	0.560151	0.439849	2.801885
13884	-3419.233	-3583.795	164.5621	1.275934	3.260257	0.4444121	0.562579	0.437421	3.438205
13890	-3421.021	-3583.89	162.8685	1.124189	4.389753	0.4950455	0.572202	0.427798	4.221567
13896	-3423.384	-3587.539	164.1543	1.309903	4.170319	0.3314761	0.572202	0.427798	3.595798
13902	-3433.911	-3599.344	165.4327	1.381801	3.394126	0.4330157	0.494134	0.505866	2.838239
13908	-3427.717	-3593.657	165.9399	1.375576	3.826489	0.3380282	0.596154	0.403846	2.54892
13914	-3426.087	-3591.933	165.8457	1.472355	2.65126	0.5299479	0.573344	0.426656	2.62179
13920	-3420.368	-3586.503	166.1346	1.574523	2.623818	0.3800226	0.692786	0.307214	2.552293
13926	-3410.432	-3576.595	166.1626	1.381646	2.623818	0.4821464	0.649158	0.350842	2.538145
13932	-3414.584	-3580.205	165.6211	1.357803	2.785438	0.4625385	0.693675	0.306325	2.860121
13938	-3420.141	-3585.904	165.7628	1.495216	3.036807	0.4625385	0.757396	0.242604	2.622434
13944	-3411.4	-3577.461	166.0608	1.519206	2.569393	0.3455325	0.580842	0.419158	2.691939
13950	-3422.714	-3588.946	166.2324	1.335588	2.569393	0.3455325	0.696299	0.303701	2.699327
13956	-3418.886	-3585.841	166.9544	1.545654	2.569393	0.4969816	0.731822	0.268178	1.921659
13962	-3421.613	-3588.314	166.7007	1.545963	2.756066	0.4969816	0.684472	0.315528	2.032874
13968	-3410.401	-3577.558	167.1577	1.626388	2.700915	0.4969816	0.674013	0.325987	1.682108
13974	-3423.891	-3590.958	167.0675	1.612961	2.932611	0.4969816	0.533856	0.466144	1.682108
13980	-3426.891	-3593.551	166.6599	1.612961	2.932611	0.5426135	0.63315	0.36685	1.913647
13986	-3422.506	-3588.771	166.2652	1.401349	2.328405	0.3644214	0.686468	0.313532	2.688593
13992	-3426.695	-3591.299	164.6035	1.21445	3.092227	0.4337059	0.64778	0.35222	3.501129
13998	-3423.974	-3589.371	165.3966	1.28026	2.299729	0.5073389	0.626442	0.373558	3.137631
14004	-3423.583	-3588.992	165.4085	1.261429	2.299729	0.4078914	0.760685	0.239315	3.245645
14010	-3426.112	-3591.962	165.8505	1.478787	2.206366	0.3621449	0.645165	0.354835	2.936008
14016	-3420.006	-3585.159	165.153	1.51706	3.593886	0.615945	0.68734	0.31266	2.701083
14022	-3420.076	-3586.214	166.1375	1.426198	2.421511	0.3956497	0.624958	0.375042	2.684217
14028	-3421.369	-3588.443	167.0742	1.607806	2.421511	0.3956497	0.691781	0.308219	1.970505
14034	-3415.579	-3582.756	167.1764	1.584026	2.164887	0.3956497	0.641707	0.358293	2.00841
14040	-3428.2	-3595.635	167.4357	1.535879	2.164887	0.3956497	0.646863	0.353137	1.86613
14046	-3412.87	-3580.281	167.4101	1.66029	2.630398	0.3670833	0.685795	0.314205	1.671474
14052	-3420.069	-3587.469	167.3999	1.673156	2.951933	0.3670833	0.566256	0.433744	1.564727
14058	-3411.81	-3579.171	167.3608	1.786691	2.473908	0.3670833	0.566256	0.433744	1.670525
14064	-3425.093	-3592.14	167.047	1.669963	3.209534	0.4386244	0.692464	0.307536	1.645702
14070	-3419.536	-3586.577	167.0416	1.533368	3.262156	0.4386244	0.677457	0.322543	1.731664
14076	-3420.64	-3587.499	166.8588	1.682167	3.554669	0.3534395	0.703733	0.296267	1.792681
14082	-3421.504	-3588.475	166.9708	1.701041	3.263494	0.3534395	0.748717	0.251283	1.779341
14088	-3412.035	-3579.081	167.046	1.625839	3.263494	0.3534395	0.632528	0.367472	1.779341
14094	-3412.252	-3578.821	166.5693	1.625839	3.541429	0.5619005	0.632528	0.367472	1.779341
14100	-3426.414	-3592.579	166.1653	1.623479	3.831478	0.7335218	0.632528	0.367472	1.824346
14106	-3427.498	-3594.418	166.92	1.533599	2.902145	0.4250534	0.617974	0.382026	1.935245
14112	-3413.024	-3580.274	167.2496	1.615514	3.007449	0.3475618	0.722563	0.277437	1.726243
14118	-3423.915	-3591.359	167.4446	1.695415	3.007449	0.3475618	0.568703	0.431297	1.527721
14124	-3421.063	-3588.649	167.5856	1.766762	2.534773	0.3485449	0.77915	0.22085	1.527721
14130	-3428.058	-3595.482	167.4241	1.7102	3.095031	0.392878	0.61842	0.38158	1.434815
14136	-3419.828	-3586.391	166.5631	1.4425	3.42466	0.3234068	0.620135	0.379865	2.225257
14142	-3414.695	-3580.992	166.297	1.432064	3.812814	0.3312111	0.690575	0.309425	2.300682
14148	-3412.286	-3578.658	166.3712	1.380719	3.747842	0.3312111	0.716671	0.283329	2.300682
14154	-3405.989	-3572.423	166.4336	1.390228	3.509767	0.3919045	0.649126	0.350874	2.229834
14160	-3415.18	-3581.435	166.2548	1.453467	3.509767	0.454124	0.649126	0.350874	2.229834
14166	-3410.343	-3576.839	166.4965	1.546225	2.70338	0.454124	0.660069	0.339931	2.229834
14172	-3415.624	-3582.513	166.8894	1.637407	2.425604	0.454124	0.62694	0.37306	2.000467
14178	-3421.697	-3588.418	166.7208	1.504476	2.610263	0.454124	0.627268	0.372732	2.139724
14184	-3407.737	-3575.508	167.7711	1.838741	2.525804	0.4525888	0.607729	0.392271	1.16531
14190	-3415.154	-3582.801	167.6474	2.011084	2.495312	0.5548428	0.599327	0.400673	0.9750348
14196	-3412.473	-3580.398	167.925	1.977583	2.495312	0.3273792	0.56229	0.43771	1.13768
14202	-3408.286	-3576.024	167.7379	1.950901	2.495312	0.4348041	0.706829	0.293171	1.136958
14208	-3413.994	-3581.581	167.5865	1.937799	3.056922	0.394303	0.706829	0.293171	1.124506
14214	-3421.98	-3588.007	166.0265	1.449447	3.37345	0.5882892	0.582432	0.417568	2.273549
14220	-3423.67	-3590.359	166.6887	1.497081	2.979957	0.5882892	0.596217	0.403783	1.911932
14226	-3415.167	-3582.099	166.9322	1.502359	2.979957	0.3579865	0.648693	0.351307	2.0134
14232	-3420.666	-3588.122	167.4561	1.828445	3.098471	0.3733866	0.550223	0.449777	1.34659
14238	-3414.799	-3582.224	167.4253	1.835559	3.098471	0.3733866	0.662171	0.337829	1.365349
14244	-3408.98	-3576.28	167.2999	1.765209	3.098471	0.3733866	0.662171	0.337829	1.515367
14250	-3418.695	-3585.808	167.1126	1.712381	3.098471	0.5056623	0.718536	0.281464	1.515367
14256	-3424.092	-3591.313	167.221	1.570383	3.098471	0.4853778	0.661852	0.338148	1.565276
14262	-3415.665	-3582.707	167.0425	1.559687	3.098471	0.428008	0.682023	0.317977	1.772579
14268	-3413.871	-3580.645	166.7738	1.51425	2.460921	0.5195268	0.662915	0.337085	2.073918
14274	-3414.522	-3580.562	166.0392	1.438659	2.405965	0.5392229	0.643683	0.356317	2.587856
14280	-3418.459	-3584.455	165.9958	1.456592	3.523417	0.5441774	0.654591	0.345409	2.294951
14286	-3411.52	-3577.837	166.3169	1.428097	3.457706	0.3903683	0.602961	0.397039	2.294951
14292	-3415.974	-3581.923	165.9481	1.412341	2.678416	0.4482186	0.624869	0.375131	2.672535
14298	-3416.83	-3582.529	165.6986	1.378728	2.876943	0.4482186	0.761289	0.238711	2.790916
14304	-3416.307	-3582.212	165.9045	1.306498	2.876943	0.5538979	0.73688	0.26312	2.601532
14310	-3413.92	-3579.589	165.6695	1.395862	2.753105	0.3479546	0.740179	0.259821	2.94939
14316	-3407.563	-3571.397	163.8332	1.11632	3.71441	0.3575497	0.696124	0.303876	3.950033
14322	-3406.387	-3571.676	165.289	1.236117	3.23063	0.3403818	0.669763	0.330237	3.160292
14328	-3415.83	-3580.998	165.1683	1.183441	2.725846	0.4127767	0.614533	0.385467	3.304579
14334	-3410.772	-3574.316	163.5446	1.115581	2.725846	0.6477373	0.648174	0.351826	4.065909
14340	-3424.995	-3587.377	162.3821	0.9999826	3.802661	0.4240952	0.577816	0.422184	4.744549
14346	-3432.279	-3595.043	162.7639	0.9916854	2.505966	0.4240952	0.577816	0.422184	4.834479
14352	-3425.59	-3589.774	164.1834	1.168757	2.505966	0.4240952	0.684634	0.315366	3.932997
14358	-3405.957	-3570.572	164.6153	1.149305	2.505966	0.4187742	0.550052	0.449948	3.701399
14364	-3401.155	-3566.029	164.8736	1.14162	3.295772	0.3995575	0.679323	0.320677	3.375031
14370	-3410.163	-3576.288	166.1253	1.262797	2.812246	0.375582	0.735412	0.264588	2.702492
14376	-3414.214	-3580.132	165.9189	1.428818	2.615838	0.4442109	0.54683	0.45317	2.702838
14382	-3419.917	-3584.981	165.064	1.323997	2.648192	0.6279027	0.590412	0.409588	3.09785
14388	-3414.195	-3577.433	163.2372	1.310363	2.648192	1.081638	0.676763	0.323237	3.870625
14394	-3419.205	-3582.423	163.2185	1.197734	3.209177	0.9094462	0.56497	0.43503	3.905531
14400	-3427.001	-3591.246	164.2447	1.358985	2.412085	0.9102923	0.56497	0.43503	3.425014
14406	-3425.424	-3589.604	164.1804	1.465094	2.686177	0.852358	0.553345	0.446655	3.359998
14412	-3419.947	-3584.654	164.7063	1.494178	3.545091	0.7909615	0.525931	0.474069	2.859576
14418	-3411.076	-3576.667	165.5912	1.271843	3.587044	0.3807639	0.622778	0.377222	2.825229
14424	-3426.89	-3592.61	165.7198	1.426162	3.340581	0.3807639	0.788152	0.211848	2.709462
14430	-3412.327	-3578.145	165.8184	1.338938	3.340581	0.4249266	0.740167	0.259833	2.650413
14436	-3412.326	-3579.177	166.8514	1.672293	2.413149	0.4183579	0.568305	0.431695	2.049853
14442	-3421.278	-3588.148	166.87	1.703474	2.731091	0.3556698	0.510327	0.489673	1.997353
14448	-3413.067	-3580.132	167.0647	1.622577	2.65862	0.4527567	0.570527	0.429473	1.816706
14454	-3428.463	-3595.133	166.67	1.568242	2.65862	0.4527567	0.713486	0.286514	2.117988
14460	-3413.338	-3580.02	166.6813	1.558441	2.851784	0.3317158	0.605254	0.394746	2.21414
14466	-3406.534	-3572.883	166.3494	1.467733	3.205066	0.4735075	0.605254	0.394746	2.21414
14472	-3408.635	-3573.974	165.3387	1.256287	2.553661	0.4735075	0.605254	0.394746	3.14396
14478	-3415.742	-3580.925	165.183	1.299475	2.76646	0.46413	0.605254	0.394746	3.16127
14484	-3429.026	-3595.764	166.738	1.494339	2.586137	0.5399484	0.533761	0.466239	2.048968
14490	-3417.32	-3583.665	166.3456	1.545379	3.029766	0.4427456	0.5125	0.4875	2.247921
14496	-3415.72	-3582.376	166.6569	1.562931	3.029766	0.5109173	0.667046	0.332954	1.955547
14502	-3417.588	-3584.171	166.583	1.565	3.130669	0.5109173	0.541781	0.458219	1.975535
14508	-3426.237	-3593.249	167.0122	1.565	3.130669	0.5109173	0.718312	0.281688	1.679858
14514	-3423.838	-3590.768	166.9303	1.646902	3.130669	0.5109173	0.622463	0.377537	1.679858
14520	-3410.847	-3577.83	166.9833	1.78006	3.209945	0.570525	0.6796	0.3204	1.450683
14526	-3409.834	-3576.98	167.1468	1.806373	3.209945	0.5196568	0.6796	0.3204	1.364876
14532	-3423.148	-3590.193	167.0451	1.806373	3.209945	0.5855724	0.518468	0.481532	1.364876
14538	-3429.646	-3596.986	167.3402	1.871224	2.71564	0.5855724	0.598937	0.401063	1.2453
14544	-3428.454	-3596.131	167.6768	1.68773	2.391672	0.4450469	0.560038	0.439962	1.430661
14550	-3418.576	-3582.978	164.4012	1.319397	2.99136	0.6227367	0.660426	0.339574	3.405931
14556	-3418.618	-3583.33	164.7125	1.295394	3.208644	0.6227367	0.656645	0.343355	3.183541
14562	-3415.442	-3582.824	167.3818	1.666148	2.382242	0.3638497	0.689656	0.310344	1.777783
14568	-3407.475	-3574.198	166.723	1.607172	3.162774	0.3638497	0.689656	0.310344	2.024063
14574	-3429.853	-3595.905	166.0526	1.469258	2.90537	0.3456809	0.597826	0.402174	2.632905
14580	-3427.197	-3593.714	166.5175	1.463349	2.699261	0.3456809	0.670753	0.329247	2.40422
14586	-3422.805	-3589.288	166.4832	1.450066	2.747905	0.4631611	0.545337	0.454663	2.276847
14592	-3423.094	-3587.963	164.8688	1.32414	2.828356	0.5398842	0.64664	0.35336	3.242273
14598	-3406.822	-3572.23	165.408	1.283752	2.828356	0.5386561	0.626748	0.373252	2.945899
14604	-3416.282	-3582.772	166.4897	1.404935	2.828356	0.4545653	0.675553	0.324447	2.288007
14610	-3411.609	-3577.748	166.1395	1.434014	2.828356	0.5168811	0.565792	0.434208	2.425095
14616	-3420.23	-3587.054	166.8243	1.609418	2.179007	0.5168811	0.54199	0.45801	2.077755
14622	-3425.872	-3592.647	166.775	1.655926	3.46226	0.5168811	0.54199	0.45801	1.684074
14628	-3407.96	-3574.896	166.9356	1.581346	3.46226	0.3830483	0.655426	0.344574	1.791496
14634	-3403.306	-3570.413	167.1064	1.635839	2.754501	0.3830483	0.616857	0.383143	1.838292
14640	-3421.15	-3588.148	166.9978	1.62474	3.490903	0.3614989	0.692813	0.307187	1.740735
14646	-3422.069	-3589.084	167.016	1.656814	3.490903	0.4803373	0.579339	0.420661	1.544922
14652	-3404.256	-3571.356	167.1004	1.725021	2.986299	0.5351013	0.579339	0.420661	1.51488
14658	-3410.31	-3577.283	166.9732	1.74358	2.959938	0.4179776	0.579339	0.420661	1.746316
14664	-3417.181	-3583.936	166.7554	1.610036	3.393061	0.5191935	0.6615	0.3385	1.746316
14670	-3421.834	-3588.731	166.8963	1.509367	2.88313	0.3039907	0.640426	0.359574	2.137843
14676	-3423.128	-3590.154	167.0263	1.801688	3.212141	0.2623544	0.545831	0.454169	1.830372
14682	-3429.946	-3597.122	167.1758	1.802146	3.212141	0.4931944	0.773213	0.226787	1.378832
14688	-3425.842	-3593.149	167.3067	1.797594	3.212141	0.4931944	0.601941	0.398059	1.277484
14694	-3420.763	-3588.063	167.3001	1.847746	2.830618	0.4931944	0.64072	0.35928	1.372076
14700	-3417.188	-3584.817	167.6296	1.859734	2.830618	0.3627812	0.599129	0.400871	1.291678
14706	-3419.03	-3586.194	167.1637	1.762791	2.598578	0.6307171	0.599129	0.400871	1.463374
14712	-3416.263	-3583.192	166.9294	1.800694	3.047472	0.6898984	0.670589	0.329411	1.398436
14718	-3408.982	-3575.934	166.9515	1.701019	3.047472	0.6898984	0.634814	0.365186	1.458127
14724	-3416.093	-3583.623	167.5305	1.819186	2.757964	0.348584	0.604638	0.395362	1.450689
14730	-3400.809	-3568.127	167.3182	1.823162	3.349138	0.348584	0.670968	0.329032	1.420072
14736	-3410.598	-3577.323	166.7241	1.738196	4.01623	0.3651822	0.60997	0.39003	1.716959
14742	-3400.754	-3567.972	167.2181	1.708137	3.173726	0.4181819	0.624877	0.375123	1.531006
14748	-3408.416	-3575.485	167.0698	1.853279	3.078196	0.4181819	0.618566	0.381434	1.562339
14754	-3406.983	-3573.879	166.8964	1.542224	3.119977	0.53293	0.574688	0.425312	1.755838
14760	-3421.293	-3586.699	165.4059	1.542224	3.119977	0.4485772	0.657957	0.342043	2.806281
14766	-3418.633	-3584.255	165.6221	1.426884	3.119977	0.4402405	0.575604	0.424396	2.753913
14772	-3411.471	-3576.459	164.9884	1.283184	3.119977	0.4402405	0.626116	0.373884	3.2209
14778	-3411.52	-3575.951	164.4309	1.241957	3.341876	0.3605573	0.544063	0.455937	3.609686
14784	-3416.374	-3581.425	165.0509	1.264902	3.189014	0.5386573	0.544063	0.455937	3.079523
14790	-3414.739	-3579.998	165.2599	1.25611	3.71374	0.3721955	0.493995	0.506005	3.017217
14796	-3417.889	-3582.246	164.3567	1.262433	3.961183	0.4466251	0.51368	0.48632	3.41356
14802	-3410.465	-3575.274	164.8094	1.182012	2.933556	0.4580133	0.579682	0.420318	3.41356
14808	-3412.217	-3578.675	166.4579	1.529273	3.117084	0.4580133	0.592538	0.407462	2.144524
14814	-3427.141	-3593.168	166.0268	1.517786	3.531973	0.4580133	0.550513	0.449487	2.324968
14820	-3426.626	-3593.347	166.721	1.407717	2.548972	0.4580133	0.608488	0.391512	2.217039
14826	-3409.195	-3576.086	166.8905	1.624891	2.646062	0.3415894	0.628346	0.371654	2.081682
14832	-3418.167	-3584.495	166.3278	1.549369	3.158235	0.3055394	0.573547	0.426453	2.400008
14838	-3444.942	-3611.389	166.4477	1.646901	2.96565	0.2853383	0.573547	0.426453	2.343376
14844	-3439.231	-3601.796	162.5651	1.172071	4.995855	0.5201045	0.632157	0.367843	4.241586
14850	-3429.845	-3596.019	166.1741	1.477224	3.925282	0.2993918	0.625422	0.374578	2.371102
14856	-3414.04	-3580.079	166.039	1.437866	2.716792	0.3116234	0.616342	0.383658	2.758261
14862	-3410.204	-3576.033	165.8287	1.392751	3.074989	0.3570474	0.638921	0.361079	2.758261
14868	-3416.106	-3581.454	165.348	1.36727	3.554306	0.3421722	0.695347	0.304653	2.969942
14874	-3418.364	-3584.506	166.1417	1.33129	3.554306	0.2992932	0.651168	0.348832	2.565795
14880	-3429.073	-3594.643	165.5697	1.434651	3.309722	0.2992932	0.604242	0.395758	2.909667
14886	-3419.077	-3585.648	166.5714	1.351046	2.418119	0.4992137	0.730823	0.269177	2.345588
14892	-3411.659	-3578.72	167.0608	1.560182	2.444326	0.3276093	0.548921	0.451079	2.096529
14898	-3415.126	-3581.341	166.215	1.418057	2.709403	0.4262996	0.581881	0.418119	2.519452
14904	-3416.242	-3581.335	165.0932	1.310459	2.93142	0.6027557	0.581881	0.418119	3.033694
14910	-3422.859	-3587.483	164.6246	1.37146	2.93142	0.6027557	0.497482	0.502518	3.275901
14916	-3408.976	-3573.09	164.1146	1.107184	2.93142	0.4260567	0.546116	0.453884	3.893357
14922	-3421.741	-3583.611	161.8702	1.044522	3.284821	0.5597286	0.584861	0.415139	4.985531
14928	-3414.51	-3577.298	162.7883	1.074226	3.283142	0.5402905	0.584861	0.415139	4.472709
14934	-3431.403	-3595.028	163.6248	1.133379	3.283142	0.4586597	0.581813	0.418187	4.041855
14940	-3420.258	-3583.319	163.0618	1.094058	2.956743	0.4408332	0.560539	0.439461	4.477229
14946	-3415.226	-3578.251	163.0246	1.018889	3.634366	0.3603806	0.560539	0.439461	4.477229
14952	-3416.606	-3581.646	165.0406	1.208472	3.44269	0.4427969	0.589305	0.410695	3.155869
14958	-3421.709	-3585.227	163.5179	1.046068	3.101651	0.4427969	0.412839	0.587161	4.210101
14964	-3417.99	-3583.459	165.4689	1.304401	3.101651	0.4429619	0.648156	0.351844	2.922854
14970	-3426.153	-3592.369	166.2163	1.371577	3.222521	0.4153761	0.557328	0.442672	2.422399
14976	-3406.462	-3572.55	166.0882	1.366167	3.569373	0.4153761	0.655701	0.344299	2.422399
14982	-3417.765	-3584.096	166.3309	1.41705	2.722593	0.4029081	0.522667	0.477333	2.471329
14988	-3413.061	-3578.611	165.5501	1.318467	2.612693	0.5245467	0.465902	0.534098	2.91251
14994	-3418.074	-3584.298	166.2242	1.419382	3.100758	0.3730387	0.573223	0.426777	2.470352
15000	-3399.526	-3566.05	166.5234	1.490545	3.232825	0.4043165	0.545629	0.454371	2.160545
15006	-3399.074	-3565.595	166.5209	1.481509	2.537478	0.3776812	0.629561	0.370439	2.397378
15012	-3400.962	-3568.416	167.4539	1.706948	2.891533	0.4060675	0.672713	0.327287	1.46132
15018	-3408.435	-3575.902	167.4671	1.770251	2.46931	0.4724141	0.540558	0.459442	1.46132
15024	-3403.986	-3571.356	167.37	1.802257	2.46931	0.5004393	0.633526	0.366474	1.474853
15030	-3411.242	-3578.479	167.237	1.691941	2.76525	0.401108	0.690256	0.309744	1.679768
15036	-3421.262	-3588.654	167.3927	1.713796	2.916263	0.3044853	0.637803	0.362197	1.650214
15042	-3414.861	-3581.865	167.0044	1.594295	3.155053	0.3044853	0.637803	0.362197	1.932885
15048	-3415.576	-3582.58	167.0046	1.614652	3.482364	0.4027104	0.447898	0.552102	1.687468
15054	-3413.334	-3580.338	167.0048	1.682616	3.482364	0.4027104	0.447744	0.552256	1.638728
15060	-3410.927	-3576.679	165.7519	1.300148	2.453526	0.4736146	0.562411	0.437589	2.89946
15066	-3412.118	-3576.363	164.2449	1.349587	3.191729	0.3871493	0.562411	0.437589	3.658588
15072	-3405.447	-3570.435	164.9879	1.311595	3.191729	0.3871493	0.701361	0.298639	3.246281
15078	-3411.795	-3576.898	165.1029	1.226851	3.191729	0.3871493	0.493429	0.506571	3.228388
15084	-3421.264	-3586.821	165.5563	1.275662	2.715647	0.3871493	0.606593	0.393407	3.051697
15090	-3414.539	-3580.003	165.4639	1.409681	2.772713	0.6196921	0.538466	0.461534	2.777591
15096	-3413.457	-3578.558	165.1007	1.280654	2.772713	0.499014	0.577264	0.422736	3.184471
15102	-3437.609	-3605	167.3916	1.851038	3.415861	0.3194069	0.656969	0.343031	1.370523
15108	-3428.644	-3596.134	167.4902	1.741821	3.415861	0.347085	0.662263	0.337737	1.331119
15114	-3416.772	-3580.738	163.9662	1.143615	3.473171	0.4183976	0.543971	0.456029	3.840222
15120	-3410.582	-3574.824	164.2425	1.315116	3.565331	0.5507544	0.538227	0.461773	3.430463
15126	-3419.506	-3584.522	165.0158	1.336579	2.660045	0.5507544	0.611121	0.388879	3.183319
15132	-3413.177	-3579.071	165.8943	1.401273	3.267497	0.5507544	0.66266	0.33734	2.450217
15138	-3419.448	-3585.587	166.1386	1.461202	2.987598	0.5124596	0.622226	0.377774	2.369143
15144	-3420.779	-3585.027	164.248	1.339927	2.987598	0.6946544	0.613985	0.386015	3.427221
15150	-3415.642	-3580.323	164.6819	1.23766	2.718429	0.5454329	0.692983	0.307017	3.427221
15156	-3414.083	-3578.337	164.254	1.330901	2.718429	0.5064544	0.54458	0.45542	3.658297
15162	-3425.426	-3590.892	165.4658	1.468247	2.624277	0.3857013	0.729171	0.270829	3.017861
15168	-3423.906	-3589.225	165.3195	1.376353	2.999111	0.3857013	0.670515	0.329485	3.059877
15174	-3417.447	-3583.415	165.9681	1.485015	3.889183	0.3165957	0.599097	0.400903	2.47893
15180	-3411.474	-3578.071	166.5972	1.56759	3.889183	0.3165957	0.555352	0.444648	2.020952
15186	-3414.749	-3580.742	165.9929	1.263558	3.973552	0.3879494	0.635843	0.364157	2.490114
15192	-3415.967	-3581.71	165.7428	1.2207	2.928047	0.42631	0.627189	0.372811	2.870646
15198	-3412.563	-3578.734	166.1708	1.468035	2.928047	0.42631	0.56945	0.43055	2.454687
15204	-3415.297	-3581.35	166.0534	1.413983	2.928047	0.5263738	0.635292	0.364708	2.454687
15210	-3416.358	-3582.72	166.3615	1.524268	2.928047	0.426256	0.604713	0.395287	2.298378
15216	-3417.907	-3584.738	166.8302	1.624095	2.661951	0.4306247	0.593251	0.406749	2.000573
15222	-3410.823	-3577.454	166.6314	1.446747	3.228997	0.3696741	0.724937	0.275063	2.164229
15228	-3412.66	-3578.922	166.2614	1.422048	2.516457	0.3696741	0.617262	0.382738	2.61311
15234	-3406.032	-3570.699	164.6664	1.239431	3.683977	0.4305033	0.617262	0.382738	3.319254
15240	-3401.365	-3566.437	165.0722	1.383176	2.547846	0.4305033	0.601434	0.398566	3.273519
15246	-3409.378	-3575.449	166.0713	1.613009	3.469431	0.5558044	0.639349	0.360651	2.146775
15252	-3405.601	-3571.142	165.5412	1.4976	2.564689	0.5558044	0.60869	0.39131	2.793536
15258	-3410.265	-3575.598	165.3327	1.335211	2.946109	0.4137263	0.672007	0.327993	3.057852
15264	-3407.326	-3572.56	165.2334	1.309686	2.946109	0.3522789	0.634686	0.365314	3.20478
15270	-3409.205	-3575.318	166.1128	1.508105	2.751643	0.5231043	0.606199	0.393801	2.410652
15276	-3403.953	-3571.035	167.0823	1.543809	2.751643	0.4025778	0.695409	0.304591	1.892524
15282	-3405.902	-3572.943	167.0412	1.638894	2.751643	0.4025778	0.679251	0.320749	1.855699
15288	-3405.98	-3573.379	167.3994	1.616719	2.751643	0.3558875	0.679251	0.320749	1.686598
15294	-3414.406	-3581.685	167.2788	1.671997	2.351529	0.4808474	0.56144	0.43856	1.704036
15300	-3421.645	-3588.969	167.3247	1.78145	2.351529	0.441341	0.593345	0.406655	1.642546
15306	-3417.576	-3584.957	167.381	1.795189	2.847834	0.4584464	0.593345	0.406655	1.390464
15312	-3428.836	-3596.428	167.5918	1.938707	2.569939	0.4315294	0.610371	0.389629	1.247231
15318	-3420.854	-3588.362	167.5074	1.788298	2.493118	0.4315294	0.644389	0.355611	1.463133
15324	-3421.536	-3589.137	167.6013	1.907764	2.36843	0.4752163	0.555082	0.444918	1.283754
15330	-3421.636	-3589.528	167.8918	1.897143	2.340855	0.4073859	0.624839	0.375161	1.162524
15336	-3416.519	-3584.351	167.8321	1.999506	2.123142	0.447818	0.586655	0.413345	1.162524
15342	-3414.035	-3582.036	168.0018	2.081364	2.123142	0.4130239	0.505176	0.494824	0.9865887
15348	-3402.75	-3570.449	167.6989	2.020461	2.44026	0.4933179	0.515327	0.484673	1.039545
15354	-3413.203	-3581.093	167.8903	1.998762	2.44026	0.4448391	0.507618	0.492382	0.9533377
15360	-3419.492	-3587.149	167.6577	1.986372	2.475469	0.6079187	0.499048	0.500952	0.9169895
15366	-3424.883	-3592.635	167.7521	2.025491	2.48357	0.4779649	0.598603	0.401397	0.9863622
15372	-3409.468	-3577.21	167.7425	1.929192	2.636933	0.4361553	0.637992	0.362008	1.08827
15378	-3418.464	-3586.305	167.8401	1.785658	2.636933	0.4361553	0.681343	0.318657	1.130109
15384	-3409.541	-3577.1	167.5586	1.957521	2.636933	0.4831683	0.672213	0.327787	1.154335
15390	-3408.667	-3576.189	167.5218	1.962256	3.522336	0.3534888	0.592346	0.407654	1.068215
15396	-3407.332	-3575.076	167.7437	1.941037	2.619126	0.3452928	0.706379	0.293621	1.240633
15402	-3427.406	-3595.337	167.9313	1.911535	2.444962	0.3452928	0.660793	0.339207	1.178126
15408	-3427.384	-3595.038	167.654	1.911535	2.723048	0.4107651	0.556182	0.443818	1.189218
15414	-3424.067	-3591.36	167.2934	1.907371	3.550282	0.4074706	0.530567	0.469433	1.215384
15420	-3415.29	-3582.631	167.3407	1.830856	3.356339	0.4074706	0.63279	0.36721	1.300656
15426	-3417.771	-3584.762	166.9912	1.585572	2.740854	0.4074706	0.694322	0.305678	1.922961
15432	-3412.554	-3579.454	166.9	1.599911	2.740854	0.5111395	0.666529	0.333471	1.851245
15438	-3407.631	-3574.362	166.731	1.623448	2.790775	0.5111395	0.697379	0.302621	1.934705
15444	-3413.353	-3580.189	166.8363	1.632727	2.790775	0.5430235	0.672451	0.327549	1.822019
15450	-3412.839	-3579.824	166.9849	1.619028	2.790775	0.5430235	0.57441	0.42559	1.728116
15456	-3411.709	-3578.723	167.0135	1.678566	2.594323	0.5430235	0.507765	0.492235	1.730137
15462	-3412.235	-3579.965	167.7307	1.793353	2.830816	0.3519086	0.708299	0.291701	1.281674
15468	-3414.61	-3581.187	166.5776	1.711086	3.994039	0.5436221	0.579868	0.420132	1.619567
15474	-3419.18	-3586.581	167.4012	1.750396	2.561477	0.4913827	0.586052	0.413948	1.467779
15480	-3425.059	-3592.452	167.3926	1.753947	2.652908	0.3536621	0.637305	0.362695	1.629179
15486	-3415.947	-3583.814	167.8663	1.858661	2.61921	0.3756805	0.600306	0.399694	1.152052
15492	-3428.596	-3596.366	167.7692	1.664871	2.156278	0.3756805	0.575956	0.424044	1.570803
15498	-3419.068	-3586.225	167.1572	1.704826	2.024125	0.4152996	0.623026	0.376974	1.968726
15504	-3424.045	-3587.479	163.4338	1.270252	2.42947	0.7036545	0.618665	0.381335	4.079448
15510	-3422.221	-3585.553	163.3319	1.246265	2.773731	0.6745784	0.657501	0.342499	4.079448
15516	-3412.011	-3574.257	162.2463	1.050564	3.23637	0.5351389	0.577181	0.422819	4.80464
15522	-3407.125	-3571.591	164.4654	1.241758	3.23637	0.4417912	0.638469	0.361531	3.522953
15528	-3409.184	-3573.76	164.5755	1.151426	2.849942	0.4837851	0.608337	0.391663	3.563319
15534	-3412.428	-3575.418	162.99	1.10444	3.202048	0.4837851	0.602614	0.397386	4.412066
15540	-3420.248	-3585.156	164.9083	1.207542	3.126137	0.4837851	0.61269	0.38731	3.266525
15546	-3409.907	-3574.328	164.4203	1.161885	3.037637	0.4837851	0.641411	0.358589	3.600401
15552	-3410.27	-3575.636	165.3656	1.288173	3.037637	0.4172623	0.641411	0.358589	3.039042
15558	-3417.448	-3582.599	165.1509	1.281688	2.34657	0.3658988	0.641411	0.358589	3.419573
15564	-3418.298	-3582.494	164.196	1.210027	4.566091	0.3658988	0.754598	0.245402	3.515148
15570	-3414.707	-3577.479	162.7719	1.155434	4.566091	0.4447132	0.754598	0.245402	4.277159
15576	-3397.916	-3561.724	163.8079	1.194425	4.227562	0.2427975	0.760094	0.239906	3.974113
15582	-3419.147	-3582.044	162.8974	1.100673	4.284172	0.2974643	0.7008	0.2992	4.456273
15588	-3414.699	-3578.456	163.7566	1.150959	4.284172	0.2974643	0.681879	0.318121	3.939957
15594	-3418.075	-3581.69	163.6149	1.166437	3.488016	0.4121245	0.681879	0.318121	4.031918
15600	-3405.046	-3569.904	164.8586	1.198944	3.455381	0.4840794	0.551284	0.448716	3.223879
15606	-3400.505	-3564.703	164.1978	1.220999	3.455381	0.4501672	0.702111	0.297889	3.632303
15612	-3414.429	-3579.13	164.7008	1.215092	2.616129	0.3977115	0.511551	0.488449	3.606148
15618	-3410.555	-3573.608	163.0528	1.101236	4.191744	0.4545348	0.537329	0.462671	4.205161
15624	-3415.731	-3577.842	162.1118	0.9819571	3.152532	0.4341581	0.537329	0.462671	5.031736
15630	-3429.37	-3593.706	164.336	1.162313	2.534457	0.5800132	0.631077	0.368923	3.692312
15636	-3424.284	-3589.564	165.2804	1.356227	2.995767	0.5800132	0.549001	0.450999	2.897043
15642	-3422.544	-3587.43	164.886	1.309514	2.930115	0.4082613	0.58464	0.41536	3.347972
15648	-3424.013	-3588.803	164.7894	1.256999	3.060235	0.5991299	0.653747	0.346253	3.216862
15654	-3415.122	-3580.248	165.1259	1.189219	2.715231	0.522205	0.52161	0.47839	3.216862
15660	-3420.038	-3585.505	165.467	1.254332	3.349904	0.522205	0.645744	0.354256	2.812594
15666	-3421.288	-3586.164	164.8751	1.317959	3.51977	0.5344848	0.545663	0.454337	3.079996
15672	-3427.15	-3592.515	165.3653	1.361488	3.283691	0.5344848	0.582808	0.417192	2.813211
15678	-3413.623	-3579.052	165.4289	1.463896	3.283691	0.5574172	0.582808	0.417192	2.689953
15684	-3413.877	-3578.724	164.8472	1.269546	3.283691	0.650007	0.684471	0.315529	3.078315
15690	-3413.588	-3579.852	166.2641	1.225722	3.283691	0.3742557	0.608112	0.391888	2.518726
15696	-3409.63	-3575.258	165.6284	1.281798	2.919987	0.5843136	0.638377	0.361623	2.746701
15702	-3406.244	-3572.328	166.0838	1.496965	2.721138	0.5843136	0.637076	0.362924	2.385317
15708	-3410.127	-3576.235	166.1074	1.594051	2.746445	0.4997291	0.500957	0.499043	2.385317
15714	-3413.738	-3579.668	165.9299	1.421156	2.5525	0.6232524	0.549674	0.450326	2.543909
15720	-3427.956	-3592.982	165.0261	1.221419	3.549669	0.571672	0.603617	0.396383	3.006507
15726	-3415.812	-3579.669	163.8563	1.134601	3.685839	0.4228464	0.676477	0.323523	3.858738
15732	-3426.243	-3590.451	164.2082	1.130248	2.56368	0.4228464	0.632782	0.367218	3.926111
15738	-3420.182	-3583.946	163.764	1.174827	2.559145	0.4567596	0.678643	0.321357	4.120532
15744	-3425.069	-3589.368	164.2987	1.189807	3.312723	0.4619155	0.624655	0.375345	3.611757
15750	-3419.804	-3585.038	165.2337	1.261379	3.374341	0.4619155	0.667943	0.332057	3.004409
15756	-3418.252	-3582.483	164.2311	1.294404	3.374341	0.7847981	0.610705	0.389295	3.305565
15762	-3414.293	-3578.341	164.0481	1.395182	2.607329	0.7847981	0.489054	0.510946	3.545726
15768	-3401.507	-3566.775	165.2673	1.276205	2.927118	0.4540583	0.658485	0.341515	3.093105
15774	-3416.484	-3582.134	165.6499	1.474626	2.890042	0.4540583	0.541252	0.458748	2.752308
15780	-3418.68	-3584.195	165.5149	1.427623	2.905694	0.4543247	0.628643	0.371357	2.858575
15786	-3432.394	-3598.347	165.9535	1.498189	2.905694	0.4543247	0.596717	0.403283	2.546133
15792	-3428.804	-3594.382	165.5782	1.433403	2.905694	0.39547	0.537348	0.462652	2.882749
15798	-3422.509	-3588.402	165.8925	1.433403	2.905694	0.4127678	0.643421	0.356579	2.67087
15804	-3425.523	-3592.482	166.9591	1.531403	2.839549	0.4921032	0.556451	0.443549	1.848759
15810	-3424.759	-3591.691	166.9318	1.666906	2.875123	0.4672925	0.498482	0.501518	1.792496
15816	-3421.891	-3588.564	166.6725	1.616742	3.287361	0.5516078	0.602803	0.397197	1.792496
15822	-3417.396	-3583.879	166.4832	1.538136	3.26963	0.4098321	0.647461	0.352539	2.139358
15828	-3427.339	-3591.687	164.348	1.313794	3.324421	0.4373163	0.699122	0.300878	3.5338
15834	-3422.544	-3588.102	165.5582	1.375717	3.324421	0.3352845	0.699122	0.300878	2.899829
15840	-3414.763	-3580.676	165.9129	1.417747	3.075882	0.4838918	0.581055	0.418945	2.544508
15846	-3411.421	-3576.527	165.1059	1.323262	3.1176	0.5914073	0.680315	0.319685	2.981204
15852	-3422.103	-3587.784	165.6811	1.27863	2.933718	0.3351554	0.563269	0.436731	2.981204
15858	-3412.811	-3578.946	166.1349	1.416161	2.866327	0.5261789	0.637361	0.362639	2.419233
15864	-3408.411	-3575.26	166.8499	1.599729	2.866327	0.3899968	0.617636	0.382364	1.993204
15870	-3414.7	-3581.723	167.023	1.623654	3.028675	0.4873089	0.604559	0.395441	1.688478
15876	-3411.875	-3578.565	166.6903	1.568164	3.028675	0.4825089	0.69924	0.30076	1.961602
15882	-3416.611	-3583.508	166.8967	1.590294	2.675922	0.4411396	0.61014	0.38986	1.961602
15888	-3415.788	-3581.926	166.1375	1.474476	2.675922	0.3827418	0.551456	0.448544	2.594007
15894	-3428.111	-3594.202	166.0915	1.42839	2.602321	0.4576875	0.661886	0.338114	2.585859
15900	-3428.288	-3594.119	165.8308	1.261303	3.193987	0.3430666	0.647351	0.352649	2.825286
15906	-3429.336	-3594.397	165.0614	1.206843	3.193987	0.5660667	0.671899	0.328101	3.081514
15912	-3418.766	-3583.669	164.9028	1.207239	3.193987	0.476595	0.706982	0.293018	3.260819
15918	-3419.47	-3583.993	164.5231	1.202506	2.607631	0.4431164	0.659391	0.340609	3.669763
15924	-3408.089	-3573.9	165.811	1.33492	2.607631	0.3383974	0.627007	0.372993	2.953937
15930	-3415.067	-3579.591	164.5243	1.350606	3.774686	0.6422332	0.654744	0.345256	3.119684
15936	-3412.897	-3578.303	165.4061	1.338143	3.248106	0.5265113	0.654744	0.345256	2.818843
15942	-3421.22	-3587.462	166.2421	1.392982	3.292242	0.4461394	0.701083	0.298917	2.339231
15948	-3421.733	-3587.299	165.5667	1.36575	3.121207	0.34955	0.679641	0.320359	2.93151
15954	-3416.82	-3581.236	164.4164	1.217265	3.045065	0.4165944	0.508054	0.491946	3.638082
15960	-3423.652	-3588.9	165.2475	1.241835	3.045065	0.4165944	0.624998	0.375002	3.136009
15966	-3417.915	-3583.582	165.667	1.397146	3.152809	0.5115585	0.610024	0.389976	2.661394
15972	-3416.793	-3582.711	165.9181	1.428	2.042825	0.5115585	0.643255	0.356745	2.816184
15978	-3412.889	-3578.422	165.533	1.45317	2.482175	0.5289006	0.650377	0.349623	2.875489
15984	-3407.84	-3574.233	166.3928	1.427213	2.881918	0.3751037	0.615161	0.384839	2.415415
15990	-3401.448	-3567.208	165.7601	1.480806	2.881918	0.3751037	0.568686	0.431314	2.774251
15996	-3414.461	-3580.028	165.5671	1.244639	3.560493	0.4249265	0.602427	0.397573	2.810833
16002	-3420.388	-3586.634	166.2468	1.403442	2.98451	0.5648428	0.604169	0.395831	2.285503
16008	-3423.378	-3589.215	165.8374	1.463178	2.607349	0.4129279	0.663554	0.336446	2.769373
16014	-3430.509	-3596.985	166.4764	1.493767	3.129482	0.397495	0.609498	0.390502	2.224582
16020	-3429.358	-3595.951	166.5928	1.560238	3.129482	0.397495	0.607789	0.392211	2.105686
16026	-3427.939	-3594.25	166.3117	1.485551	2.662453	0.397495	0.585088	0.414912	2.464417
16032	-3432.862	-3599.157	166.2949	1.457253	2.760457	0.397495	0.500916	0.499084	2.464417
16038	-3418.499	-3584.571	166.0724	1.492742	3.299641	0.3881426	0.524987	0.475013	2.450354
16044	-3422.616	-3589.15	166.5348	1.508411	3.376262	0.3881426	0.641903	0.358097	2.125205
16050	-3416.615	-3582.739	166.1233	1.464603	3.376262	0.2688715	0.63011	0.36989	2.581874
16056	-3419.75	-3585.341	165.5903	1.385453	3.184302	0.293557	0.599564	0.400436	2.965151
16062	-3421.639	-3586.732	165.0927	1.337974	3.487363	0.4206174	0.617272	0.382728	3.061746
16068	-3421.075	-3587.005	165.9298	1.383839	2.678408	0.4616333	0.484645	0.515355	2.686796
16074	-3430.85	-3595.801	164.9511	1.389605	2.678408	0.4894073	0.554554	0.445446	3.243625
16080	-3412.63	-3578.919	166.2892	1.470719	2.678408	0.4526385	0.525914	0.474086	2.419093
16086	-3417.719	-3584.567	166.8476	1.530959	2.55033	0.4526385	0.571774	0.428226	2.059713
16092	-3423.776	-3589.605	165.8281	1.323124	2.664279	0.411655	0.601984	0.398016	2.845362
16098	-3415.664	-3581.583	165.9193	1.326956	2.768059	0.411655	0.613946	0.386054	2.758469
16104	-3423.788	-3589.664	165.8761	1.310128	3.206192	0.3680375	0.731386	0.268614	2.733147
16110	-3414.617	-3580.245	165.6278	1.444451	2.944866	0.4887242	0.689803	0.310197	2.733147
16116	-3416.606	-3581.841	165.2355	1.404482	2.944866	0.6876835	0.608232	0.391768	2.816922
16122	-3422.039	-3588.476	166.4368	1.613871	2.013504	0.6876835	0.608232	0.391768	2.226309
16128	-3421.212	-3587.887	166.6754	1.494491	2.225337	0.4746168	0.653306	0.346694	2.278298
16134	-3421.674	-3588.053	166.3786	1.515996	2.775499	0.4297586	0.550488	0.449512	2.331681
16140	-3416.681	-3582.409	165.7285	1.465796	2.775499	0.4297586	0.613286	0.386714	2.767527
16146	-3427.327	-3593.366	166.0389	1.550797	2.763606	0.4948123	0.467481	0.532519	2.455959
16152	-3412.99	-3579.246	166.2559	1.563721	2.763606	0.5898276	0.590652	0.409348	2.215077
16158	-3423.447	-3589.661	166.2148	1.574398	3.020394	0.5098262	0.558092	0.441908	2.242104
16164	-3416.964	-3582.683	165.719	1.39934	3.242239	0.4576216	0.579712	0.420288	2.662003
16170	-3418.733	-3584.768	166.035	1.43939	3.242239	0.5114239	0.662648	0.337352	2.383156
16176	-3419.539	-3585.818	166.2792	1.360487	3.242239	0.3209933	0.535806	0.464194	2.505894
16182	-3425.136	-3591.728	166.5923	1.424901	2.400893	0.3209933	0.568473	0.431527	2.505894
16188	-3412.12	-3578.534	166.4142	1.504709	3.220044	0.4324941	0.569595	0.430405	2.191393
16194	-3429.496	-3596.901	167.4049	1.788157	2.537205	0.4196042	0.600437	0.399563	1.540465
16200	-3421.564	-3588.353	166.7881	1.644813	3.098224	0.3901322	0.612235	0.387765	1.937796
16206	-3427.863	-3594.98	167.1168	1.736396	3.098224	0.3817441	0.735923	0.264077	1.657986
16212	-3411.738	-3578.663	166.9252	1.717201	3.098224	0.538054	0.586985	0.413015	1.611467
16218	-3412.631	-3580.074	167.4428	1.723844	2.602741	0.4584519	0.587056	0.412944	1.484077
16224	-3412.92	-3580.709	167.7889	1.832352	2.220543	0.4584519	0.690126	0.309874	1.279427
16230	-3411.228	-3578.387	167.1588	1.687287	3.478467	0.4445321	0.706114	0.293886	1.46549
16236	-3409.758	-3576.513	166.7547	1.677201	2.581462	0.5708848	0.626465	0.373535	1.884774
16242	-3418.464	-3584.762	166.298	1.520873	2.420258	0.5289062	0.510628	0.489372	2.380043
16248	-3404.034	-3570.194	166.1593	1.425353	3.181621	0.5289062	0.589366	0.410634	2.310675
16254	-3401.39	-3567.423	166.0326	1.540877	3.181621	0.3700926	0.710551	0.289449	2.497248
16260	-3412.38	-3577.65	165.2696	1.42177	2.773024	0.3700926	0.5416	0.4584	3.140287
16266	-3413.765	-3578.897	165.1327	1.372751	2.773024	0.5245244	0.539423	0.460577	3.085894
16272	-3415.009	-3580.637	165.628	1.361382	2.773024	0.5245244	0.591224	0.408776	2.794266
16278	-3418.419	-3584.497	166.0781	1.425841	2.773024	0.5694765	0.601536	0.398464	2.432853
16284	-3410.328	-3576.659	166.3303	1.441736	2.773024	0.5694765	0.608549	0.391451	2.262479
16290	-3412.771	-3579.387	166.6157	1.54484	2.773024	0.5154771	0.608549	0.391451	2.064685
16296	-3415.769	-3582.487	166.7177	1.520212	2.913204	0.5154771	0.608549	0.391451	1.971897
16302	-3399.643	-3566.228	166.5847	1.620201	2.913204	0.372098	0.608549	0.391451	2.164258
16308	-3405.66	-3572.42	166.76	1.558048	2.913204	0.372098	0.579839	0.420161	2.090328
16314	-3406.855	-3573.21	166.3551	1.482463	3.419416	0.372098	0.688813	0.311187	2.26829
16320	-3404.016	-3569.957	165.9418	1.434819	3.419416	0.5197382	0.604751	0.395249	2.392721
16326	-3410.642	-3576.721	166.0794	1.512204	3.550324	0.4744741	0.64544	0.35456	2.272311
16332	-3422.401	-3588.3	165.8996	1.434336	2.802363	0.5314579	0.53694	0.46306	2.567541
16338	-3416.142	-3582.496	166.3545	1.314304	2.537101	0.4724615	0.682659	0.317341	2.496715
16344	-3417.943	-3583.441	165.4974	1.319582	2.767359	0.6049216	0.653613	0.346387	2.826377
16350	-3423.061	-3588.176	165.1141	1.381981	2.767359	0.6671338	0.678936	0.321064	2.967863
16356	-3417.272	-3582.418	165.146	1.287004	3.193898	0.4763622	0.672724	0.327276	3.069289
16362	-3407.541	-3572.596	165.0554	1.345061	2.948953	0.4763622	0.520912	0.479088	3.149554
16368	-3412.959	-3578.296	165.3374	1.343528	3.607428	0.4221206	0.57524	0.42476	2.882868
16374	-3417.678	-3583.317	165.6382	1.39809	3.607428	0.3307583	0.655174	0.344826	2.778682
16380	-3417.789	-3583.784	165.995	1.472421	3.320647	0.4128225	0.660926	0.339074	2.476667
16386	-3418.194	-3584.279	166.0848	1.420398	3.247337	0.4128225	0.631121	0.368879	2.471088
16392	-3425.806	-3592.651	166.8446	1.689485	2.699126	0.4128225	0.520819	0.479181	1.95777
16398	-3429.851	-3596.666	166.8158	1.708019	2.699126	0.5233397	0.687585	0.312415	1.834542
16404	-3420.288	-3583.763	163.4746	1.286549	4.645179	0.4815327	0.670349	0.329651	3.750622
16410	-3431.107	-3596	164.8929	1.201264	3.246408	0.4818327	0.594643	0.405357	3.252523
16416	-3416.382	-3581.237	164.8549	1.29467	3.360149	0.3880048	0.619236	0.380764	3.29441
16422	-3410.379	-3575.392	165.0124	1.257624	3.360149	0.3858713	0.597044	0.402956	3.225776
16428	-3414.711	-3579.139	164.4277	1.306084	3.022712	0.3858713	0.722888	0.277112	3.619741
16434	-3416.853	-3581.558	164.7054	1.306084	3.022712	0.3858713	0.544802	0.455198	3.458067
16440	-3421.601	-3586.692	165.0908	1.481797	2.981155	0.469948	0.612493	0.387507	3.045225
16446	-3417.205	-3583.01	165.805	1.407438	3.807263	0.3744663	0.612871	0.387129	2.569925
16452	-3419.08	-3584.934	165.8542	1.557271	3.807263	0.3744663	0.67189	0.32811	2.445632
16458	-3414.807	-3581.583	166.7764	1.521275	3.728464	0.3744663	0.664148	0.335852	1.886733
16464	-3411.219	-3577.089	165.87	1.499968	3.728464	0.3211284	0.665511	0.334489	2.559544
16470	-3417.618	-3583.117	165.4992	1.456932	3.717379	0.3211284	0.588258	0.411742	2.816246
16476	-3416.806	-3581.917	165.1104	1.323801	3.352823	0.5328982	0.732599	0.267401	2.975186
16482	-3406.34	-3572.031	165.691	1.335193	2.623543	0.4655186	0.585757	0.414243	2.873612
16488	-3417.366	-3582.135	164.7691	1.335193	2.623543	0.4655186	0.657695	0.342305	3.421858
16494	-3418.677	-3583.445	164.7679	1.297483	2.983474	0.4269769	0.508801	0.491199	3.390339
16500	-3418.376	-3583.146	164.7702	1.295051	3.368271	0.3478348	0.601631	0.398369	3.390339
16506	-3399.064	-3563.687	164.6231	1.339958	3.527313	0.4414833	0.596059	0.403941	3.307592
16512	-3403.593	-3568.859	165.266	1.383003	2.571069	0.5854187	0.596059	0.403941	3.000331
16518	-3407.748	-3573.255	165.5073	1.403695	2.932193	0.6741271	0.701347	0.298653	2.665495
16524	-3409.367	-3574.022	164.6549	1.37653	4.850348	0.4709676	0.553467	0.446533	2.979398
16530	-3409.897	-3573.83	163.9332	1.213199	3.044763	0.4709676	0.611572	0.388428	3.862919
16536	-3405.164	-3570.026	164.8618	1.339595	2.95255	0.3887438	0.551701	0.448299	3.361026
16542	-3412.039	-3577.472	165.433	1.430392	3.059143	0.4880919	0.627796	0.372204	2.831535
16548	-3412.119	-3577.76	165.6403	1.298273	2.927403	0.3478062	0.626705	0.373295	2.979283
16554	-3429.905	-3594.496	164.5909	1.247656	4.004592	0.3541116	0.549882	0.450118	3.381042
16560	-3411.653	-3575.993	164.3399	1.230007	2.489223	0.8005114	0.633263	0.366737	3.494384
16566	-3413.727	-3578.532	164.8053	1.274251	3.000343	0.3278869	0.680075	0.319925	3.494384
16572	-3418.232	-3582.603	164.3711	1.20218	3.223141	0.4834774	0.589486	0.410514	3.561623
16578	-3421.725	-3586.266	164.5409	1.184793	3.223141	0.5744658	0.56907	0.43093	3.387973
16584	-3430.074	-3594.327	164.2529	1.214569	3.223141	0.4895291	0.541289	0.458711	3.617133
16590	-3422.463	-3587.787	165.3239	1.33386	3.223141	0.4895291	0.637111	0.362889	2.913873
16596	-3419.312	-3584.833	165.5212	1.375911	3.180363	0.3135946	0.637111	0.362889	2.985518
16602	-3416.147	-3581.893	165.7458	1.48977	3.15666	0.3135946	0.637111	0.362889	2.786632
16608	-3420.941	-3587.325	166.3838	1.496686	3.15666	0.4814439	0.659842	0.340158	2.177015
16614	-3434.268	-3601.106	166.8386	1.531254	3.291635	0.3128808	0.629763	0.370237	2.036408
16620	-3434.92	-3601.686	166.7667	1.485578	3.732435	0.3128808	0.680126	0.319874	2.004872
16626	-3424.765	-3591.271	166.5069	1.508817	2.488257	0.4125929	0.532993	0.467007	2.361209
16632	-3418.585	-3585.178	166.5938	1.430126	2.488257	0.4479952	0.718586	0.281414	2.31468
16638	-3419.901	-3586.576	166.6751	1.533522	2.378787	0.4327222	0.507084	0.492916	2.249317
16644	-3419.78	-3586.372	166.5919	1.534472	2.378787	0.355997	0.629778	0.370222	2.397016
16650	-3409.467	-3575.853	166.3863	1.452384	2.362203	0.355997	0.643726	0.356274	2.582299
16656	-3405.272	-3571.736	166.4636	1.517358	3.170405	0.5515636	0.493345	0.506655	2.033081
16662	-3408.077	-3573.991	165.9139	1.406245	4.522562	0.3116965	0.656302	0.343698	2.440683
16668	-3403.827	-3570.397	166.5706	1.471119	2.849927	0.3960721	0.656302	0.343698	2.256961
16674	-3405.74	-3572.245	166.505	1.490029	3.002781	0.3861002	0.581512	0.418488	2.256961
16680	-3408.078	-3573.273	165.1959	1.335803	3.002781	0.3861002	0.581512	0.418488	3.156295
16686	-3417.105	-3583.325	166.2198	1.38096	3.002781	0.3861002	0.618371	0.381629	2.506511
16692	-3425.94	-3591.708	165.7678	1.374886	3.249899	0.3211662	0.592212	0.407788	2.809946
16698	-3413.49	-3578.716	165.2266	1.345867	3.484734	0.3211662	0.583964	0.416036	3.098469
16704	-3414.357	-3579.909	165.5527	1.346394	3.484734	0.4755946	0.598592	0.401408	2.719779
16710	-3414.529	-3580.281	165.7512	1.322295	3.484734	0.4151009	0.572911	0.427089	2.679267
16716	-3414.189	-3580.286	166.0972	1.402787	2.222539	0.3807656	0.569345	0.430655	2.804505
16722	-3407.532	-3573.993	166.4612	1.394174	2.702581	0.4090063	0.609009	0.390991	2.402241
16728	-3413.493	-3579.72	166.2265	1.531924	2.702581	0.4096581	0.589493	0.410507	2.462479
16734	-3412.487	-3579.062	166.5753	1.533224	2.721692	0.4284476	0.629029	0.370971	2.211781
16740	-3405.801	-3572.42	166.6185	1.442268	2.721692	0.4549822	0.687469	0.312531	2.211781
16746	-3399.302	-3564.737	165.4347	1.342173	3.138033	0.4549822	0.663325	0.336675	2.898682
16752	-3405.829	-3570.364	164.5351	1.348129	2.875105	0.6158409	0.569654	0.430346	3.345755
16758	-3417.928	-3584.402	166.4745	1.479821	2.790276	0.3335362	0.655161	0.344839	2.411259
16764	-3407.829	-3573.963	166.1332	1.448854	2.790276	0.5359542	0.655843	0.344157	2.411259
16770	-3416.141	-3581.756	165.6156	1.251783	3.945966	0.4805587	0.655843	0.344157	2.632557
16776	-3411.553	-3576.253	164.7002	1.200054	2.993204	0.5991676	0.616917	0.383083	3.319799
16782	-3407.904	-3573.458	165.5543	1.377096	2.664618	0.4923885	0.533977	0.466023	2.891588
16788	-3411.781	-3577.456	165.6754	1.341511	2.772822	0.4580865	0.589129	0.410871	2.84521
16794	-3417.028	-3582.237	165.2085	1.341511	2.772822	0.4580865	0.616793	0.383207	3.12567
16800	-3405.455	-3570.452	164.9967	1.271373	2.772822	0.3543542	0.575291	0.424709	3.409292
16806	-3407.494	-3572.658	165.1638	1.120828	3.1917	0.3870819	0.578671	0.421329	3.255176
16812	-3401.622	-3566.403	164.7811	1.226951	3.711746	0.3870819	0.606765	0.393235	3.301777
16818	-3406.073	-3570.738	164.6646	1.19238	3.711746	0.3959367	0.618605	0.381395	3.380399
16824	-3412.367	-3576.093	163.7264	1.068134	2.690379	0.4199774	0.531352	0.468648	4.2051
16830	-3403.222	-3567.993	164.7709	1.097573	3.07132	0.4199774	0.57726	0.42274	3.491452
16836	-3413.321	-3578.74	165.4197	1.303636	2.866598	0.4036046	0.588383	0.411617	3.056937
16842	-3409.995	-3575.479	165.4841	1.436833	2.866598	0.5209021	0.633606	0.366394	2.814002
16848	-3405.582	-3571.347	165.7652	1.438703	2.866598	0.4384535	0.520428	0.479572	2.72709
16854	-3408.527	-3574.244	165.7168	1.386743	2.866598	0.4841879	0.697245	0.302755	2.739541
16860	-3423.572	-3589.552	165.9798	1.375253	3.001693	0.4030269	0.790565	0.209435	2.638835
16866	-3415.884	-3581.69	165.806	1.31287	3.404542	0.4030269	0.656999	0.343001	2.684207
16872	-3413.276	-3578.918	165.642	1.326537	3.404542	0.4030269	0.660939	0.339061	2.776253
16878	-3411.463	-3576.785	165.322	1.33684	3.554249	0.4030269	0.682818	0.317182	2.92979
16884	-3407.511	-3573.791	166.2801	1.42473	3.554249	0.4030269	0.576106	0.423894	2.281831
16890	-3411.067	-3577.545	166.4789	1.481522	2.91638	0.4030269	0.628446	0.371554	2.281831
16896	-3407.25	-3573.186	165.9352	1.389374	3.056185	0.4030269	0.661434	0.338566	2.643511
16902	-3425.233	-3592.062	166.8282	1.468814	2.153436	0.3863086	0.644186	0.355814	2.325817
16908	-3432.027	-3597.078	165.0514	1.228909	2.181205	0.4000201	0.569956	0.430044	3.520385
16914	-3435.654	-3599.876	164.2224	1.119384	3.339771	0.2934755	0.54547	0.45453	3.886666
16920	-3424.719	-3589.618	164.8993	1.256166	2.225131	0.4142066	0.534869	0.465131	3.563452
16926	-3414.682	-3580.957	166.2746	1.445639	2.225131	0.5569882	0.6596	0.3404	2.478575
16932	-3430.682	-3596.233	165.5507	1.251959	3.445342	0.4795128	0.525362	0.474638	2.78367
16938	-3428.5	-3594.445	165.9456	1.274742	3.288709	0.4795128	0.596896	0.403104	2.564107
16944	-3418.833	-3584.64	165.8067	1.459091	3.179658	0.4795128	0.662182	0.337818	2.56294
16950	-3421.491	-3585.951	164.46	1.31045	3.179658	0.4104215	0.662182	0.337818	3.53309
16956	-3407.117	-3571.833	164.7161	1.252964	2.970862	0.4837792	0.650581	0.349419	3.391196
16962	-3403.455	-3568.849	165.3935	1.321577	2.801046	0.457062	0.667393	0.332607	3.02058
16968	-3410.156	-3575.827	165.6716	1.226661	3.052754	0.457062	0.572292	0.427708	2.844405
16974	-3412.865	-3578.58	165.7148	1.298227	3.052754	0.457062	0.572292	0.427708	2.774608
16980	-3420.322	-3584.304	163.982	1.217825	3.052754	0.3466148	0.633697	0.366303	3.966304
16986	-3407.703	-3571.609	163.9054	1.076468	3.052754	0.4081615	0.571179	0.428821	4.020294
16992	-3419.224	-3582.292	163.068	1.059412	3.52149	0.4081615	0.623284	0.376716	4.400021
16998	-3409.939	-3573.419	163.4794	1.095748	2.358267	0.4801185	0.62115	0.37885	4.360536
17004	-3419.283	-3582.232	162.9492	0.9728338	2.358267	0.4801185	0.627347	0.372653	4.727507
17010	-3417.674	-3581.803	164.1282	1.054635	2.981036	0.4816455	0.550124	0.449876	3.847
17016	-3428.139	-3591.365	163.2261	1.078388	2.981036	0.4816455	0.638845	0.361155	4.347327
17022	-3423.983	-3587.925	163.9422	0.985886	2.886646	0.5439967	0.650892	0.349108	3.958401
17028	-3424.329	-3588.208	163.8795	1.118948	2.886646	0.5439967	0.65083	0.34917	3.918112
17034	-3429.668	-3594.07	164.4022	1.123207	2.886646	0.3641469	0.632267	0.367733	3.799313
17040	-3427.364	-3591.473	164.109	1.248498	3.290774	0.3641469	0.614335	0.385665	3.799313
17046	-3416.015	-3580.222	164.2068	1.183468	3.395688	0.3641469	0.596417	0.403583	3.75685
17052	-3419.69	-3583.993	164.3026	1.169951	3.409835	0.5615484	0.62394	0.37606	3.504674
17058	-3431.232	-3594.676	163.4445	1.294395	4.328805	0.5615484	0.669606	0.330394	3.745212
17064	-3426.83	-3590.45	163.6197	1.176042	3.407431	0.5832342	0.442607	0.557393	3.877806
17070	-3425.548	-3590.483	164.9343	1.255337	2.485545	0.5832342	0.559993	0.440007	3.300054
17076	-3423.101	-3587.438	164.337	1.169871	2.565543	0.4668744	0.565957	0.434043	3.783443
17082	-3411.623	-3576.342	164.7193	1.280261	4.093047	0.4067959	0.491986	0.508014	3.206776
17088	-3414.735	-3579.219	164.4843	1.292173	4.362558	0.482775	0.568356	0.431644	3.206776
17094	-3421.623	-3586.334	164.7113	1.290374	4.362558	0.3813185	0.66072	0.33928	3.183514
17100	-3412.955	-3578.886	165.9308	1.509127	4.24518	0.3711333	0.617787	0.382213	2.339131
17106	-3409.254	-3575.39	166.1365	1.509127	3.388958	0.4974611	0.617787	0.382213	2.251896
17112	-3407.757	-3574.348	166.5902	1.557383	3.388958	0.5044661	0.62595	0.37405	1.913826
17118	-3408.421	-3573.391	164.9699	1.557383	4.260582	0.649512	0.576477	0.423523	2.619565
17124	-3408.562	-3575.064	166.502	1.491941	2.995542	0.5018647	0.571817	0.428183	2.124585
17130	-3410.596	-3577.083	166.4876	1.441226	2.990105	0.3773778	0.667333	0.332667	2.313892
17136	-3418.325	-3584.568	166.243	1.41944	2.990105	0.4535622	0.64102	0.35898	2.392035
17142	-3402.558	-3568.52	165.9619	1.403917	2.990105	0.4080265	0.64102	0.35898	2.629355
17148	-3406.772	-3572.575	165.8027	1.428106	3.080499	0.4216559	0.57148	0.42852	2.67335
17154	-3410.186	-3576.453	166.2674	1.444698	3.080499	0.4216559	0.610913	0.389087	2.373123
17160	-3409.489	-3575.819	166.3297	1.435272	2.88	0.4245997	0.602454	0.397546	2.390406
17166	-3413.205	-3579.826	166.6209	1.556314	2.908639	0.4302858	0.63515	0.36485	2.11051
17172	-3422.603	-3589.501	166.8983	1.470619	2.908639	0.3490867	0.770922	0.229078	2.089426
17178	-3421.334	-3587.71	166.3752	1.479049	2.908639	0.4444457	0.642763	0.357237	2.302766
17184	-3410.966	-3577.207	166.2415	1.395532	2.904036	0.4444457	0.578371	0.421629	2.441632
17190	-3404.722	-3570.763	166.0419	1.522912	3.761346	0.5019075	0.622504	0.377496	2.210708
17196	-3418.235	-3584.703	166.4683	1.613045	3.040992	0.5901158	0.546772	0.453228	1.963087
17202	-3422.115	-3588.912	166.7974	1.767223	2.933049	0.5901158	0.546772	0.453228	1.660857
17208	-3415.109	-3582.211	167.1021	1.695951	2.695951	0.5917179	0.598982	0.401018	1.566845
17214	-3411.533	-3578.643	167.1096	1.691009	3.296471	0.3766736	0.555966	0.444034	1.645555
17220	-3420.105	-3587.104	167	1.689121	3.221595	0.6119785	0.62919	0.37081	1.457289
17226	-3416.951	-3584.105	167.1537	1.715012	3.221595	0.4955167	0.627161	0.372839	1.457289
17232	-3398.487	-3565.294	166.8075	1.625194	3.221595	0.5490112	0.65027	0.34973	1.713282
17238	-3412.434	-3578.699	166.265	1.422033	3.221595	0.5052563	0.675391	0.324609	2.259312
17244	-3396.269	-3562.758	166.4893	1.336342	2.747959	0.5052563	0.675391	0.324609	2.300115
17250	-3411.434	-3576.828	165.3936	1.296946	2.747959	0.5052563	0.695229	0.304771	3.000639
17256	-3408.062	-3574.228	166.1658	1.335875	2.553777	0.4377035	0.526304	0.473696	2.633637
17262	-3405.265	-3571.094	165.8287	1.280518	2.340552	0.4219496	0.609225	0.390775	2.955222
17268	-3417.039	-3580.795	163.7551	1.225093	3.035534	0.6305258	0.664769	0.335231	3.81843
17274	-3412.405	-3577.281	164.8762	1.373126	3.035534	0.4961781	0.57984	0.42016	3.197556
17280	-3416.315	-3580.977	164.6622	1.170181	3.035534	0.3276963	0.637913	0.362087	3.629714
17286	-3420.383	-3584.327	163.944	1.184689	3.035534	0.5028552	0.699948	0.300052	3.844466
17292	-3427.447	-3592.74	165.2928	1.231104	2.646988	0.5460069	0.527928	0.472072	3.089311
17298	-3420.024	-3585.103	165.079	1.364066	2.646988	0.3118436	0.739578	0.260422	3.394989
17304	-3418.31	-3584.092	165.7817	1.401163	2.646988	0.3118436	0.708854	0.291146	2.955823
17310	-3422.469	-3587.634	165.1646	1.33444	3.194448	0.3118436	0.601955	0.398045	3.22175
17316	-3416.969	-3581.632	164.663	1.25903	3.799189	0.3646636	0.626036	0.373964	3.360646
17322	-3408.334	-3573.66	165.3262	1.278898	2.649261	0.3646636	0.626036	0.373964	3.231833
17328	-3399.083	-3564.676	165.5922	1.388221	3.292217	0.3620888	0.75107	0.24893	2.845024
17334	-3413.648	-3579.251	165.6037	1.35561	3.172534	0.3966587	0.658797	0.341203	2.845024
17340	-3425.082	-3589.146	164.064	1.349277	2.859316	0.5679516	0.645596	0.354404	3.664875
17346	-3420.421	-3584.914	164.493	1.138207	3.285096	0.4519076	0.645596	0.354404	3.545346
17352	-3414.383	-3577.611	163.228	1.146914	3.084729	0.4618453	0.513382	0.486618	4.302076
17358	-3424.105	-3585.569	161.4647	1.027689	3.084729	0.4889273	0.589039	0.410961	5.32698
17364	-3415.366	-3578.401	163.0352	1.083646	2.850911	0.4174766	0.589039	0.410961	4.548127
17370	-3418.282	-3582.323	164.0418	1.021906	3.234679	0.4174766	0.631436	0.368564	3.920821
17376	-3411.847	-3575.057	163.2101	1.128218	3.234679	0.3374534	0.631436	0.368564	4.424242
17382	-3406.022	-3569.997	163.9744	1.145128	3.042431	0.459136	0.54799	0.45201	3.890714
17388	-3411.563	-3574.598	163.0353	1.095553	3.542702	0.3223875	0.592209	0.407791	4.492844
17394	-3404.304	-3567.765	163.4609	0.984135	3.159291	0.3598425	0.608418	0.391582	4.354501
17400	-3414.779	-3577.884	163.1053	1.071278	3.272938	0.3697851	0.512051	0.487949	4.468679
17406	-3414.22	-3578.774	164.5547	1.136376	2.980327	0.3697851	0.681834	0.318166	3.673639
17412	-3406.554	-3571.471	164.9174	1.234594	3.441097	0.3094545	0.681834	0.318166	3.37251
17418	-3420.839	-3586.228	165.3881	1.300919	2.500489	0.4083915	0.5935	0.4065	3.173359
17424	-3411	-3576.489	165.4897	1.395252	3.115121	0.3933056	0.673327	0.326673	2.908185
17430	-3422.875	-3590.513	167.6377	1.865104	2.847275	0.4255049	0.594933	0.405067	1.171152
17436	-3424.577	-3592.202	167.6257	1.882394	2.847275	0.4255049	0.657967	0.342033	1.166513
17442	-3420.652	-3588.013	167.361	1.907986	3.100006	0.5042753	0.61476	0.38524	1.161035
17448	-3429.731	-3596.751	167.0201	1.907986	3.100006	0.5478985	0.639533	0.360467	1.384791
17454	-3433.651	-3601.096	167.4448	2.016021	2.893368	0.4280646	0.672805	0.327195	1.185897
17460	-3412.123	-3576.851	164.7281	1.250391	3.031222	0.5502904	0.707513	0.292487	3.307429
17466	-3414.878	-3580.894	166.016	1.321192	3.025156	0.5502904	0.67266	0.32734	2.486725
17472	-3410.966	-3577.999	167.0333	1.490892	2.297133	0.4343091	0.670901	0.329099	2.069576
17478	-3421.968	-3588.156	166.188	1.587081	2.297133	0.6950284	0.681805	0.318195	2.296234
17484	-3416.673	-3583.429	166.7565	1.616718	2.087525	0.4049898	0.541408	0.458592	2.277517
17490	-3410.023	-3577.237	167.2145	1.580332	2.133208	0.4049898	0.59832	0.40168	1.985201
17496	-3405.852	-3572.745	166.8936	1.686204	3.320812	0.4049898	0.675409	0.324591	1.755889
17502	-3421.819	-3588.652	166.8326	1.710088	2.72174	0.6526347	0.549234	0.450766	1.680426
17508	-3422.746	-3589.666	166.9201	1.544122	3.260413	0.4510394	0.646816	0.353184	1.7939
17514	-3429.741	-3596.463	166.7226	1.552651	3.669718	0.4331515	0.602244	0.397756	1.839553
17520	-3408.054	-3575.315	167.2611	1.656431	2.60142	0.4331515	0.602244	0.397756	1.699352
17526	-3418.125	-3585.413	167.2882	1.722326	2.79032	0.4235834	0.671151	0.328849	1.582173
17532	-3409.538	-3576.434	166.8965	1.59683	2.710499	0.4948618	0.723311	0.276689	1.883572
17538	-3410.973	-3578.049	167.076	1.646041	2.710499	0.4771223	0.560174	0.439826	1.746379
17544	-3409.566	-3576.609	167.0428	1.601239	2.560558	0.3436868	0.633787	0.366213	2.020616
17550	-3408.127	-3574.61	166.4831	1.461293	2.692553	0.5654747	0.647238	0.352762	2.178983
17556	-3420.164	-3586.33	166.1656	1.504529	3.056997	0.5588863	0.578663	0.421337	2.258932
17562	-3416.382	-3582.807	166.4258	1.443075	2.917786	0.3853002	0.516005	0.483995	2.361754
17568	-3421.158	-3587.408	166.2496	1.405769	3.604975	0.3853002	0.572198	0.427802	2.32352
17574	-3423.137	-3589.847	166.7102	1.581858	3.926249	0.3279138	0.572198	0.427802	1.910175
17580	-3419.971	-3586.624	166.6537	1.486867	2.632896	0.3655115	0.722647	0.277353	2.296201
17586	-3429.184	-3596.305	167.1204	1.490252	3.102027	0.3655115	0.637575	0.362425	1.849478
17592	-3424.455	-3591.54	167.0851	1.592736	2.484869	0.4261838	0.613298	0.386702	1.913111
17598	-3424.467	-3591.673	167.206	1.510264	2.484869	0.4657601	0.679603	0.320397	1.838594
17604	-3417.191	-3583.984	166.7926	1.56038	2.484869	0.5234537	0.660316	0.339684	2.018939
17610	-3422.925	-3589.673	166.7484	1.56038	2.484869	0.5234537	0.752449	0.247551	2.048211
17616	-3408.243	-3574.64	166.3972	1.444213	2.719395	0.5234537	0.508985	0.491015	2.279557
17622	-3404.88	-3570.252	165.3726	1.37045	3.660069	0.5309453	0.549013	0.450987	2.719842
17628	-3415.056	-3581.121	166.0643	1.354222	2.317912	0.4724773	0.602772	0.397228	2.719842
17634	-3417.357	-3584.138	166.7817	1.548952	2.612787	0.3476643	0.575344	0.424656	2.204012
17640	-3412.514	-3579.104	166.5892	1.446693	3.295759	0.3476643	0.534741	0.465259	2.204012
17646	-3421.006	-3586.56	165.5537	1.446693	3.295759	0.3573573	0.534741	0.465259	2.838047
17652	-3419.956	-3585.932	165.9758	1.360785	2.880899	0.4563267	0.538684	0.461316	2.621995
17658	-3424.852	-3590.283	165.4312	1.312187	2.880899	0.5077673	0.621549	0.378451	2.930607
17664	-3411.534	-3576.314	164.7804	1.163841	2.880899	0.4328877	0.621549	0.378451	3.480855
17670	-3421.77	-3587.792	166.0221	1.347547	3.142665	0.5468677	0.661447	0.338553	2.43906
17676	-3419.342	-3585.156	165.8146	1.433564	3.142665	0.4255013	0.625793	0.374207	2.642468
17682	-3425.087	-3591.569	166.4823	1.480019	3.142665	0.4699919	0.65944	0.34056	2.14026
17688	-3409.142	-3575.703	166.5603	1.590447	3.039087	0.5894951	0.706798	0.293202	1.917465
17694	-3415.078	-3581.768	166.6899	1.638718	2.700302	0.4710544	0.776963	0.223037	2.024557
17700	-3418.183	-3585.255	167.072	1.538374	2.843176	0.377584	0.777965	0.222035	1.908538
17706	-3421.352	-3588.164	166.8122	1.540926	2.887155	0.5092	0.706823	0.293177	1.908833
17712	-3427.224	-3593.925	166.7006	1.57229	2.738484	0.5552087	0.598723	0.401277	1.958703
17718	-3418.399	-3585.228	166.8282	1.596288	3.416152	0.3921497	0.703957	0.296043	1.854927
17724	-3427.963	-3595.041	167.0774	1.53687	2.53398	0.3921497	0.615586	0.384414	1.983146
17730	-3434.826	-3601.568	166.7423	1.572524	2.543388	0.330851	0.615586	0.384414	2.258946
17736	-3420.759	-3587.144	166.3849	1.615652	2.705372	0.523754	0.60179	0.39821	2.180831
17742	-3420.128	-3585.871	165.7421	1.441644	2.705372	0.4758686	0.681476	0.318524	2.743665
17748	-3413.051	-3580.719	167.6677	1.732332	2.460958	0.3383469	0.597252	0.402748	1.535396
17754	-3419.347	-3586.681	167.3342	1.77518	2.460958	0.4772111	0.639123	0.360877	1.553986
17760	-3422.385	-3589.687	167.3012	1.778208	2.88315	0.4772111	0.658786	0.341214	1.428229
17766	-3431.484	-3598.793	167.3094	1.778208	2.88315	0.4772111	0.600572	0.399428	1.421961
17772	-3415.196	-3582.092	166.8958	1.660399	3.162173	0.5704077	0.63065	0.36935	1.618831
17778	-3426.367	-3593.418	167.0518	1.699028	3.350571	0.5704077	0.670253	0.329747	1.417697
17784	-3408.208	-3574.907	166.6991	1.564011	3.350571	0.5704077	0.592013	0.407987	1.773541
17790	-3407.059	-3573.428	166.3691	1.458149	3.350571	0.5704077	0.625934	0.374066	2.068407
17796	-3411.378	-3577.498	166.1194	1.57406	3.350571	0.5448313	0.604283	0.395717	2.181461
17802	-3404.616	-3570.305	165.6896	1.451656	3.13846	0.5448313	0.504877	0.495123	2.584722
17808	-3411.306	-3577.195	165.8887	1.34539	3.178402	0.4778354	0.557113	0.442887	2.584722
17814	-3408.178	-3573.931	165.7537	1.34539	2.873431	0.4778354	0.62807	0.37193	2.747033
17820	-3431.828	-3597.484	165.6569	1.291981	2.873431	0.4669002	0.616551	0.383449	2.849957
17826	-3436.061	-3600.459	164.398	1.237221	2.88374	0.4920275	0.616551	0.383449	3.599913
17832	-3433.299	-3597.613	164.3135	1.212936	2.88374	0.4920275	0.566142	0.433858	3.663009
17838	-3433.531	-3598.98	165.4492	1.212936	2.133074	0.4242373	0.643681	0.356319	3.285332
17844	-3418.722	-3583.622	164.9001	1.208393	2.560624	0.3231922	0.625929	0.374071	3.599322
17850	-3436.974	-3601.541	164.5665	1.208393	3.096714	0.4096668	0.692301	0.307699	3.551148
17856	-3423.363	-3586.823	163.4606	1.072977	2.782984	0.4035763	0.660389	0.339611	4.346428
17862	-3428.608	-3592.203	163.5955	1.114155	2.411684	0.4454347	0.615417	0.384583	4.303295
17868	-3428.889	-3592.287	163.3982	1.284483	3.953345	0.4454347	0.604438	0.395562	3.958217
17874	-3430.85	-3596.21	165.3601	1.201204	3.197769	0.4454347	0.581528	0.418472	3.023962
17880	-3426.65	-3589.996	163.3462	1.303378	3.834567	0.7992578	0.721513	0.278487	3.707976
17886	-3419.637	-3582.508	162.8705	1.121552	4.241011	0.5729475	0.646575	0.353425	4.178757
17892	-3420.406	-3584.559	164.153	1.195347	4.241011	0.491605	0.652687	0.347313	3.472482
17898	-3422.574	-3586.994	164.4202	1.31496	4.241011	0.491605	0.661541	0.338459	3.2452
17904	-3420.887	-3586.892	166.0044	1.44922	2.590196	0.4310214	0.631551	0.368449	2.659979
17910	-3405.035	-3571.271	166.2356	1.389795	2.590196	0.4310214	0.680844	0.319156	2.553661
17916	-3407.979	-3574.239	166.2598	1.403479	2.717743	0.4310214	0.559644	0.440356	2.492768
17922	-3412.385	-3578.837	166.4513	1.385311	3.430246	0.4022861	0.621129	0.378871	2.228007
17928	-3399	-3565.759	166.7593	1.497622	3.031106	0.4978454	0.671544	0.328456	1.944614
17934	-3404.506	-3570.419	165.9127	1.341984	4.056019	0.3355106	0.650469	0.349531	2.541428
17940	-3411.699	-3577.535	165.8362	1.431389	3.522709	0.4228917	0.570262	0.429738	2.541428
17946	-3413.415	-3578.974	165.5586	1.324593	4.021453	0.4228917	0.594187	0.405813	2.6702
17952	-3406.995	-3572.969	165.9741	1.341281	2.946801	0.3894792	0.569742	0.430258	2.69388
17958	-3402.083	-3568.787	166.7042	1.49473	2.946801	0.469766	0.671359	0.328641	2.039061
17964	-3406.83	-3573.588	166.7572	1.532904	2.946801	0.5074193	0.684754	0.315246	1.93588
17970	-3415.409	-3581.95	166.5411	1.416306	2.80206	0.5074193	0.62171	0.37829	2.197399
17976	-3412.966	-3579.76	166.7943	1.631187	2.928438	0.5074193	0.71938	0.28062	1.849225
17982	-3404.567	-3571.058	166.4913	1.603668	2.928438	0.5020416	0.606584	0.393416	2.077035
17988	-3410.014	-3576.528	166.5142	1.518961	3.061976	0.5020416	0.651954	0.348046	2.080318
17994	-3408.331	-3574.811	166.4802	1.482635	2.829514	0.5020416	0.696013	0.303987	2.19165
18000	-3418.006	-3584.385	166.3785	1.477748	3.575926	0.3784685	0.580522	0.419478	2.210185
18006	-3414.778	-3581.219	166.4413	1.550732	3.575926	0.3145437	0.579962	0.420038	2.210185
18012	-3412.431	-3579.389	166.958	1.636557	3.270922	0.5229997	0.663404	0.336596	1.612799
18018	-3415.745	-3582.599	166.8538	1.626971	3.279887	0.4795367	0.743144	0.256856	1.742458
18024	-3413.16	-3580.395	167.2348	1.612666	2.431785	0.4795367	0.711735	0.288265	1.74951
18030	-3420.32	-3587.203	166.8828	1.628094	3.638688	0.4337064	0.741449	0.258551	1.682116
18036	-3428.937	-3595.787	166.8495	1.628094	3.638688	0.3927075	0.520774	0.479226	1.760124
18042	-3424.636	-3591.236	166.5999	1.628094	3.475172	0.5480932	0.492526	0.507474	1.788539
18048	-3422.297	-3589.285	166.9876	1.592042	4.213432	0.3932115	0.695753	0.304247	1.545107
18054	-3417.509	-3584.78	167.2706	1.771059	3.830801	0.4077119	0.620862	0.379138	1.263772
18060	-3417.654	-3585.012	167.3584	1.865451	3.379039	0.4190332	0.684077	0.315923	1.232228
18066	-3414.735	-3582.431	167.6957	2.002961	2.972136	0.3997626	0.659853	0.340147	0.9824663
18072	-3404.563	-3572.185	167.622	2.027649	3.149875	0.3997626	0.644981	0.355019	0.9563565
18078	-3411.046	-3578.354	167.3078	1.834065	3.254683	0.3932601	0.663455	0.336545	1.378122
18084	-3423.024	-3590.348	167.324	1.731055	3.435094	0.3932601	0.663455	0.336545	1.391086
18090	-3423.623	-3590.588	166.9649	1.592838	3.308065	0.4198011	0.689893	0.310107	1.755288
18096	-3417.67	-3584.367	166.6967	1.545405	3.587245	0.4339885	0.711709	0.288291	1.881732
18102	-3410.542	-3577.049	166.5077	1.648576	3.984182	0.4050757	0.598543	0.401457	1.881732
18108	-3409.097	-3576.038	166.9416	1.648576	3.423973	0.4050757	0.682797	0.317203	1.720471
18114	-3409.328	-3576.53	167.2016	1.757754	2.538225	0.4050757	0.587811	0.412189	1.728273
18120	-3403.886	-3570.893	167.0061	1.67043	2.538225	0.4827164	0.59188	0.40812	1.827949
18126	-3418.23	-3584.932	166.7015	1.591715	3.537745	0.3687679	0.739619	0.260381	1.944543
18132	-3409.414	-3576.186	166.7715	1.591715	2.788855	0.4613312	0.693589	0.306411	1.985789
18138	-3420.638	-3587.312	166.6741	1.561448	2.814797	0.304918	0.693589	0.306411	2.266113
18144	-3422.342	-3589.51	167.1672	1.648976	3.732977	0.304918	0.739848	0.260152	1.627707
18150	-3416.686	-3583.664	166.9774	1.672233	3.732977	0.304918	0.691406	0.308594	1.746043
18156	-3417.529	-3584.724	167.1957	1.732455	4.241285	0.3154591	0.569672	0.430328	1.397595
18162	-3415.049	-3582.346	167.2971	1.715324	4.241285	0.3154591	0.713729	0.286271	1.331136
18168	-3421.676	-3588.185	166.5086	1.578688	4.668928	0.5164417	0.723931	0.276069	1.642162
18174	-3412.472	-3579.603	167.1307	1.516074	2.854139	0.3909619	0.637129	0.362871	1.862394
18180	-3409.511	-3575.906	166.3943	1.573372	3.888184	0.3346365	0.634268	0.365732	2.124808
18186	-3409.323	-3575.73	166.4069	1.497103	3.599491	0.4866111	0.735943	0.264057	2.043765
18192	-3419.849	-3586.128	166.2789	1.529181	3.249125	0.4778838	0.580067	0.419933	2.203733
18198	-3421.091	-3587.496	166.4051	1.426627	3.249125	0.4778838	0.685235	0.314765	2.188432
18204	-3416.028	-3582.234	166.2054	1.426403	3.209593	0.4778838	0.628318	0.371682	2.326996
18210	-3413.242	-3578.929	165.6865	1.398042	3.506195	0.4390129	0.622316	0.377684	2.640378
18216	-3425.904	-3591.47	165.5667	1.382259	3.506195	0.4390129	0.611603	0.388397	2.723689
18222	-3424.322	-3589.177	164.8545	1.21089	3.815154	0.4390129	0.657713	0.342287	3.188328
18228	-3413.704	-3579.051	165.3468	1.275264	3.815154	0.430434	0.642978	0.357022	2.864197
18234	-3426.225	-3591.9	165.6748	1.382554	3.815154	0.3882785	0.626651	0.373349	2.647172
18240	-3418.361	-3583.992	165.6302	1.356432	2.759103	0.4058636	0.563164	0.436836	2.925147
18246	-3418.989	-3584.562	165.573	1.280763	2.987943	0.4058636	0.695197	0.304803	2.944496
18252	-3436.258	-3601.002	164.7435	1.135548	3.298907	0.3265838	0.709453	0.290547	3.541746
18258	-3410.265	-3575.605	165.3392	1.243772	3.298907	0.4078881	0.685122	0.314878	3.028339
18264	-3420.166	-3585.364	165.1983	1.285959	2.935134	0.3999174	0.656217	0.343783	3.185643
18270	-3417.07	-3582.172	165.1018	1.269604	3.459549	0.3999174	0.530546	0.469454	3.126734
18276	-3417.69	-3582.608	164.9176	1.220844	2.649893	0.3999174	0.643749	0.356251	3.464798
18282	-3410.279	-3575.016	164.7373	1.165401	3.19183	0.3999174	0.599875	0.400125	3.464798
18288	-3401.476	-3566.824	165.3478	1.25327	2.840207	0.3999174	0.716049	0.283951	3.141025
18294	-3418.457	-3582.616	164.1594	1.220478	3.285854	0.4847068	0.682901	0.317099	3.658154
18300	-3428.027	-3594.225	166.1984	1.481809	3.329376	0.4731622	0.521566	0.478434	2.270871
18306	-3421.047	-3587.413	166.3666	1.514566	3.44696	0.4274231	0.598685	0.401315	2.164425
18312	-3414.592	-3581.205	166.6127	1.687237	3.699655	0.3883542	0.54636	0.45364	1.873377
18318	-3416.857	-3583.712	166.8551	1.565658	2.782752	0.3741792	0.58998	0.41002	2.057984
18324	-3413.632	-3580.035	166.4031	1.565658	2.782752	0.551667	0.519039	0.480961	2.150009
18330	-3415.873	-3581.998	166.1249	1.435684	3.10672	0.4789896	0.519039	0.480961	2.397551
18336	-3416.687	-3582.998	166.311	1.47293	3.10672	0.4789896	0.622874	0.377126	2.2553
18342	-3403.601	-3570.34	166.7384	1.52327	3.10672	0.4904905	0.667184	0.332816	1.928445
18348	-3405.18	-3572.01	166.8296	1.588495	3.10672	0.4186719	0.645435	0.354565	1.908557
18354	-3407.877	-3575.25	167.3726	1.704817	2.653758	0.5259494	0.666881	0.333119	1.447835
18360	-3416.744	-3583.994	167.2506	1.741629	2.653758	0.4810107	0.661079	0.338921	1.56695
18366	-3412.142	-3578.992	166.8504	1.696944	2.957669	0.3837462	0.595074	0.404926	1.909043
18372	-3421.131	-3587.804	166.673	1.674036	2.957669	0.5711344	0.595074	0.404926	1.825816
18378	-3428.754	-3595.332	166.5789	1.674036	2.957669	0.5711344	0.592974	0.407026	1.890209
18384	-3425.48	-3588.821	163.3406	1.139611	2.223427	0.4469081	0.539827	0.460173	4.486727
18390	-3425.609	-3590.603	164.994	1.246817	2.742078	0.4983003	0.51826	0.48174	3.27655
18396	-3415.288	-3580.539	165.2502	1.284464	2.742078	0.5097712	0.541326	0.458674	3.091046
18402	-3408.694	-3574.023	165.3287	1.354434	3.22312	0.5097712	0.53864	0.46136	2.878317
18408	-3410.615	-3575.185	164.57	1.226416	2.776715	0.5097712	0.65197	0.34803	3.516805
18414	-3413.387	-3577.87	164.4829	1.243724	2.858563	0.5156532	0.613823	0.386177	3.530601
18420	-3411.257	-3577.5	166.2428	1.486186	3.248332	0.379039	0.667296	0.332704	2.371142
18426	-3420.963	-3587.004	166.0414	1.54771	3.248332	0.383555	0.681697	0.318303	2.453732
18432	-3416.126	-3581.834	165.7085	1.522319	3.694661	0.4476893	0.554699	0.445301	2.496943
18438	-3411.675	-3577.762	166.0871	1.391085	2.923176	0.4476893	0.671035	0.328965	2.532204
18444	-3422.346	-3588.957	166.6114	1.676417	2.923176	0.5274043	0.705913	0.294087	1.922531
18450	-3411.556	-3578.785	167.2286	1.714103	2.812983	0.5274043	0.640189	0.359811	1.492872
18456	-3406.731	-3574.101	167.3698	1.773398	2.288831	0.5274043	0.70745	0.29255	1.533008
18462	-3418.414	-3585.904	167.4895	1.797062	2.288831	0.5274043	0.634607	0.365393	1.424707
18468	-3412.373	-3578.855	166.4817	1.620867	3.627475	0.5274043	0.692035	0.307965	1.858415
18474	-3409.616	-3575.27	165.6539	1.387958	2.563711	0.4364494	0.587866	0.412134	2.91261
18480	-3413.691	-3578.974	165.2828	1.36868	2.438547	0.4120074	0.607736	0.392264	3.209739
18486	-3427.324	-3591.334	164.0097	1.233472	3.662546	0.4120074	0.579007	0.420993	3.729972
18492	-3418.717	-3582.742	164.0253	1.124211	3.255421	0.4048792	0.691734	0.308266	3.880553
18498	-3415.251	-3579.011	163.7593	1.186729	2.919689	0.564196	0.691734	0.308266	3.922031
18504	-3414.029	-3577.697	163.6681	1.263342	3.714009	0.3898992	0.581396	0.418604	3.923131
18510	-3406.791	-3570.664	163.8724	1.319612	2.835923	0.420649	0.548921	0.451079	3.940156
18516	-3412.059	-3575.521	163.4625	1.440939	4.044604	0.8935769	0.60601	0.39399	3.456725
18522	-3420.739	-3585.017	164.2777	1.346327	4.044604	0.7365097	0.477895	0.522105	3.13999
18528	-3413.999	-3579.189	165.1891	1.306358	2.659914	0.5067123	0.617807	0.382193	3.13999
18534	-3418.021	-3582.511	164.4899	1.307783	2.842445	0.5067123	0.507555	0.492445	3.501838
18540	-3422.918	-3587.746	164.8286	1.268329	2.593127	0.4024917	0.557711	0.442289	3.501838
18546	-3424.667	-3590.343	165.6761	1.266165	2.807816	0.429794	0.612595	0.387405	2.911601
18552	-3432.683	-3598.283	165.5997	1.367525	3.321638	0.429794	0.638123	0.361877	2.766011
18558	-3424.585	-3589.889	165.3039	1.318297	3.644402	0.429794	0.630705	0.369295	2.90164
18564	-3428.468	-3593.805	165.3371	1.35538	3.108793	0.5588034	0.577772	0.422228	2.853942
18570	-3416.559	-3582.278	165.719	1.368248	3.108793	0.5588034	0.545848	0.454152	2.612361
18576	-3418.26	-3583.739	165.479	1.433621	3.108793	0.5588034	0.719661	0.280339	2.719842
18582	-3420.387	-3586.409	166.0222	1.487964	2.690331	0.4843371	0.549028	0.450972	2.537718
18588	-3412.54	-3578.46	165.9199	1.487964	3.160972	0.5245827	0.54786	0.45214	2.432419
18594	-3420.7	-3586.576	165.8758	1.481482	3.28705	0.5245827	0.70401	0.29599	2.432419
18600	-3431.597	-3597.75	166.1533	1.447005	3.154856	0.4730665	0.672489	0.327511	2.36633
18606	-3423.775	-3589.476	165.7016	1.379225	3.154856	0.4730665	0.518699	0.481301	2.690237
18612	-3420.84	-3586.079	165.2382	1.344015	3.154856	0.4763718	0.661118	0.338882	2.989442
18618	-3419.581	-3584.967	165.386	1.344015	3.153588	0.4290224	0.567918	0.432082	2.951296
18624	-3418.567	-3584.259	165.6922	1.344015	2.596073	0.396972	0.625754	0.374246	2.951296
18630	-3423.425	-3589.342	165.9169	1.295839	2.570254	0.396972	0.713032	0.286968	2.852122
18636	-3420.937	-3586.362	165.4246	1.324516	2.363636	0.396972	0.560828	0.439172	3.191478
18642	-3410.207	-3575.415	165.2086	1.258572	3.144042	0.396972	0.657954	0.342046	3.147051
18648	-3419.367	-3583.363	163.9957	1.140048	2.836417	0.4325812	0.660298	0.339702	3.959664
18654	-3424.324	-3588.335	164.0112	1.159323	2.41544	0.4325812	0.660298	0.339702	4.053652
18660	-3413.898	-3577.661	163.7627	1.159323	2.41544	0.4803249	0.660298	0.339702	4.147264
18666	-3414.95	-3577.983	163.0328	1.08708	3.138125	0.4099469	0.660298	0.339702	4.486811
18672	-3415.892	-3578.826	162.9331	1.083369	3.138125	0.5030304	0.660298	0.339702	4.452522
18678	-3417.497	-3583.04	165.543	1.223464	3.01165	0.4895211	0.617896	0.382104	2.900894
18684	-3417.789	-3582.907	165.1188	1.312854	4.216868	0.3952216	0.712055	0.287945	2.937909
18690	-3414.111	-3580.2	166.0889	1.311539	2.903449	0.4475627	0.606689	0.393311	2.58601
18696	-3421.553	-3586.314	164.7605	1.228589	2.903449	0.4275401	0.606689	0.393311	3.454627
18702	-3429.856	-3593.849	163.9923	1.217243	2.860834	0.510821	0.563823	0.436177	3.833778
18708	-3418.428	-3583.642	165.2135	1.337733	3.281734	0.510821	0.559148	0.440852	2.94283
18714	-3418.876	-3584.101	165.2251	1.413638	3.50215	0.4124183	0.616549	0.383451	2.94283
18720	-3414.591	-3579.443	164.8527	1.205772	2.378018	0.4124183	0.590444	0.409556	3.575112
18726	-3417.328	-3582.634	165.3055	1.313292	2.364174	0.5102418	0.617743	0.382257	3.1494
18732	-3412.851	-3577.211	164.3602	1.202868	2.364174	0.4696792	0.525406	0.474594	3.80597
18738	-3422.786	-3587.879	165.0926	1.288679	2.278211	0.4492917	0.659113	0.340887	3.377456
18744	-3423.963	-3589.146	165.1829	1.286421	2.759123	0.4205816	0.625577	0.374423	3.217568
18750	-3415.35	-3581.085	165.7356	1.405809	3.04873	0.406367	0.662897	0.337103	2.753913
18756	-3404.278	-3569.827	165.5495	1.390484	3.04873	0.365052	0.603295	0.396705	2.925709
18762	-3422.01	-3587.26	165.2507	1.33938	3.636014	0.3316382	0.666212	0.333788	3.040683
18768	-3411.536	-3576.801	165.2652	1.341381	3.653931	0.4867881	0.523019	0.476981	2.848377
18774	-3410.881	-3575.828	164.9471	1.288811	2.495185	0.5374813	0.563391	0.436609	3.31117
18780	-3414.286	-3580.652	166.3663	1.5525	2.946849	0.5374813	0.563391	0.436609	2.149845
18786	-3414.206	-3580.443	166.2376	1.626374	2.946849	0.6308614	0.727038	0.272962	2.095069
18792	-3414.708	-3580.825	166.1169	1.662134	2.853548	0.6630737	0.571034	0.428966	2.148282
18798	-3415.797	-3582.573	166.776	1.633236	2.883804	0.4463466	0.533851	0.466149	1.944395
18804	-3411.539	-3578.476	166.9368	1.54727	3.130364	0.3181184	0.533851	0.466149	1.995726
18810	-3423.453	-3589.857	166.4037	1.504871	3.874466	0.4764681	0.50187	0.49813	1.987047
18816	-3410.97	-3576.386	165.4153	1.279756	2.764423	0.4168445	0.50187	0.49813	3.08612
18822	-3406.958	-3572.634	165.6764	1.419335	3.406101	0.4111385	0.611986	0.388014	2.68856
18828	-3423.319	-3589.84	166.5216	1.520312	2.986462	0.4111385	0.526044	0.473956	2.200004
18834	-3417.782	-3584.697	166.9154	1.676456	2.436832	0.6068385	0.506338	0.493662	1.78719
18840	-3439.646	-3605.978	166.3311	1.544753	3.700163	0.4092247	0.699597	0.300403	2.12917
18846	-3429.363	-3595.989	166.6257	1.487912	3.700163	0.4092247	0.555831	0.444169	1.971951
18852	-3428.599	-3595.292	166.693	1.667949	3.700163	0.3580157	0.666193	0.333807	1.873413
18858	-3424.467	-3591.414	166.9475	1.713327	3.464423	0.3580157	0.653553	0.346447	1.725891
18864	-3424.988	-3591.526	166.5386	1.499086	3.294274	0.4021633	0.614278	0.385722	2.131869
18870	-3411.191	-3577.698	166.5075	1.503421	2.870153	0.4021633	0.562922	0.437078	2.263495
18876	-3412.298	-3578.374	166.076	1.426429	3.70539	0.4248643	0.561008	0.438992	2.349542
18882	-3422.114	-3588.158	166.0441	1.494389	3.70539	0.4248643	0.579057	0.420943	2.326598
18888	-3419.409	-3585.824	166.4143	1.482272	2.806713	0.4248643	0.608201	0.391799	2.327206
18894	-3423.062	-3588.902	165.8397	1.387437	2.806713	0.4248643	0.592395	0.407605	2.744416
18900	-3422.714	-3588.133	165.4196	1.201384	2.266759	0.4248643	0.551009	0.448991	3.266021
18906	-3431.786	-3596.387	164.6005	1.201384	2.850769	0.4248643	0.546032	0.453968	3.580122
18912	-3417.807	-3582.205	164.3977	1.226989	2.850769	0.4248643	0.546032	0.453968	3.682862
18918	-3415.46	-3579.521	164.0611	1.187249	2.8658	0.4248643	0.649198	0.350802	3.89581
18924	-3415.501	-3579.663	164.1628	1.278321	2.8658	0.4846107	0.503024	0.496976	3.72414
18930	-3427.267	-3591.51	164.2426	1.316082	2.534317	0.4585641	0.613097	0.386903	3.770695
18936	-3423.717	-3588.358	164.6413	1.135699	2.893592	0.333833	0.694706	0.305294	3.689277
18942	-3420.642	-3585.205	164.5626	1.293973	2.893592	0.3708109	0.717399	0.282601	3.598226
18948	-3429.047	-3594.641	165.5939	1.442419	2.893592	0.3958996	0.704896	0.295104	2.870442
18954	-3408.45	-3574.314	165.8634	1.331183	2.549398	0.3958996	0.696404	0.303596	2.870442
18960	-3415.044	-3580.898	165.8531	1.368907	2.842213	0.3780633	0.668599	0.331401	2.79278
18966	-3423.975	-3590.008	166.0325	1.360575	3.685844	0.3780633	0.668599	0.331401	2.479695
18972	-3425.036	-3590.673	165.6363	1.443831	3.932903	0.5030537	0.668599	0.331401	2.479695
18978	-3417.934	-3583.948	166.0138	1.458285	3.639782	0.4139546	0.686135	0.313865	2.396681
18984	-3407.865	-3574.545	166.6805	1.531751	2.527734	0.3111486	0.754228	0.245772	2.357344
18990	-3410.465	-3577.159	166.6941	1.458361	2.891969	0.3655858	0.731791	0.268209	2.212868
18996	-3411.976	-3578.054	166.0786	1.458361	3.346302	0.3655858	0.6348	0.3652	2.484931
19002	-3409.388	-3575.03	165.6421	1.316441	2.520021	0.3655858	0.739607	0.260393	3.057399
19008	-3412.428	-3578.381	165.9534	1.530441	3.22687	0.3678765	0.577778	0.422222	2.544586
19014	-3426.879	-3593.443	166.5642	1.387782	2.426834	0.4326814	0.814736	0.185264	2.397317
19020	-3421.307	-3587.952	166.6453	1.445718	2.426834	0.4326814	0.658894	0.341106	2.309076
19026	-3422.245	-3588.325	166.0794	1.478724	3.624218	0.4169439	0.576279	0.423721	2.342156
19032	-3426.428	-3592.734	166.3058	1.427953	2.674766	0.3874838	0.667221	0.332779	2.512792
19038	-3428.887	-3594.986	166.0982	1.352923	3.216206	0.3874838	0.65993	0.34007	2.543197
19044	-3425.581	-3591.428	165.8473	1.409445	2.959701	0.3913174	0.701962	0.298038	2.724256
19050	-3427.237	-3592.805	165.5678	1.357484	2.985846	0.2299078	0.632108	0.367892	3.141532
19056	-3407.279	-3573.343	166.0635	1.357369	2.985846	0.2612043	0.622372	0.377628	2.793655
19062	-3407.391	-3573.264	165.8732	1.398116	2.985846	0.2936444	0.687389	0.312611	2.836234
19068	-3407.069	-3572.624	165.5543	1.33479	3.702723	0.2875905	0.677296	0.322704	2.906966
19074	-3410.607	-3576.162	165.5545	1.414725	3.648774	0.4600872	0.677296	0.322704	2.65592
19080	-3420.197	-3585.886	165.6893	1.411097	3.648774	0.2639617	0.724885	0.275115	2.825946
19086	-3415.22	-3581.08	165.8604	1.370125	3.648774	0.3618796	0.724885	0.275115	2.609646
19092	-3415.921	-3581.744	165.8236	1.403327	3.648774	0.3271763	0.702383	0.297617	2.657478
19098	-3428.881	-3593.719	164.8386	1.343332	3.644345	0.3271763	0.528405	0.471595	3.287106
19104	-3422.31	-3587.523	165.2135	1.172095	3.452505	0.3575375	0.541211	0.458789	3.170321
19110	-3417.333	-3581.817	164.4847	1.215595	3.452505	0.4431037	0.593062	0.406938	3.476488
19116	-3408.214	-3573.091	164.8773	1.345647	3.452505	0.3460485	0.594495	0.405505	3.280846
19122	-3400.304	-3565.328	165.0237	1.154342	3.572403	0.3460485	0.594495	0.405505	3.280846
19128	-3403.087	-3568.719	165.6317	1.28622	2.698886	0.3460485	0.618991	0.381009	3.055181
19134	-3405.283	-3570.291	165.0087	1.356781	2.764951	0.6068705	0.533458	0.466542	3.097033
19140	-3405.229	-3571.48	166.251	1.389982	3.210361	0.416022	0.530771	0.469229	2.391178
19146	-3405.561	-3571.578	166.0175	1.514674	3.490192	0.416022	0.669479	0.330521	2.391178
19152	-3411.099	-3577.484	166.385	1.509281	3.490192	0.3699259	0.629866	0.370134	2.217347
19158	-3420.544	-3586.87	166.3267	1.396158	3.188413	0.4650281	0.648457	0.351543	2.288488
19164	-3410.483	-3576.831	166.3485	1.420963	2.822428	0.3474466	0.663196	0.336804	2.499511
19170	-3406.971	-3573.417	166.4461	1.397669	2.717568	0.3349162	0.645013	0.354987	2.499511
19176	-3407.648	-3573.505	165.8571	1.329048	3.920634	0.3349162	0.70206	0.29794	2.613123
19182	-3419.757	-3585.751	165.9932	1.398153	3.047515	0.3580579	0.599083	0.400917	2.659864
19188	-3411.963	-3577.942	165.9783	1.41893	3.177865	0.5545847	0.636616	0.363384	2.405163
19194	-3415.601	-3581.948	166.3477	1.552631	3.177865	0.3891988	0.544549	0.455451	2.267195
19200	-3421.144	-3587.893	166.7494	1.583499	2.989373	0.3901077	0.526924	0.473076	2.035234
19206	-3419.419	-3586.384	166.9651	1.583499	3.106856	0.3901077	0.68004	0.31996	1.856874
19212	-3437.218	-3604.144	166.9264	1.484814	2.612839	0.4038582	0.57822	0.42178	2.077641
19218	-3437.06	-3603.649	166.5893	1.437384	2.612839	0.4038582	0.650817	0.349183	2.326509
19224	-3422.982	-3587.435	164.4536	1.169444	3.432421	0.4170674	0.636791	0.363209	3.553825
19230	-3416.19	-3580.386	164.1963	1.190628	3.418015	0.4170674	0.687182	0.312818	3.693953
19236	-3423.129	-3586.96	163.8316	1.01866	2.700761	0.4170674	0.576125	0.423875	4.173857
19242	-3417.752	-3581.886	164.1342	1.159124	2.607455	0.4170674	0.640937	0.359063	3.946134
19248	-3423.34	-3588.072	164.7314	1.200413	2.774615	0.4267061	0.599435	0.400565	3.522365
19254	-3419.92	-3584.242	164.3219	1.169515	2.774615	0.4267061	0.599435	0.400565	3.777527
19260	-3427.645	-3591.742	164.0965	1.17792	2.774615	0.3156407	0.645003	0.354997	4.031533
19266	-3413.28	-3577.905	164.6247	1.163249	2.774615	0.3704486	0.559815	0.440185	3.669102
19272	-3417.98	-3582.275	164.2949	1.145308	3.708862	0.3756977	0.630986	0.369014	3.647265
19278	-3419.891	-3584.217	164.3263	1.180367	3.708862	0.4917274	0.596092	0.403908	3.485142
19284	-3437.174	-3602.008	164.8334	1.228459	3.708862	0.3214095	0.596092	0.403908	3.35159
19290	-3425.589	-3591.013	165.4234	1.294313	2.468833	0.4254651	0.736247	0.263753	3.146558
19296	-3419.593	-3584.55	164.9564	1.261401	3.631858	0.3328148	0.691491	0.308509	3.261334
19302	-3426.74	-3591.829	165.0892	1.245955	3.667814	0.5002261	0.638866	0.361134	2.995537
19308	-3413.489	-3577.759	164.2695	1.217887	3.667814	0.4618063	0.58219	0.41781	3.534847
19314	-3411.735	-3576.878	165.1434	1.155411	3.34294	0.4269044	0.679885	0.320115	3.166302
19320	-3408.456	-3572.189	163.7327	1.254002	3.34294	0.4269044	0.625228	0.374772	3.930448
19326	-3426.746	-3589.661	162.9151	1.072958	3.45348	0.4601274	0.540162	0.459838	4.439596
19332	-3412.473	-3576.031	163.5581	1.136896	2.909563	0.4601274	0.652837	0.347163	4.164558
19338	-3418.126	-3582.138	164.0121	1.387904	3.707782	0.5490752	0.657618	0.342382	3.493817
19344	-3411.321	-3576.597	165.2762	1.434606	3.219888	0.6646043	0.59276	0.40724	2.722674
19350	-3401.898	-3567.901	166.003	1.359302	3.018701	0.3596846	0.618893	0.381107	2.683092
19356	-3396.203	-3561.995	165.7921	1.326528	3.018701	0.521665	0.618893	0.381107	2.652147
19362	-3408.125	-3574.216	166.0913	1.433077	2.994525	0.3128171	0.580124	0.419876	2.652147
19368	-3410.986	-3576.605	165.6188	1.424571	3.939139	0.3128171	0.600244	0.399756	2.727193
19374	-3412.893	-3578.892	165.9987	1.397813	3.81559	0.3256019	0.620566	0.379434	2.51769
19380	-3413.867	-3579.456	165.5886	1.182711	3.81559	0.2898778	0.705893	0.294107	2.950594
19386	-3409.403	-3574.701	165.2976	1.265127	3.340179	0.347835	0.605264	0.394736	3.102728
19392	-3419.164	-3584.252	165.0881	1.265127	3.340179	0.5217156	0.62511	0.37489	3.037361
19398	-3414.133	-3578.991	164.8586	1.260795	2.750775	0.5217156	0.665366	0.334634	3.323262
19404	-3416.016	-3581.002	164.9864	1.337193	3.01584	0.5217156	0.665366	0.334634	3.133635
19410	-3408.873	-3573.169	164.2964	1.097278	3.01584	0.5218184	0.550232	0.449768	3.678694
19416	-3417.165	-3580.547	163.3816	1.133697	3.01584	0.5218184	0.530608	0.469392	4.181966
19422	-3423.272	-3587.377	164.1044	1.181837	2.843557	0.5218184	0.530608	0.469392	3.783803
19428	-3414.829	-3580.099	165.2704	1.3959	3.611526	0.5218184	0.658897	0.341103	2.786447
19434	-3415.507	-3581.313	165.8054	1.347593	3.33984	0.436433	0.608626	0.391374	2.640252
19440	-3409.218	-3574.676	165.4582	1.289048	3.33984	0.436433	0.762708	0.237292	2.887978
19446	-3404.81	-3569.724	164.9146	1.217808	3.33984	0.436433	0.646041	0.353959	3.255231
19452	-3413.137	-3577.952	164.8152	1.210915	3.30626	0.436433	0.569903	0.430097	3.325619
19458	-3418.013	-3582.546	164.5331	1.102212	3.30626	0.4801687	0.6339	0.3661	3.509521
19464	-3404.015	-3568.596	164.5808	1.340843	3.288184	0.3847855	0.623202	0.376798	3.448476
19470	-3407.936	-3574.089	166.1523	1.471778	2.965315	0.3847855	0.623202	0.376798	2.503584
19476	-3411.888	-3577.623	165.7349	1.523609	2.965315	0.3847855	0.563232	0.436768	2.729548
19482	-3411.172	-3576.174	165.0019	1.254738	2.965315	0.3847855	0.640271	0.359729	3.329893
19488	-3408.987	-3573.929	164.9421	1.214694	2.965315	0.4375327	0.720605	0.279395	3.329893
19494	-3410.675	-3575.656	164.9811	1.25963	3.290162	0.4375327	0.663903	0.336097	3.20146
19500	-3409.658	-3575.116	165.458	1.402939	3.34968	0.4738351	0.651151	0.348849	2.776483
19506	-3405.041	-3571.564	166.523	1.523509	3.34968	0.3704711	0.634969	0.365031	2.152807
19512	-3411.807	-3578.184	166.3771	1.491322	3.698965	0.3807449	0.64264	0.35736	2.170337
19518	-3416.986	-3582.687	165.701	1.441726	3.916724	0.3940394	0.679089	0.320911	2.565637
19524	-3403.073	-3569.759	166.6862	1.504089	2.538504	0.3940394	0.558642	0.441358	2.256788
19530	-3411.927	-3577.192	165.2659	1.411943	2.81537	0.4180543	0.650167	0.349833	3.081364
19536	-3411.629	-3576.273	164.6439	1.241105	3.346012	0.6038442	0.552318	0.447682	3.240104
19542	-3412.935	-3578.725	165.7894	1.361709	3.346012	0.3553496	0.66086	0.33914	2.736723
19548	-3422.132	-3587.309	165.1764	1.372214	2.794176	0.5355295	0.610733	0.389267	3.043915
19554	-3412.395	-3577.292	164.8978	1.254018	2.794176	0.5355295	0.610733	0.389267	3.279611
19560	-3418.349	-3583.754	165.4052	1.1619	3.082232	0.4267245	0.629517	0.370483	3.069188
19566	-3410.555	-3575.659	165.1036	1.253558	2.983566	0.4224624	0.622809	0.377191	3.223387
19572	-3410.79	-3576.116	165.326	1.338465	2.935277	0.3879863	0.659534	0.340466	3.092296
19578	-3412.636	-3578.456	165.82	1.302065	2.535881	0.5168906	0.733456	0.266544	2.788685
19584	-3418.775	-3583.326	164.5518	1.30095	3.354713	0.5168906	0.733456	0.266544	3.335468
19590	-3413.287	-3578.736	165.4489	1.268863	2.866248	0.5168906	0.729937	0.270063	2.940974
19596	-3419.793	-3585.038	165.2456	1.375278	3.474828	0.5542503	0.614326	0.385674	2.813957
19602	-3415.251	-3580.886	165.6351	1.327692	2.402062	0.5542503	0.614326	0.385674	2.889934
19608	-3412.375	-3578.104	165.7282	1.367674	3.382041	0.3482676	0.641466	0.358534	2.771072
19614	-3401.78	-3567.185	165.4057	1.285963	3.382041	0.3482676	0.624253	0.375747	3.015444
19620	-3403.401	-3568.492	165.0912	1.293277	3.382041	0.2966213	0.624253	0.375747	3.266471
19626	-3412.188	-3576.589	164.4013	1.206249	3.382041	0.312459	0.70385	0.29615	3.698793
19632	-3411.994	-3576.812	164.8182	1.211861	3.382041	0.4479407	0.58583	0.41417	3.293761
19638	-3416.445	-3581.45	165.0047	1.370054	2.792402	0.4479407	0.561285	0.438715	3.235086
19644	-3420.338	-3586.418	166.08	1.362007	2.880318	0.3178853	0.561285	0.438715	2.726017
19650	-3426.979	-3591.627	164.648	1.265573	2.93595	0.3178853	0.606266	0.393734	3.619897
19656	-3415.463	-3579.664	164.2008	1.197298	3.332029	0.3457197	0.69007	0.30993	3.788769
19662	-3421.453	-3587.065	165.6125	1.243741	2.999649	0.3316176	0.69007	0.30993	3.030934
19668	-3409.501	-3576.041	166.5396	1.50236	2.384989	0.3316176	0.640445	0.359555	2.480776
19674	-3415.314	-3581.775	166.4612	1.465871	2.415555	0.414579	0.566805	0.433195	2.437753
19680	-3410.418	-3576.725	166.3065	1.57441	3.412617	0.3089064	0.566805	0.433195	2.329008
19686	-3406.649	-3573.017	166.3678	1.383206	2.669156	0.4150543	0.593126	0.406874	2.470486
19692	-3412.008	-3577.087	165.0788	1.441486	3.060437	0.4150543	0.593126	0.406874	3.115459
19698	-3409.142	-3574.528	165.3853	1.381308	2.146933	0.5039512	0.582612	0.417388	3.136579
19704	-3397.573	-3562.983	165.4098	1.325255	2.533866	0.4516421	0.6182	0.3818	3.088972
19710	-3413.267	-3578.196	164.9296	1.364572	3.986872	0.4228188	0.6182	0.3818	3.034522
19716	-3414.824	-3579.581	164.757	1.300045	2.772118	0.4817534	0.552714	0.447286	3.392948
19722	-3417.375	-3582.775	165.4003	1.300045	3.090323	0.4817534	0.674334	0.325666	2.928805
19728	-3422.462	-3588.639	166.1765	1.486088	3.090323	0.4817534	0.565753	0.434247	2.33425
19734	-3418.51	-3584.586	166.0754	1.550437	3.164827	0.4853463	0.591459	0.408541	2.33425
19740	-3407.799	-3574.515	166.7153	1.583981	3.200164	0.3501955	0.626548	0.373452	2.053295
19746	-3413.628	-3580.183	166.5542	1.645338	3.820332	0.3501955	0.664044	0.335956	1.964894
19752	-3406.053	-3572.642	166.5889	1.409594	3.820332	0.3501955	0.664044	0.335956	2.09821
19758	-3409.776	-3576.013	166.237	1.546145	3.34906	0.4183887	0.579861	0.420139	2.262892
19764	-3412.227	-3578.687	166.4606	1.447221	3.34906	0.3949921	0.729628	0.270372	2.211286
19770	-3424.262	-3590.795	166.5336	1.584022	3.34906	0.4332382	0.594421	0.405579	2.026819
19776	-3411.365	-3578.229	166.8646	1.584022	3.231768	0.2958545	0.684423	0.315577	2.026026
19782	-3418.382	-3584.054	165.6716	1.306187	3.135516	0.3535523	0.685771	0.314229	2.8955
19788	-3428.968	-3594.088	165.1207	1.337955	3.135516	0.4641963	0.630836	0.369164	3.080693
19794	-3427.166	-3592.302	165.1352	1.188809	3.135516	0.4315918	0.596623	0.403377	3.195384
19800	-3428.036	-3592.805	164.7688	1.378904	3.135516	0.635584	0.57125	0.42875	3.107304
19806	-3426.816	-3593.085	166.2689	1.43536	2.649151	0.4310826	0.532854	0.467146	2.486986
19812	-3414.588	-3580.999	166.4109	1.394531	3.000489	0.4310826	0.616995	0.383005	2.324165
19818	-3418.43	-3585.089	166.6589	1.50183	2.745613	0.3732013	0.616995	0.383005	2.2397
19824	-3424.951	-3591.837	166.8858	1.640874	2.948612	0.4489297	0.641553	0.358447	1.842335
19830	-3414.541	-3581.116	166.5752	1.529675	2.403059	0.4481582	0.63136	0.36864	2.290059
19836	-3414.029	-3580.05	166.0213	1.518082	3.142405	0.263155	0.740918	0.259082	2.678086
19842	-3417.148	-3583.569	166.4214	1.348743	3.142405	0.3567601	0.740918	0.259082	2.400938
19848	-3413.298	-3577.626	164.3287	1.150481	3.970831	0.3271294	0.65912	0.34088	3.631051
19854	-3417.364	-3580.756	163.3923	1.202249	2.547028	0.5240715	0.647981	0.352019	4.255218
19860	-3427.565	-3593.596	166.0314	1.30366	2.937437	0.4168528	0.620898	0.379102	2.651992
19866	-3414.576	-3579.914	165.3373	1.325075	2.656847	0.4929124	0.606498	0.393502	3.054937
19872	-3426.535	-3591.474	164.9393	1.301002	2.602374	0.4929124	0.620787	0.379213	3.320502
19878	-3403.32	-3567.807	164.4868	1.17924	2.819171	0.3839458	0.634148	0.365852	3.712368
19884	-3416.856	-3581.27	164.4138	1.172298	2.692194	0.4577848	0.634148	0.365852	3.712368
19890	-3396.821	-3562.939	166.1184	1.34461	2.937104	0.3548243	0.634148	0.365852	2.648826
19896	-3407.172	-3573.232	166.0595	1.391841	2.503412	0.439092	0.600131	0.399869	2.678202
19902	-3410.523	-3576.214	165.691	1.353578	3.201178	0.4949646	0.682283	0.317717	2.678202
19908	-3408.48	-3573.856	165.3751	1.246155	2.852293	0.3390632	0.67823	0.32177	3.199338
19914	-3408.296	-3572.868	164.5716	1.211737	3.402291	0.4557124	0.707814	0.292186	3.42598
19920	-3414.233	-3579.291	165.0586	1.288705	2.801055	0.2997357	0.590087	0.409913	3.42598
19926	-3404.376	-3570.228	165.8516	1.24909	2.787969	0.3552629	0.614766	0.385234	2.909327
19932	-3409.024	-3573.973	164.9496	1.226196	3.319511	0.3552629	0.577745	0.422255	3.327386
19938	-3413.051	-3577.557	164.506	1.283287	2.964408	0.3552629	0.553332	0.446668	3.638015
19944	-3420.241	-3583.178	162.937	1.007356	3.37074	0.3552629	0.479572	0.520428	4.594482
19950	-3415.889	-3578.783	162.8934	1.053814	2.556094	0.3608495	0.474389	0.525611	4.782912
19956	-3414.887	-3579.319	164.4323	1.148981	3.37763	0.3851981	0.530532	0.469468	3.625901
19962	-3423.885	-3588.079	164.1941	1.164845	3.750707	0.4579669	0.571265	0.428735	3.596211
19968	-3429.483	-3592.809	163.3261	1.219686	3.750707	0.4579669	0.582121	0.417879	4.063919
19974	-3412.003	-3578.182	166.1782	1.566254	3.154452	0.4274183	0.613734	0.386266	2.326478
19980	-3428.605	-3594.727	166.1215	1.453852	3.154452	0.4781607	0.54904	0.45096	2.376721
19986	-3428.193	-3594.79	166.5966	1.676205	3.154452	0.601902	0.54904	0.45096	1.788709
19992	-3419.417	-3586.613	167.1952	1.611997	2.791631	0.3867174	0.646062	0.353938	1.776825
19998	-3419.658	-3586.639	166.981	1.639599	2.667705	0.466448	0.702523	0.297477	1.843197
20004	-3419.114	-3585.825	166.7106	1.565885	2.869768	0.3570217	0.702523	0.297477	2.150189
20010	-3421.681	-3588.334	166.6531	1.465141	2.615161	0.4799791	0.605842	0.394158	2.178731
20016	-3419.767	-3586.392	166.6244	1.529897	3.23766	0.3731144	0.552452	0.447548	2.107686
20022	-3423.955	-3590.797	166.8418	1.563723	3.23766	0.3731144	0.635018	0.364982	1.940885
20028	-3418.386	-3584.836	166.4503	1.667589	3.23766	0.5812644	0.645799	0.354201	1.892803
20034	-3422.471	-3588.006	165.5352	1.292227	3.23766	0.5561093	0.747334	0.252666	2.742469
20040	-3408.389	-3574.35	165.9613	1.459804	3.23766	0.4392952	0.552558	0.447442	2.495593
20046	-3408.233	-3574.302	166.0686	1.35247	3.23766	0.4392952	0.638902	0.361098	2.495593
20052	-3410.958	-3577.295	166.3372	1.507208	3.026231	0.4392952	0.6423	0.3577	2.282777
20058	-3403.795	-3570.328	166.5339	1.640608	3.026231	0.5314897	0.542342	0.457658	1.964762
20064	-3405.498	-3571.728	166.2295	1.478993	2.838616	0.4898662	0.668313	0.331687	2.365018
20070	-3408.097	-3574.251	166.1541	1.543858	2.980212	0.4600168	0.737282	0.262718	2.365018
20076	-3411.849	-3577.664	165.8144	1.43803	2.980212	0.4600168	0.59387	0.40613	2.643401
20082	-3411.515	-3577.615	166.0998	1.418658	3.556391	0.4660508	0.635239	0.364761	2.326927
20088	-3410.596	-3576.542	165.9461	1.475064	2.619837	0.4040707	0.653023	0.346977	2.702223
20094	-3405.398	-3571.74	166.3424	1.446994	2.631048	0.4948063	0.60623	0.39377	2.368711
20100	-3406.837	-3573.715	166.8781	1.614977	2.464166	0.5948685	0.729102	0.270898	1.857829
20106	-3407.057	-3573.562	166.505	1.506838	2.464166	0.4293302	0.629271	0.370729	2.351459
20112	-3407.62	-3574.35	166.7299	1.519709	2.464166	0.393834	0.683499	0.316501	2.2424
20118	-3418.657	-3584.845	166.1879	1.499205	3.142303	0.393834	0.720947	0.279053	2.406256
20124	-3419.238	-3584.825	165.5861	1.361795	3.133656	0.4417962	0.655066	0.344934	2.81039
20130	-3421.796	-3587.335	165.5393	1.269099	2.79174	0.4956615	0.655066	0.344934	2.92736
20136	-3426.321	-3592.329	166.0085	1.354142	2.79174	0.3813966	0.588796	0.411204	2.716615
20142	-3429.845	-3595.395	165.5495	1.354142	3.034985	0.3813966	0.476193	0.523807	2.931189
20148	-3430.015	-3595.82	165.8047	1.379739	3.014853	0.2734326	0.55677	0.44323	2.910951
20154	-3425.796	-3591.413	165.6174	1.389925	3.394676	0.4239039	0.495483	0.504517	2.730801
20160	-3419.271	-3585.665	166.3934	1.422555	3.432774	0.4239039	0.633008	0.366992	2.214366
20166	-3415.51	-3581.959	166.4485	1.603632	3.432774	0.4239039	0.603033	0.396967	2.060251
20172	-3411.383	-3578.077	166.6948	1.6122	2.814435	0.4239039	0.603033	0.396967	2.060251
20178	-3419.906	-3586.854	166.948	1.6122	2.36926	0.6737287	0.67267	0.32733	1.768445
20184	-3412.884	-3579.695	166.8105	1.598359	2.838369	0.5600933	0.64455	0.35545	1.83066
20190	-3426.065	-3593.104	167.0389	1.585449	2.838369	0.430975	0.576476	0.423524	1.83066
20196	-3423.272	-3590.518	167.246	1.756113	2.838369	0.3089765	0.632193	0.367807	1.741171
20202	-3417.416	-3584.336	166.9205	1.690032	2.643789	0.3836031	0.630822	0.369178	1.961694
20208	-3414.041	-3581.404	167.3632	1.68857	2.658974	0.3748776	0.637524	0.362476	1.663927
20214	-3412.805	-3579.882	167.0778	1.656679	3.321248	0.3311734	0.657609	0.342391	1.752969
20220	-3410.199	-3577.554	167.3553	1.782954	3.321248	0.3256839	0.657609	0.342391	1.468631
20226	-3409.374	-3576.327	166.9531	1.679539	3.321248	0.3256839	0.580749	0.419251	1.831939
20232	-3421.341	-3588.448	167.1065	1.715684	2.886163	0.4054588	0.654361	0.345639	1.711348
20238	-3407.633	-3574.548	166.915	1.658421	2.886163	0.4464347	0.731288	0.268712	1.831916
20244	-3411.288	-3578.427	167.1398	1.770202	2.501685	0.411435	0.64267	0.35733	1.766903
20250	-3420.209	-3586.86	166.6501	1.512967	2.511356	0.411435	0.744722	0.255278	2.261331
20256	-3423.187	-3589.104	165.9169	1.512967	2.698107	0.6415031	0.684365	0.315635	2.435506
20262	-3416.089	-3581.702	165.6128	1.471162	3.440202	0.6415031	0.669781	0.330219	2.457642
20268	-3419.227	-3585.494	166.2673	1.447109	2.814793	0.5398012	0.512755	0.487245	2.316528
20274	-3409.557	-3575.833	166.2762	1.463506	2.964982	0.423376	0.551986	0.448014	2.384514
20280	-3412.45	-3579.274	166.8239	1.481934	3.430903	0.4514455	0.598012	0.401988	1.856772
20286	-3419.628	-3586.059	166.4313	1.551481	3.757974	0.3834146	0.598012	0.401988	2.078361
20292	-3422.862	-3589.513	166.6507	1.564327	3.588847	0.3877203	0.668928	0.331072	1.958873
20298	-3421.569	-3587.474	165.9047	1.58149	3.588847	0.5452102	0.668928	0.331072	2.256733
20304	-3427.035	-3594.056	167.0211	1.676604	2.981623	0.5452102	0.704003	0.295997	1.59882
20310	-3427.089	-3594.429	167.3401	1.707	2.981623	0.4878771	0.649085	0.350915	1.406326
20316	-3409.283	-3576.784	167.5016	1.728042	2.495803	0.4878771	0.675942	0.324058	1.437089
20322	-3420.161	-3587.86	167.6985	1.774227	2.559361	0.3496987	0.747822	0.252178	1.425825
20328	-3405.803	-3573.532	167.7286	1.853478	2.451287	0.4597849	0.598016	0.401984	1.210078
20334	-3405.774	-3572.881	167.1072	1.742987	2.451287	0.4827317	0.598016	0.401984	1.736954
20340	-3404.952	-3572.425	167.4736	1.735915	3.094826	0.4196941	0.626514	0.373486	1.336004
20346	-3411.5	-3578.921	167.421	1.756235	3.094826	0.4222887	0.607874	0.392126	1.357849
20352	-3411.479	-3579.088	167.6088	1.722166	2.977585	0.3682443	0.734405	0.265595	1.358415
20358	-3408.378	-3575.853	167.4748	1.830629	2.977585	0.4861686	0.629232	0.370768	1.200206
20364	-3408.667	-3576.304	167.6368	1.902489	2.554894	0.461746	0.658667	0.341333	1.200206
20370	-3408.809	-3576.092	167.2834	1.924896	3.169525	0.461746	0.565537	0.434463	1.250094
20376	-3409.231	-3576.515	167.2838	1.680234	2.711412	0.461746	0.579797	0.420203	1.59225
20382	-3409.856	-3576.733	166.8773	1.540378	3.001369	0.4549169	0.657398	0.342602	1.894112
20388	-3421.193	-3588.415	167.2224	1.603182	3.184996	0.3692546	0.704358	0.295642	1.670218
20394	-3419.393	-3586.741	167.3485	1.700617	2.870477	0.3692546	0.64716	0.35284	1.604859
20400	-3424.43	-3591.637	167.2067	1.63483	2.998838	0.4448661	0.594784	0.405216	1.610559
20406	-3422.168	-3589.143	166.9747	1.67563	2.685023	0.5264059	0.60278	0.39722	1.747893
20412	-3422.876	-3587.308	164.4322	1.247447	3.200126	0.3673316	0.668076	0.331924	3.630306
20418	-3418.44	-3583.438	164.9987	1.24391	2.749575	0.3649472	0.668076	0.331924	3.417559
20424	-3420.038	-3586.302	166.2641	1.328754	2.749575	0.3414371	0.628139	0.371861	2.637499
20430	-3410.295	-3575.938	165.6427	1.422959	3.412186	0.553864	0.544341	0.455659	2.555667
20436	-3397.139	-3563.617	166.4778	1.49162	3.412186	0.443798	0.607914	0.392086	2.095997
20442	-3398.576	-3565.191	166.6153	1.471012	2.199794	0.4886987	0.607914	0.392086	2.325233
20448	-3403.162	-3570.137	166.9757	1.541913	2.961281	0.4886987	0.578505	0.421495	1.79743
20454	-3404.484	-3570.909	166.425	1.557094	2.961281	0.5452313	0.610169	0.389831	2.096448
20460	-3415.042	-3582.007	166.9647	1.528181	2.775085	0.3334108	0.538482	0.461518	2.068971
20466	-3402.934	-3569.53	166.5956	1.558418	2.572759	0.4975142	0.626135	0.373865	2.149427
20472	-3403.209	-3569.474	166.265	1.486239	3.032708	0.3026226	0.563108	0.436892	2.515932
20478	-3402.208	-3567.479	165.2713	1.452158	3.424032	0.3026226	0.669421	0.330579	3.047172
20484	-3409.075	-3576.109	167.0342	1.582886	3.081727	0.412434	0.669421	0.330579	1.787281
20490	-3403.692	-3570.797	167.1051	1.63668	3.081727	0.412434	0.669421	0.330579	1.699853
20496	-3418.261	-3585.551	167.2906	1.814557	3.081727	0.412434	0.682306	0.317694	1.432604
20502	-3421.433	-3588.824	167.3913	1.755256	3.081727	0.412434	0.690857	0.309143	1.400608
20508	-3423.168	-3590.426	167.2586	1.82468	3.081727	0.4029894	0.566006	0.433994	1.463075
20514	-3420.168	-3587.398	167.2303	1.700915	3.081727	0.357815	0.571294	0.428706	1.641756
20520	-3416.853	-3583.477	166.624	1.503319	3.081727	0.4185852	0.541549	0.458451	2.109184
20526	-3418.787	-3585.64	166.8526	1.464605	3.081727	0.4185852	0.648106	0.351894	1.983478
20532	-3420.662	-3587.17	166.5076	1.518374	3.081727	0.4174441	0.645635	0.354365	2.176636
20538	-3406.555	-3573.085	166.53	1.547056	3.04497	0.4174441	0.635704	0.364296	2.153402
20544	-3404.02	-3570.03	166.01	1.451869	2.996081	0.5538376	0.679314	0.320686	2.412705
20550	-3400.274	-3565.925	165.651	1.469625	2.996081	0.4468626	0.679063	0.320937	2.734537
20556	-3405.003	-3571.446	166.4436	1.639737	2.996081	0.4468626	0.612506	0.387494	2.127698
20562	-3397.614	-3564.69	167.0755	1.699397	2.962867	0.4062107	0.612506	0.387494	1.720214
20568	-3403.843	-3570.422	166.5794	1.672984	3.199648	0.6029555	0.633732	0.366268	1.789149
20574	-3406.29	-3572.981	166.6907	1.601666	3.408848	0.3417513	0.568476	0.431524	2.015377
20580	-3407.095	-3572.772	165.6768	1.403403	3.396249	0.4465799	0.684409	0.315591	2.660341
20586	-3401.242	-3567.565	166.3235	1.437145	2.927131	0.3915925	0.629801	0.370199	2.419781
20592	-3413.411	-3579.843	166.4323	1.616396	3.496734	0.3323435	0.777948	0.222052	2.166955
20598	-3414.028	-3581.139	167.1112	1.701326	3.538791	0.3323435	0.689806	0.310194	1.636942
20604	-3417.038	-3583.702	166.6647	1.679484	3.802226	0.3863636	0.697838	0.302162	1.820765
20610	-3410.469	-3577.248	166.7793	1.459631	2.743684	0.4061957	0.697838	0.302162	2.147711
20616	-3422.654	-3589.059	166.4046	1.471268	2.482864	0.3358559	0.539322	0.460678	2.548022
20622	-3415.971	-3582.364	166.3931	1.480637	3.041514	0.3358559	0.686032	0.313968	2.389948
20628	-3418.599	-3585.639	167.0395	1.673352	2.69762	0.4393783	0.748483	0.251517	1.803033
20634	-3417.864	-3584.737	166.8735	1.563503	4.217414	0.4393783	0.713118	0.286882	1.585301
20640	-3405.361	-3572.537	167.1755	1.686423	2.534753	0.3753877	0.548055	0.451945	1.837593
20646	-3412.842	-3579.453	166.6113	1.685475	3.672989	0.4133117	0.67629	0.32371	1.849244
20652	-3402.816	-3569.139	166.3236	1.475314	3.672989	0.4827484	0.645949	0.354051	2.099683
20658	-3401.108	-3567.916	166.8086	1.628854	3.874017	0.3299528	0.672311	0.327689	1.820043
20664	-3410.341	-3576.891	166.5496	1.664983	3.162848	0.4801964	0.470843	0.529157	1.956342
20670	-3426.258	-3591.552	165.2932	1.685043	4.474596	0.8063217	0.642073	0.357927	2.16609
20676	-3426.032	-3591.902	165.87	1.671381	2.921955	0.8063217	0.541488	0.458512	2.16609
20682	-3419.56	-3584.518	164.9577	1.534911	3.463302	0.8063217	0.675833	0.324167	2.689032
20688	-3421.541	-3586.794	165.2532	1.468577	3.235876	0.7244279	0.526846	0.473154	2.66394
20694	-3428.615	-3594.627	166.0124	1.461255	2.751167	0.3637481	0.526846	0.473154	2.681621
20700	-3432.447	-3599.077	166.63	1.488449	2.781727	0.4749008	0.617437	0.382563	2.134062
20706	-3434.09	-3600.086	165.9962	1.594245	2.781727	0.4749008	0.491392	0.508608	2.471437
20712	-3411.938	-3578.914	166.9763	1.558938	2.28644	0.4867186	0.623896	0.376104	2.00516
20718	-3411.165	-3578.164	166.9995	1.538954	2.746124	0.3636134	0.725952	0.274048	2.00516
20724	-3408.547	-3575.357	166.8093	1.543234	2.67508	0.4528272	0.62243	0.37757	2.037565
20730	-3404.498	-3571.294	166.7957	1.451156	2.732764	0.4528272	0.615127	0.384873	2.08974
20736	-3412.154	-3578.238	166.0839	1.32021	2.732764	0.4528272	0.646099	0.353901	2.62511
20742	-3425.449	-3591.274	165.8249	1.350355	2.732764	0.4944022	0.620098	0.379902	2.721996
20748	-3410.728	-3576.706	165.9777	1.532227	3.5059	0.3077417	0.601511	0.398489	2.541947
20754	-3403.83	-3570.081	166.2517	1.456883	3.5059	0.4677687	0.69913	0.30087	2.215141
20760	-3411.799	-3578.36	166.5616	1.444376	3.5059	0.4657719	0.69913	0.30087	2.022745
20766	-3411.286	-3576.687	165.4012	1.30674	3.9006	0.3521469	0.609147	0.390853	2.88711
20772	-3421.6	-3587.209	165.6089	1.307761	3.377141	0.3649351	0.612389	0.387611	2.860049
20778	-3418.482	-3583.742	165.2603	1.344917	3.377141	0.3649351	0.699342	0.300658	3.047533
20784	-3421.899	-3587.213	165.314	1.248028	3.377141	0.3419981	0.708306	0.291694	3.102002
20790	-3421.2	-3586.472	165.2717	1.294162	3.832264	0.3419981	0.628662	0.371338	2.999894
20796	-3418.96	-3583.492	164.5324	1.153235	3.812482	0.3419981	0.669916	0.330084	3.524006
20802	-3424.083	-3589.09	165.007	1.238951	3.812482	0.4116401	0.649415	0.350585	3.111629
20808	-3437.126	-3601.743	164.6176	1.258603	2.620627	0.5321735	0.598318	0.401682	3.491433
20814	-3411.67	-3577.933	166.2635	1.598506	2.881939	0.4287771	0.57307	0.42693	2.323402
20820	-3408.254	-3574.55	166.2956	1.595026	2.881939	0.4287771	0.66357	0.33643	2.305175
20826	-3414.434	-3581.24	166.8061	1.47762	2.419569	0.3799725	0.66357	0.33643	2.252408
20832	-3412.904	-3579.049	166.1457	1.542668	2.419569	0.7013907	0.549393	0.450607	2.306047
20838	-3410.783	-3577.267	166.4838	1.57241	2.51296	0.4633237	0.579026	0.420974	2.269009
20844	-3408.499	-3575.534	167.035	1.560575	2.51296	0.4633237	0.669767	0.330233	1.914292
20850	-3413.015	-3579.84	166.8249	1.582383	2.79994	0.4633237	0.669767	0.330233	1.950599
20856	-3416.419	-3583.329	166.9102	1.546382	2.885773	0.4633237	0.713452	0.286548	1.89157
20862	-3436.392	-3603.272	166.88	1.637277	2.697163	0.4633237	0.688282	0.311718	1.907976
20868	-3428.062	-3594.993	166.9311	1.591795	2.697163	0.5357481	0.781897	0.218103	1.822176
20874	-3419.665	-3583.142	163.4762	1.058183	3.015271	0.5333523	0.509886	0.490114	4.160831
20880	-3429.869	-3595.948	166.0798	1.544416	3.15915	0.6908472	0.608689	0.391311	2.140511
20886	-3422.378	-3589.867	167.489	1.715483	2.263333	0.4615896	0.630961	0.369039	1.578644
20892	-3411.886	-3578.739	166.8533	1.560472	3.061448	0.463399	0.595727	0.404273	1.869387
20898	-3408.274	-3575.026	166.7521	1.396887	2.427526	0.463399	0.585137	0.414863	2.236547
20904	-3411.649	-3577.926	166.2775	1.282511	2.427526	0.5942171	0.705259	0.294741	2.47803
20910	-3410.089	-3576.352	166.2624	1.468353	2.427526	0.5996761	0.705259	0.294741	2.3654
20916	-3412.546	-3579.395	166.8487	1.550398	2.427526	0.3864524	0.750935	0.249065	2.166938
20922	-3410.724	-3577.054	166.3308	1.490944	3.813601	0.3864524	0.734924	0.265076	2.166938
20928	-3420.466	-3586.799	166.3327	1.490944	3.769612	0.3933645	0.698578	0.301422	2.166938
20934	-3414.218	-3580.033	165.8147	1.394094	3.185154	0.4236999	0.697397	0.302603	2.658136
20940	-3417.219	-3583.321	166.1019	1.375829	2.811357	0.4236999	0.5557	0.4443	2.59023
20946	-3433.698	-3599.028	165.3291	1.119404	2.811357	0.402742	0.618118	0.381882	3.235891
20952	-3417.142	-3583.197	166.0547	1.507218	3.750135	0.4783964	0.518704	0.481296	2.24057
20958	-3426.039	-3591.029	164.99	1.317845	3.750135	0.2989851	0.704348	0.295652	3.228078
20964	-3416.303	-3581.638	165.3355	1.22419	2.961427	0.2989851	0.601596	0.398404	3.260748
20970	-3424.608	-3589.558	164.9504	1.325753	3.69381	0.4933574	0.601596	0.398404	3.032141
20976	-3418.194	-3583.317	165.1227	1.303759	3.236809	0.310296	0.565745	0.434255	3.25671
20982	-3411.733	-3576.801	165.0683	1.251434	3.667533	0.4408882	0.664573	0.335427	3.06613
20988	-3413.741	-3579.609	165.8685	1.375879	3.805945	0.3229968	0.669666	0.330334	2.617843
20994	-3411.079	-3576.692	165.6132	1.362818	3.805945	0.4816256	0.692134	0.307866	2.594215
21000	-3415.923	-3581.377	165.454	1.369893	3.373978	0.4816256	0.670665	0.329335	2.78523
21006	-3404.969	-3570.476	165.5075	1.369523	3.373978	0.4816256	0.54688	0.45312	2.752839
21012	-3426.026	-3591.48	165.4544	1.387958	3.373978	0.4416276	0.595024	0.404976	2.81654
21018	-3407.711	-3574.093	166.3822	1.416715	3.225243	0.3360083	0.655954	0.344046	2.389392
21024	-3415.286	-3582.103	166.8169	1.673386	3.716336	0.426324	0.625679	0.374321	1.686492
21030	-3414.926	-3582.109	167.1823	1.610731	3.101951	0.3784035	0.616204	0.383796	1.704384
21036	-3409.471	-3576.549	167.0779	1.610731	3.263791	0.3784035	0.647472	0.352528	1.731774
21042	-3410.236	-3577.193	166.957	1.637747	3.263791	0.4886022	0.692889	0.307111	1.655344
21048	-3405.864	-3572.487	166.6228	1.621635	3.263791	0.4799262	0.692889	0.307111	1.909173
21054	-3420.772	-3587.303	166.5308	1.514252	3.903906	0.4586559	0.714396	0.285604	1.909173
21060	-3402.715	-3569.651	166.9363	1.577748	3.380567	0.426776	0.744121	0.255879	1.757005
21066	-3406.36	-3573.535	167.1754	1.761366	2.894757	0.4815259	0.644378	0.355622	1.526657
21072	-3412.202	-3579.556	167.3539	1.748352	3.018972	0.3036096	0.672116	0.327884	1.622989
21078	-3410.143	-3577.038	166.8954	1.684272	2.866154	0.3798085	0.703467	0.296533	1.919431
21084	-3416.138	-3582.827	166.6893	1.6974	3.283719	0.4384124	0.685501	0.314499	1.856534
21090	-3413.506	-3580.054	166.548	1.528179	3.283719	0.4384124	0.595553	0.404447	2.064998
21096	-3414.521	-3580.996	166.4759	1.573984	2.826185	0.5719839	0.595553	0.404447	2.0638
21102	-3421.735	-3588.347	166.6119	1.692821	3.237483	0.3906526	0.561567	0.438433	1.985105
21108	-3419.499	-3585.588	166.0883	1.52451	2.734062	0.6016312	0.571256	0.428744	2.345115
21114	-3442.157	-3608.3	166.1429	1.55996	2.734062	0.6016312	0.668208	0.331792	2.287705
21120	-3421.278	-3586.244	164.9661	1.286049	3.012656	0.6068317	0.673289	0.326711	3.099871
21126	-3412.54	-3577.672	165.132	1.26221	3.012656	0.5139061	0.63521	0.36479	3.099871
21132	-3423.145	-3587.994	164.8488	1.202065	3.012656	0.5139061	0.609898	0.390102	3.303298
21138	-3415.944	-3582.024	166.08	1.372542	3.012656	0.45355	0.568032	0.431968	2.517802
21144	-3414.178	-3579.888	165.71	1.340267	3.012656	0.45355	0.529458	0.470542	2.765946
21150	-3406.848	-3573.637	166.7895	1.499733	2.879136	0.3469852	0.715369	0.284631	2.15294
21156	-3410.23	-3576.863	166.6328	1.74931	2.879136	0.5867894	0.642582	0.357418	1.80903
21162	-3401.303	-3568.419	167.116	1.641641	2.951571	0.4334295	0.642582	0.357418	1.700014
21168	-3411.414	-3578.642	167.2283	1.665579	3.425446	0.3620051	0.479111	0.520889	1.563131
21174	-3407.714	-3573.83	166.1163	1.515117	4.269026	0.3620051	0.618189	0.381811	2.223557
21180	-3409.816	-3575.807	165.9906	1.407203	4.269026	0.3511226	0.620919	0.379081	2.387225
21186	-3405.298	-3571.039	165.7413	1.396895	3.764042	0.3511226	0.650778	0.349222	2.654943
21192	-3417.418	-3583.753	166.3351	1.363254	3.275994	0.3511226	0.656873	0.343127	2.41974
21198	-3410.57	-3576.894	166.3243	1.449703	3.532165	0.5293817	0.581631	0.418369	2.099706
21204	-3408.633	-3574.726	166.0938	1.279427	3.155376	0.3516874	0.569736	0.430264	2.651732
21210	-3418.422	-3583.878	165.4563	1.2419	3.155376	0.4494582	0.526268	0.473732	2.94778
21216	-3409.224	-3574.365	165.1409	1.289728	2.399305	0.4380521	0.534514	0.465486	3.323421
21222	-3407.522	-3573.269	165.7473	1.293651	3.11707	0.4108588	0.694718	0.305282	2.792657
21228	-3419.396	-3584.919	165.5229	1.397937	3.400763	0.4108588	0.606544	0.393456	2.797091
21234	-3423.126	-3588.657	165.5315	1.389314	3.400763	0.4108588	0.660068	0.339932	2.797091
21240	-3418.967	-3583.689	164.7219	1.402448	3.106756	0.4334294	0.561017	0.438983	3.318348
21246	-3410.459	-3575.891	165.4319	1.393714	3.106756	0.5301047	0.548064	0.451936	2.80076
21252	-3418.897	-3583.444	164.5461	1.428899	3.485395	0.5301047	0.717963	0.282037	3.221388
21258	-3418.407	-3583.922	165.515	1.293934	3.485395	0.5301047	0.576381	0.423619	2.719792
21264	-3411.674	-3577.107	165.433	1.577737	3.485395	0.7993875	0.571136	0.428864	2.365868
21270	-3418.334	-3584.401	166.0672	1.435407	2.2152	0.7490676	0.583771	0.416229	2.452939
21276	-3414.997	-3580.891	165.8943	1.510918	2.539849	0.7490676	0.633239	0.366761	2.409568
21282	-3404.879	-3571.233	166.3539	1.529896	2.539849	0.5731933	0.68361	0.31639	2.25727
21288	-3416.048	-3583.057	167.0086	1.730717	2.961616	0.5729778	0.636542	0.363458	1.54342
21294	-3417.408	-3584.004	166.5958	1.592165	2.961616	0.5729778	0.652818	0.347182	1.931184
21300	-3404.021	-3570.758	166.7368	1.603942	2.961616	0.4804094	0.652818	0.347182	1.927776
21306	-3413.154	-3579.753	166.5997	1.684163	3.015361	0.3987483	0.459899	0.540101	2.049248
21312	-3411.126	-3578.391	167.2659	1.653086	3.015361	0.3987483	0.587549	0.412451	1.611515
21318	-3412.141	-3579.522	167.3814	1.736438	3.015361	0.3987483	0.635174	0.364826	1.464187
21324	-3407.064	-3574.532	167.4683	1.774623	3.015361	0.4319341	0.659874	0.340126	1.317788
21330	-3418.458	-3585.836	167.3776	1.774623	2.783796	0.3364312	0.648012	0.351988	1.608041
21336	-3417.775	-3584.995	167.2194	1.738294	2.621968	0.466198	0.690836	0.309164	1.621503
21342	-3414.043	-3580.163	166.1207	1.379598	3.46353	0.4930946	0.611126	0.388874	2.331288
21348	-3411.631	-3577.944	166.3128	1.538653	2.706691	0.4720687	0.614215	0.385785	2.331288
21354	-3423.78	-3590.352	166.5711	1.541813	2.487729	0.4177461	0.60106	0.39894	2.293315
21360	-3414.679	-3580.268	165.5885	1.487286	2.716787	0.5720176	0.587093	0.412907	2.712186
21366	-3408.22	-3574.319	166.0995	1.435383	2.764654	0.4148333	0.629479	0.370521	2.578129
21372	-3410.278	-3576.352	166.0737	1.477965	2.764654	0.4148333	0.637442	0.362558	2.567698
21378	-3422.554	-3588.982	166.4277	1.452876	2.586084	0.4738492	0.603863	0.396137	2.346913
21384	-3416.122	-3581.031	164.909	1.298259	2.586084	0.5118337	0.603863	0.396137	3.326166
21390	-3424.858	-3592.077	167.2195	1.63311	2.820151	0.4259963	0.752763	0.247237	1.683157
21396	-3424.72	-3592.1	167.3803	1.668158	3.079817	0.415266	0.618556	0.381444	1.472373
21402	-3427.827	-3594.167	166.34	1.567216	2.796465	0.4903718	0.582966	0.417034	2.249612
21408	-3417.7	-3581.063	163.3627	1.210454	2.954999	0.3648634	0.607637	0.392363	4.324603
21414	-3422.18	-3587.221	165.0407	1.324652	2.954999	0.3769832	0.622158	0.377842	3.2776
21420	-3421.381	-3584.995	163.6141	1.169589	2.954999	0.3769832	0.622158	0.377842	4.191391
21426	-3418.564	-3583.215	164.651	1.260991	2.954999	0.3769832	0.580985	0.419015	3.543263
21432	-3418.758	-3583.951	165.1926	1.260991	2.332108	0.3646759	0.613855	0.386145	3.413143
21438	-3411.157	-3576.048	164.8905	1.260991	2.743218	0.3646759	0.631641	0.368359	3.472849
21444	-3412.327	-3578.351	166.0237	1.399971	2.846765	0.5136108	0.598641	0.401359	2.517175
21450	-3411.58	-3577.244	165.6642	1.503494	2.846765	0.6565499	0.632283	0.367717	2.544507
21456	-3422.534	-3588.189	165.6549	1.560556	2.335368	0.8131662	0.615619	0.384381	2.544507
21462	-3413.41	-3578.915	165.5054	1.315693	3.247093	0.4053063	0.615619	0.384381	2.900466
21468	-3412.261	-3576.804	164.5432	1.261048	2.777045	0.4053063	0.624042	0.375958	3.619224
21474	-3414.821	-3578.997	164.1764	1.26285	3.487194	0.4446014	0.644629	0.355371	3.619224
21480	-3409.736	-3573.864	164.1273	1.15359	2.359654	0.4723597	0.540556	0.459444	3.966608
21486	-3416.338	-3581.7	165.3624	1.417784	2.499084	0.5039929	0.601733	0.398267	3.018715
21492	-3413.81	-3578.958	165.1483	1.338496	2.340087	0.4358945	0.601733	0.398267	3.310502
21498	-3410.027	-3575.347	165.3203	1.27269	3.084072	0.3854665	0.559302	0.440698	3.10027
21504	-3417.69	-3581.147	163.4572	1.233941	3.084072	0.3854665	0.520152	0.479848	4.20335
21510	-3407.51	-3571.223	163.7125	1.182568	2.982387	0.3854665	0.560683	0.439317	4.111813
21516	-3414.544	-3578.831	164.2871	1.23829	2.603504	0.3854665	0.551128	0.448872	3.848981
21522	-3414.566	-3579.826	165.26	1.287911	3.032726	0.3623327	0.630062	0.369938	3.167612
21528	-3424.987	-3589.898	164.9107	1.294848	3.088236	0.4957786	0.599614	0.400386	3.210797
21534	-3417.44	-3582.947	165.5067	1.345275	2.98918	0.4305248	0.716325	0.283675	2.91748
21540	-3428.525	-3592.883	164.3584	1.099406	3.441461	0.4184958	0.578105	0.421895	3.646197
21546	-3420.132	-3584.968	164.8362	1.264321	3.329978	0.3590327	0.56148	0.43852	3.364606
21552	-3407.565	-3573.283	165.7179	1.383147	2.094818	0.4496984	0.641266	0.358734	3.009688
21558	-3408.986	-3574.493	165.5074	1.265726	2.248368	0.4496984	0.662827	0.337173	3.155018
21564	-3427.361	-3592.843	165.4825	1.23573	2.92601	0.4393154	0.697896	0.302104	3.004665
21570	-3409.545	-3574.672	165.1274	1.134386	2.448118	0.414588	0.58849	0.41151	3.433497
21576	-3423.761	-3588.459	164.6982	1.179483	2.448118	0.414588	0.603157	0.396843	3.657049
21582	-3425.402	-3589.083	163.6803	1.062987	3.320005	0.3564607	0.652834	0.347166	4.153111
21588	-3423.281	-3586.536	163.2551	1.096044	2.780452	0.3413686	0.542244	0.457756	4.520881
21594	-3418.795	-3583.558	164.7631	1.154541	3.056826	0.3413686	0.634543	0.365457	3.557765
21600	-3416.011	-3580.574	164.5623	1.138558	3.056826	0.4529248	0.636989	0.363011	3.557765
21606	-3414.071	-3579.187	165.116	1.207298	3.056826	0.4189603	0.665039	0.334961	3.22893
21612	-3427.277	-3593.099	165.8216	1.335154	3.091927	0.4517873	0.599835	0.400165	2.682324
21618	-3428.517	-3593.861	165.3445	1.292953	3.091927	0.6063251	0.662162	0.337838	2.848786
21624	-3420.937	-3586.382	165.4444	1.255008	3.091927	0.4623723	0.720906	0.279094	2.949071
21630	-3416.993	-3582.32	165.3266	1.267928	3.713896	0.3897091	0.693718	0.306282	2.949071
21636	-3408.335	-3574.161	165.8262	1.323224	3.111313	0.3897091	0.739133	0.260867	2.752786
21642	-3413.825	-3579.67	165.8445	1.423338	3.111313	0.3868107	0.744461	0.255539	2.683742
21648	-3409.417	-3575.534	166.1174	1.360461	3.293116	0.3868107	0.661066	0.338934	2.508277
21654	-3421.581	-3587.002	165.4213	1.310716	3.293116	0.3868107	0.709916	0.290084	2.964763
21660	-3415.305	-3580.815	165.51	1.318569	2.917775	0.4242173	0.687004	0.312996	2.957067
21666	-3428.727	-3594.188	165.4607	1.367893	2.917775	0.4242173	0.707527	0.292473	2.957067
21672	-3421.83	-3587.352	165.5217	1.369362	2.776789	0.4242173	0.658896	0.341104	2.957067
21678	-3427.876	-3592.096	164.2197	1.201594	2.963503	0.4242173	0.662648	0.337352	3.772627
21684	-3425.085	-3587.39	162.3055	1.125888	2.8823	0.4539874	0.732017	0.267983	4.887776
21690	-3430.196	-3596.949	166.7526	1.634203	3.079135	0.3607805	0.671608	0.328392	2.013496
21696	-3412.934	-3579.186	166.2514	1.471308	3.205551	0.3335277	0.594283	0.405717	2.445791
21702	-3415.689	-3582.371	166.6818	1.506383	3.205551	0.3335277	0.594283	0.405717	2.148169
21708	-3417.494	-3584.404	166.9097	1.463792	2.479796	0.3734997	0.734585	0.265415	2.18342
21714	-3419.904	-3585.661	165.7566	1.369202	2.493705	0.4898004	0.68446	0.31554	2.826069
21720	-3407.314	-3573.814	166.4999	1.512497	3.327412	0.2895954	0.59076	0.40924	2.294916
21726	-3402.748	-3569.364	166.6155	1.504595	2.516214	0.5491019	0.640395	0.359605	2.135536
21732	-3404.397	-3571.085	166.6883	1.496405	2.652772	0.4695736	0.600044	0.399956	2.135536
21738	-3413.967	-3580.85	166.8828	1.51504	2.652772	0.3226287	0.678796	0.321204	2.183425
21744	-3407.305	-3573.531	166.2263	1.49735	3.285643	0.3801604	0.642117	0.357883	2.36374
21750	-3410.11	-3576.364	166.254	1.473316	3.331453	0.4235906	0.641493	0.358507	2.296811
21756	-3414.714	-3580.88	166.1661	1.394704	3.513794	0.4235906	0.671462	0.328538	2.358504
21762	-3411.697	-3577.861	166.164	1.409482	3.631027	0.4235906	0.651936	0.348064	2.322936
21768	-3419.201	-3585.423	166.2223	1.408376	3.483625	0.2689001	0.66097	0.33903	2.529796
21774	-3398.153	-3563.843	165.6902	1.393897	4.003703	0.2689001	0.683787	0.316213	2.752801
21780	-3408.532	-3572.875	164.3431	1.280459	4.003703	0.2689001	0.631227	0.368773	3.619997
21786	-3413.579	-3577.3	163.7211	1.105323	3.183817	0.4332101	0.689026	0.310974	4.051535
21792	-3414.054	-3579.718	165.6638	1.255105	3.183817	0.4111996	0.611486	0.388514	2.849864
21798	-3415.792	-3582.148	166.3561	1.539393	2.635813	0.4143617	0.524999	0.475001	2.390169
21804	-3416.493	-3582.433	165.9399	1.415675	3.176199	0.4728615	0.686315	0.313685	2.515035
21810	-3417.663	-3583.845	166.1819	1.373114	3.242412	0.3289979	0.5824	0.4176	2.547587
21816	-3419.248	-3585.13	165.8813	1.441475	3.242412	0.4641587	0.5824	0.4176	2.528212
21822	-3420.376	-3586.459	166.083	1.338904	3.242412	0.3927285	0.620734	0.379266	2.548426
21828	-3432.482	-3597.952	165.4699	1.412318	3.685645	0.5297157	0.620734	0.379266	2.629817
21834	-3422.448	-3588.193	165.7442	1.412351	3.331668	0.5297157	0.620734	0.379266	2.541977
21840	-3410.505	-3575.942	165.4364	1.34456	3.380294	0.3211153	0.55979	0.44021	2.997632
21846	-3403.161	-3569.13	165.9688	1.417853	2.605432	0.3211153	0.678397	0.321603	2.831941
21852	-3415.699	-3581.307	165.6086	1.318832	3.638914	0.320441	0.678397	0.321603	2.851794
21858	-3421.572	-3586.203	164.6306	1.237017	3.581532	0.4561491	0.678397	0.321603	3.33653
21864	-3415.881	-3581.528	165.6469	1.184552	3.280737	0.3918132	0.68279	0.31721	2.901855
21870	-3410.408	-3575.438	165.0296	1.18477	3.590391	0.3326291	0.708327	0.291673	3.272519
21876	-3411.476	-3575.619	164.1426	1.221211	3.394093	0.3488112	0.622236	0.377764	3.790861
21882	-3409.236	-3573.051	163.8149	1.153901	2.870379	0.4740451	0.640841	0.359159	4.004566
21888	-3414.503	-3579.696	165.1922	1.392179	3.657656	0.3632852	0.73466	0.26534	2.99925
21894	-3414.135	-3579.719	165.5832	1.289819	2.977316	0.4420336	0.669248	0.330752	2.895213
21900	-3412.671	-3577.793	165.1221	1.21867	2.977316	0.4535173	0.669248	0.330752	3.201301
21906	-3419.551	-3585.23	165.6788	1.331126	3.318082	0.4195388	0.632178	0.367822	2.752361
21912	-3416.916	-3582.269	165.3524	1.416214	3.318082	0.4195388	0.632178	0.367822	2.898992
21918	-3417.265	-3582.578	165.3137	1.380399	2.775689	0.4150103	0.591664	0.408336	3.08567
21924	-3401.783	-3567.123	165.3399	1.329748	3.236829	0.4150103	0.561089	0.438911	2.98304
21930	-3408.296	-3573.872	165.5766	1.378398	3.08833	0.4150103	0.634436	0.365564	2.84738
21936	-3411.976	-3578.63	166.6542	1.576671	3.460594	0.3520597	0.643348	0.356652	2.02862
21942	-3422.045	-3589.166	167.1212	1.737701	3.044166	0.3870494	0.732236	0.267764	1.662465
21948	-3412.214	-3579.222	167.008	1.752714	3.292682	0.3802368	0.60448	0.39552	1.670041
21954	-3414.433	-3581.282	166.8494	1.731062	3.118274	0.4330151	0.54571	0.45429	1.775639
21960	-3407.239	-3574.371	167.1319	1.67432	3.118274	0.3004368	0.641513	0.358487	1.807921
21966	-3418.766	-3585.666	166.8995	1.654743	3.118274	0.4219953	0.561979	0.438021	1.807921
21972	-3415.365	-3582.139	166.7747	1.619991	3.795404	0.4219953	0.700912	0.299088	1.739928
21978	-3416.084	-3582.503	166.4194	1.502953	2.90836	0.5478853	0.576083	0.423917	2.147772
21984	-3413.926	-3578.811	164.8849	1.31299	2.90836	0.47628	0.648248	0.351752	3.279985
21990	-3417.234	-3581.869	164.6346	1.377588	2.90836	0.47628	0.588685	0.411315	3.389242
21996	-3408.904	-3573.94	165.0354	1.357887	2.90836	0.47628	0.643809	0.356191	3.164344
22002	-3427.342	-3591.669	164.3268	1.193365	2.914357	0.2950934	0.700178	0.299822	3.8825
22008	-3423.712	-3587.836	164.1248	1.177351	3.252419	0.3334664	0.742735	0.257265	3.877143
22014	-3416.437	-3580.67	164.2326	1.082671	2.706833	0.4453418	0.728292	0.271708	3.877143
22020	-3416.226	-3580.345	164.1191	1.140605	2.706833	0.4771568	0.586679	0.413321	3.877143
22026	-3417.509	-3581.178	163.6689	1.154294	2.851593	0.4794351	0.744148	0.255852	4.087106
22032	-3413.201	-3577.646	164.4452	1.275636	3.113635	0.4794351	0.567544	0.432456	3.505582
22038	-3408.252	-3572.178	163.9261	1.206642	3.113635	0.4794351	0.597476	0.402524	3.845978
22044	-3407.423	-3572.285	164.8629	1.235165	3.176277	0.4287842	0.654536	0.345464	3.322042
22050	-3417.204	-3583.018	165.8138	1.292463	2.656088	0.4287842	0.631231	0.368769	2.855583
22056	-3409.394	-3575.258	165.8633	1.348081	2.656088	0.4287842	0.594687	0.405313	2.791711
22062	-3418.985	-3584.532	165.5477	1.265944	2.529029	0.4815269	0.731487	0.268513	3.012395
22068	-3425.71	-3591.25	165.5403	1.263676	3.249706	0.4350954	0.576887	0.423113	2.876588
22074	-3420.423	-3585.995	165.5718	1.232186	3.249706	0.4350954	0.584334	0.415666	2.876588
22080	-3415.245	-3579.859	164.6145	1.202036	3.249706	0.4350954	0.655679	0.344321	3.463074
22086	-3426.007	-3591.425	165.4186	1.285469	2.78091	0.4350954	0.655679	0.344321	3.056165
22092	-3438.444	-3604.177	165.7332	1.476566	3.069462	0.3313982	0.686556	0.313444	2.80015
22098	-3424.136	-3590.349	166.2128	1.386449	3.069462	0.4121889	0.663511	0.336489	2.458356
22104	-3414.894	-3581.796	166.9025	1.438906	2.659143	0.4121889	0.663511	0.336489	2.098784
22110	-3413.839	-3580.076	166.2373	1.420989	2.841786	0.4121889	0.581987	0.418013	2.482747
22116	-3426.752	-3591.586	164.8344	1.327492	2.800081	0.492414	0.607076	0.392924	3.313369
22122	-3434.862	-3600.827	165.9648	1.416402	2.205465	0.5276434	0.659158	0.340842	2.723452
22128	-3428.047	-3594.02	165.973	1.429743	2.153637	0.3416978	0.59787	0.40213	2.935031
22134	-3433.656	-3600.242	166.5865	1.445318	2.80805	0.3151985	0.758557	0.241443	2.382911
22140	-3415.326	-3581.483	166.1563	1.450643	2.76684	0.3151985	0.679465	0.320535	2.659558
22146	-3422.346	-3588.85	166.5037	1.585377	3.193073	0.3961495	0.693621	0.306379	2.132277
22152	-3428.698	-3594.998	166.2993	1.520848	2.36013	0.3965452	0.694433	0.305567	2.54391
22158	-3415.645	-3581.276	165.6311	1.380187	3.377668	0.3782448	0.675979	0.324021	2.786099
22164	-3414.567	-3580.709	166.1418	1.327017	3.377668	0.2737342	0.615055	0.384945	2.647669
22170	-3425.027	-3589.629	164.602	1.271475	3.939966	0.3549348	0.551661	0.448339	3.372373
22176	-3423.65	-3588.818	165.168	1.220923	4.66292	0.4026979	0.66856	0.33144	2.871651
22182	-3427.156	-3591.562	164.4061	1.383895	3.334022	0.5755598	0.652749	0.347251	3.323489
22188	-3431.805	-3597.701	165.8955	1.37314	2.329694	0.3635589	0.562977	0.437023	2.931335
22194	-3424.729	-3589.459	164.7298	1.297471	2.725998	0.4609836	0.576043	0.423957	3.443642
22200	-3416.228	-3581.701	165.4729	1.432793	2.679858	0.4219092	0.552779	0.447221	2.977607
22206	-3413.84	-3579.017	165.1775	1.459107	3.841315	0.4163517	0.618232	0.381768	2.8657
22212	-3408.061	-3573.825	165.7643	1.45434	3.841315	0.4163517	0.646387	0.353613	2.50802
22218	-3406.464	-3573.016	166.5529	1.525838	3.670183	0.3801488	0.67041	0.32959	2.040005
22224	-3413.134	-3579.346	166.2118	1.539013	3.088254	0.5206682	0.609783	0.390217	2.237211
22230	-3405.705	-3571.834	166.1286	1.465742	3.088254	0.5206682	0.64216	0.35784	2.337341
22236	-3412.11	-3578.271	166.1611	1.54689	3.382735	0.5249271	0.673312	0.326688	2.184339
22242	-3433.889	-3600.543	166.6534	1.515564	2.967498	0.5025689	0.712744	0.287256	2.016329
22248	-3417.277	-3583.79	166.5129	1.656065	2.967498	0.5025689	0.628754	0.371246	2.016329
22254	-3418.613	-3584.855	166.2416	1.417974	2.700228	0.5025689	0.586664	0.413336	2.422179
22260	-3429.825	-3595.089	165.2637	1.309149	3.330158	0.4341194	0.586664	0.413336	2.997821
22266	-3436.039	-3601.59	165.5513	1.224846	3.330158	0.3479862	0.676673	0.323327	2.977132
22272	-3428.47	-3593.988	165.5186	1.326848	3.330158	0.5701979	0.731876	0.268124	2.695896
22278	-3414.019	-3579.633	165.6142	1.298948	2.848656	0.4402526	0.577967	0.422033	2.906715
22284	-3416.172	-3581.686	165.5143	1.330548	2.771696	0.3927819	0.577874	0.422126	3.022091
22290	-3418.986	-3585.136	166.1498	1.39337	2.499387	0.4436803	0.577874	0.422126	2.617696
22296	-3411.075	-3577.271	166.1963	1.329909	2.499387	0.453178	0.577874	0.422126	2.617696
22302	-3412.517	-3578.557	166.0396	1.340941	3.410217	0.453178	0.630035	0.369965	2.463124
22308	-3412.142	-3578.277	166.1348	1.448925	2.859554	0.6420996	0.590718	0.409282	2.291128
22314	-3418.443	-3584.56	166.1163	1.51249	2.984461	0.5633736	0.591866	0.408134	2.300625
22320	-3419.295	-3584.193	164.8974	1.407205	2.519546	0.3739021	0.658833	0.341167	3.434144
22326	-3416.2	-3582.28	166.0801	1.413841	2.519546	0.4597876	0.66673	0.33327	2.624354
22332	-3414.265	-3580.002	165.7368	1.342953	3.532464	0.325191	0.640376	0.359624	2.776558
22338	-3419.688	-3585.746	166.0579	1.355398	3.274813	0.4277272	0.69303	0.30697	2.504384
22344	-3409.136	-3575.724	166.5878	1.471199	3.274813	0.4207295	0.650645	0.349355	2.09995
22350	-3414.018	-3580.655	166.6371	1.505612	2.472569	0.5842503	0.623708	0.376292	2.09995
22356	-3424.199	-3589.981	165.7818	1.510273	3.141215	0.5842503	0.620696	0.379304	2.452535
22362	-3419.998	-3585.971	165.9734	1.386552	2.814716	0.4365145	0.588619	0.411381	2.647561
22368	-3422.271	-3587.751	165.4799	1.342198	3.409746	0.4114142	0.616688	0.383312	2.854367
22374	-3417.443	-3583.11	165.6668	1.355181	2.903404	0.4396423	0.69408	0.30592	2.826887
22380	-3419.481	-3584.45	164.9688	1.283469	3.344663	0.4396423	0.720812	0.279188	3.179727
22386	-3421.388	-3587.098	165.7094	1.292404	3.220401	0.4396423	0.60921	0.39079	2.758457
22392	-3411.274	-3575.96	164.6866	1.273101	2.756109	0.4396423	0.604621	0.395379	3.497256
22398	-3420.09	-3583.874	163.7842	1.113135	2.756109	0.4687025	0.627866	0.372134	4.079773
22404	-3405.267	-3570.915	165.6479	1.401797	2.791051	0.4687025	0.639196	0.360804	2.809081
22410	-3404.955	-3570.974	166.0189	1.489432	2.639598	0.4687025	0.632966	0.367034	2.570167
22416	-3416.436	-3582.163	165.7272	1.372794	3.337063	0.3886278	0.579555	0.420445	2.72896
22422	-3419.073	-3584.472	165.3988	1.341381	2.656097	0.4445023	0.592896	0.407104	3.058722
22428	-3416.043	-3582.373	166.3304	1.41875	2.518583	0.4178839	0.599189	0.400811	2.513276
22434	-3422.775	-3588.304	165.5291	1.418376	3.037585	0.5739865	0.599189	0.400811	2.702552
22440	-3413.437	-3577.948	164.5116	1.240442	3.579219	0.5894126	0.599189	0.400811	3.278952
22446	-3417.424	-3583.522	166.098	1.446329	3.76413	0.3576334	0.637292	0.362708	2.393144
22452	-3421.654	-3587.141	165.487	1.336361	3.18756	0.2956717	0.645488	0.354512	3.052718
22458	-3417.685	-3583.229	165.5437	1.308172	3.540468	0.3208961	0.592028	0.407972	2.918743
22464	-3431.136	-3597.153	166.0169	1.351184	3.832542	0.3906956	0.642832	0.357168	2.447083
22470	-3422.755	-3587.153	164.398	1.206973	3.549756	0.3835169	0.592415	0.407585	3.576231
22476	-3421.892	-3586.141	164.2485	1.33786	3.444026	0.4137091	0.681664	0.318336	3.576231
22482	-3418.835	-3583.375	164.5403	1.312143	3.444026	0.4137091	0.713076	0.286924	3.42101
22488	-3419.944	-3584.929	164.9851	1.372171	3.444026	0.4137091	0.586999	0.413001	3.123032
22494	-3420.094	-3585.807	165.7131	1.46223	3.929241	0.4137091	0.640044	0.359956	2.519213
22500	-3420.887	-3586.485	165.5979	1.502189	2.597779	0.5338982	0.587555	0.412445	2.767329
22506	-3415.27	-3581.065	165.7946	1.492624	3.974874	0.4810704	0.669521	0.330479	2.363396
22512	-3410.094	-3575.936	165.8424	1.347579	3.448486	0.4505891	0.658141	0.341859	2.57575
22518	-3410.328	-3575.224	164.8957	1.217246	3.448486	0.462886	0.583169	0.416831	3.214174
22524	-3416.074	-3581.486	165.4114	1.263614	3.448486	0.3385969	0.599767	0.400233	3.022501
22530	-3420.666	-3586.439	165.773	1.464543	3.757771	0.3370893	0.700199	0.299801	2.613482
22536	-3413.248	-3579.915	166.6671	1.58654	3.757771	0.3067452	0.59431	0.40569	2.007298
22542	-3408.466	-3575.306	166.8398	1.64486	3.308422	0.3067452	0.662056	0.337944	1.964813
22548	-3413.89	-3580.656	166.7662	1.58586	3.308422	0.3710891	0.625091	0.374909	1.960698
22554	-3409.915	-3576.829	166.9142	1.561633	2.622455	0.4226968	0.625091	0.374909	2.008376
22560	-3422.801	-3588.644	165.8433	1.47694	3.987839	0.4509334	0.509374	0.490626	2.372847
22566	-3425.398	-3590.899	165.501	1.261729	3.413821	0.3611089	0.511595	0.488405	2.949273
22572	-3418.477	-3585.067	166.5895	1.49762	3.413821	0.390912	0.516695	0.483305	2.083314
22578	-3432.122	-3598.344	166.222	1.521376	4.413141	0.390912	0.491227	0.508773	2.083314
22584	-3421.701	-3587.795	166.0935	1.483242	3.340554	0.4240421	0.676737	0.323263	2.389727
22590	-3429.207	-3595.381	166.1736	1.3773	3.5224	0.3864604	0.654853	0.345147	2.407616
22596	-3418.981	-3584.632	165.6509	1.354139	3.930009	0.4131673	0.669291	0.330709	2.625356
22602	-3412.159	-3578.842	166.6828	1.549097	2.298275	0.4022615	0.620917	0.379083	2.29772
22608	-3417.973	-3584.389	166.4164	1.549097	2.627701	0.457997	0.669007	0.330993	2.29772
22614	-3407.722	-3574.501	166.7794	1.536907	2.333265	0.457997	0.649054	0.350946	2.165588
22620	-3413.479	-3579.75	166.2701	1.501786	3.367989	0.3493923	0.611555	0.388445	2.352767
22626	-3426.086	-3590.252	164.1659	1.385051	2.995333	0.5655923	0.544185	0.455815	3.552855
22632	-3405.413	-3570.58	165.1671	1.251631	2.995333	0.385513	0.619632	0.380368	3.225824
22638	-3409.384	-3573.932	164.5479	1.378144	3.270835	0.400215	0.543829	0.456171	3.432347
22644	-3409.206	-3575.088	165.8819	1.544874	2.605631	0.4683306	0.563116	0.436884	2.631028
22650	-3411.208	-3578.088	166.88	1.645205	2.375258	0.5275027	0.592231	0.407769	1.936219
22656	-3418.509	-3584.933	166.4245	1.357482	3.306355	0.3375737	0.711743	0.288257	2.377585
22662	-3416.745	-3583.423	166.6782	1.501659	2.23091	0.4939811	0.58271	0.41729	2.248944
22668	-3428.753	-3595.656	166.9027	1.739985	3.093023	0.4850992	0.621929	0.378071	1.674786
22674	-3417.313	-3583.726	166.413	1.599811	3.165028	0.5705298	0.627821	0.372179	1.994142
22680	-3422.68	-3589.437	166.7568	1.713314	3.665539	0.5705298	0.653623	0.346377	1.540547
22686	-3433.233	-3600.458	167.2256	1.552215	2.208847	0.4658455	0.657794	0.342206	1.89395
22692	-3420.657	-3586.202	165.5451	1.432932	3.379117	0.4658455	0.545874	0.454126	2.706374
22698	-3415.811	-3582.326	166.5152	1.432932	2.883371	0.4658455	0.669816	0.330184	2.225346
22704	-3414.297	-3579.058	164.7604	1.283682	2.823173	0.4658455	0.729294	0.270706	3.40309
22710	-3415.713	-3579.858	164.1455	1.278208	2.823173	0.3702238	0.623316	0.376684	3.866803
22716	-3406.25	-3571.347	165.0967	1.215806	3.102454	0.3985789	0.606595	0.393405	3.247024
22722	-3415.619	-3580.777	165.1574	1.26716	3.102454	0.3985789	0.580787	0.419213	3.180644
22728	-3415.015	-3580.583	165.5689	1.302297	4.357197	0.429937	0.729475	0.270525	2.602409
22734	-3415.133	-3581.059	165.9266	1.304745	4.357197	0.3746909	0.729475	0.270525	2.444019
22740	-3413.088	-3579.155	166.0674	1.38078	2.871837	0.3213762	0.729475	0.270525	2.719721
22746	-3425.028	-3591.003	165.9742	1.412643	3.833297	0.3213762	0.683699	0.316301	2.525708
22752	-3420.145	-3585.767	165.6217	1.343467	3.238313	0.5648621	0.5781	0.4219	2.64953
22758	-3432.275	-3598.886	166.6109	1.749687	3.945106	0.3673412	0.508407	0.491593	1.801687
22764	-3428.276	-3595.52	167.2442	1.68281	2.63389	0.3673412	0.657535	0.342465	1.771051
22770	-3422.606	-3589.585	166.9782	1.696899	2.838813	0.450456	0.60601	0.39399	1.771051
22776	-3422.686	-3589.703	167.0167	1.530295	3.50799	0.4315793	0.653398	0.346602	1.693485
22782	-3418.81	-3584.35	165.5407	1.343668	2.836549	0.3104044	0.70984	0.29016	3.084764
22788	-3428.403	-3594.574	166.171	1.369477	2.55466	0.5077209	0.661169	0.338831	2.5346
22794	-3418.499	-3584.119	165.6197	1.424257	3.011171	0.5077209	0.536694	0.463306	2.71382
22800	-3438.082	-3604.122	166.0399	1.410747	2.179848	0.5031135	0.628166	0.371834	2.71382
22806	-3428.012	-3594.61	166.5976	1.442873	2.179848	0.3990004	0.599073	0.400927	2.463106
22812	-3422.007	-3587.303	165.296	1.33799	2.896568	0.426381	0.632474	0.367526	3.07684
22818	-3418.221	-3583.827	165.6062	1.36091	2.896568	0.426381	0.602308	0.397692	2.876678
22824	-3419.063	-3584.53	165.4667	1.395416	2.688273	0.4286118	0.591063	0.408937	2.993964
22830	-3425.168	-3590.375	165.2069	1.395077	2.688273	0.4525188	0.683542	0.316458	3.123662
22836	-3423.934	-3589.979	166.0453	1.370633	2.688273	0.3115568	0.674072	0.325928	2.803579
22842	-3429.892	-3595.295	165.4031	1.353653	3.232004	0.5246572	0.55431	0.44569	2.816954
22848	-3424.027	-3589.296	165.2694	1.342135	3.147586	0.4951148	0.452063	0.547937	2.954592
22854	-3417.692	-3583.318	165.6262	1.39795	2.85926	0.3409011	0.586897	0.413103	2.954592
22860	-3407.348	-3573.208	165.8602	1.407133	3.219322	0.5489424	0.602829	0.397171	2.481775
22866	-3410.253	-3575.692	165.4387	1.290152	3.219322	0.4035083	0.602829	0.397171	2.964797
22872	-3408.645	-3574.25	165.6055	1.37277	3.219322	0.3507636	0.588599	0.411401	2.878208
22878	-3407.955	-3573.21	165.255	1.385606	3.783334	0.4140221	0.65426	0.34574	2.878208
22884	-3414.589	-3578.134	163.5453	1.093096	2.775108	0.4140221	0.515443	0.484557	4.277941
22890	-3414.196	-3579.188	164.9916	1.244364	2.775108	0.4140221	0.688883	0.311117	3.358121
22896	-3421.587	-3586.811	165.2244	1.293211	3.575619	0.4140221	0.681605	0.318395	2.997383
22902	-3422.866	-3587.661	164.7952	1.179842	3.575619	0.3631181	0.648679	0.351321	3.378612
22908	-3419.001	-3583.669	164.6679	1.220374	3.263085	0.3631181	0.632381	0.367619	3.499342
22914	-3435.53	-3600.603	165.0721	1.225408	2.924595	0.3631181	0.652876	0.347124	3.341882
22920	-3430.203	-3595.638	165.4343	1.439023	2.793486	0.3993286	0.628002	0.371998	2.99148
22926	-3421.83	-3587.432	165.6018	1.309007	2.727733	0.5840925	0.628002	0.371998	2.798858
22932	-3424.077	-3588.929	164.8518	1.354466	2.566594	0.3546456	0.622606	0.377394	3.50132
22938	-3416.572	-3582.466	165.894	1.361888	2.566594	0.41691	0.664893	0.335107	2.803872
22944	-3422.575	-3588.008	165.4335	1.296636	2.9102	0.4592187	0.494013	0.505987	2.98035
22950	-3417.417	-3583.405	165.988	1.39666	2.919793	0.3736539	0.505112	0.494888	2.677866
22956	-3419.022	-3584.964	165.9423	1.317194	3.486439	0.2690083	0.714005	0.285995	2.757856
22962	-3430.902	-3596.555	165.6527	1.387024	3.486439	0.4586367	0.555217	0.444783	2.651037
22968	-3416.995	-3583.097	166.1026	1.371302	2.939275	0.4122256	0.542279	0.457721	2.571056
22974	-3414.91	-3580.038	165.1284	1.219523	2.981266	0.4741737	0.578509	0.421491	3.174721
22980	-3414.148	-3579.349	165.2014	1.226425	2.981266	0.4741737	0.686707	0.313293	3.127252
22986	-3414.261	-3579.824	165.5636	1.244731	2.981266	0.3137285	0.628298	0.371702	3.088056
22992	-3420.832	-3586.184	165.352	1.364311	2.981266	0.4072149	0.702751	0.297249	3.027219
22998	-3427.071	-3592.126	165.0552	1.276888	4.10228	0.4168988	0.629254	0.370746	2.995349
23004	-3422.069	-3587.394	165.3249	1.33452	4.10228	0.372416	0.644341	0.355659	2.850147
23010	-3419.858	-3585.413	165.5556	1.346775	4.10228	0.3703979	0.644341	0.355659	2.704467
23016	-3420.621	-3586.289	165.6683	1.289559	4.10228	0.3436943	0.632188	0.367812	2.704467
23022	-3420.031	-3585.77	165.7389	1.298118	3.332965	0.3436943	0.634742	0.365258	2.824377
23028	-3423.197	-3588.401	165.2041	1.283661	3.45904	0.3436943	0.672256	0.327744	3.125434
23034	-3422.373	-3588.188	165.8143	1.420695	3.45904	0.3436943	0.608998	0.391002	2.673739
23040	-3415.375	-3580.592	165.2171	1.230571	3.359472	0.3435207	0.692182	0.307818	3.172147
23046	-3419.236	-3583.92	164.6841	1.076856	2.741261	0.309655	0.59145	0.40855	3.768974
23052	-3422.974	-3585.95	162.9758	1.05804	4.162013	0.4120974	0.64147	0.35853	4.322591
23058	-3424.912	-3587.603	162.6916	1.05804	4.162013	0.3730828	0.64147	0.35853	4.525746
23064	-3439.686	-3602.07	162.3841	1.035139	2.713438	0.3730828	0.652382	0.347618	5.021645
23070	-3433.716	-3596.882	163.1653	1.1772	4.07022	0.319157	0.541955	0.458045	4.272957
23076	-3427.677	-3592.711	165.0343	1.346962	2.681267	0.371694	0.600445	0.399555	3.34656
23082	-3419.918	-3583.797	163.8795	1.130902	3.291128	0.4131464	0.600616	0.399384	3.943179
23088	-3412.502	-3577.319	164.8171	1.140939	3.078024	0.4131464	0.553753	0.446247	3.44502
23094	-3426.369	-3589.44	163.0705	1.120331	3.408967	0.4131464	0.599284	0.400716	4.382906
23100	-3421.562	-3585.573	164.0109	1.168908	3.408967	0.3489248	0.662116	0.337884	3.893207
23106	-3427.245	-3590.318	163.0737	1.088807	3.047305	0.3734618	0.67874	0.32126	4.524143
23112	-3421.244	-3584.028	162.7847	1.020847	3.641326	0.4390865	0.611678	0.388322	4.524143
23118	-3420.01	-3584.787	164.7769	1.126651	3.388113	0.4373443	0.572179	0.427821	3.377984
23124	-3438.489	-3602.593	164.104	1.143879	3.837574	0.338835	0.618492	0.381508	3.776473
23130	-3414.806	-3579.163	164.3572	1.214354	2.986232	0.3458634	0.577098	0.422902	3.769899
23136	-3410.104	-3573.965	163.8616	1.043028	3.097407	0.4091182	0.691231	0.308769	4.052743
23142	-3425.167	-3591.425	166.2587	1.437124	3.028716	0.3945012	0.68213	0.31787	2.429715
23148	-3428.292	-3594.106	165.8136	1.39878	3.059282	0.4666514	0.644139	0.355861	2.640348
23154	-3427.959	-3593.449	165.4897	1.313195	3.093397	0.4236218	0.672383	0.327617	2.928339
23160	-3417.609	-3583.331	165.722	1.242164	3.093397	0.3425042	0.656559	0.343441	2.928339
23166	-3434.953	-3599.999	165.0462	1.135481	2.679056	0.3192893	0.645024	0.354976	3.52919
23172	-3428.83	-3594.526	165.6957	1.264674	2.549876	0.4064007	0.620371	0.379629	2.999295
23178	-3423.014	-3588.174	165.1605	1.378807	3.330104	0.4336982	0.503474	0.496526	3.018409
23184	-3422.285	-3588.532	166.2464	1.413676	3.45826	0.3972211	0.710846	0.289154	2.34043
23190	-3417.889	-3584.106	166.2166	1.352953	3.193551	0.3972211	0.558949	0.441051	2.463013
23196	-3424.005	-3589.73	165.7252	1.35622	3.193551	0.3972211	0.617843	0.382157	2.764886
23202	-3420.37	-3585.435	165.0645	1.298107	2.399306	0.54896	0.617843	0.382157	3.254157
23208	-3418.673	-3583.192	164.5194	1.281629	3.011446	0.54896	0.626386	0.373614	3.417733
23214	-3437.989	-3604.258	166.269	1.430313	2.710165	0.4166017	0.670764	0.329236	2.489131
23220	-3426.842	-3591.684	164.8425	1.360788	2.345165	0.3660275	0.640901	0.359099	3.553731
23226	-3409.619	-3575.347	165.7276	1.404638	2.814633	0.4818258	0.640901	0.359099	2.738581
23232	-3406.821	-3573.359	166.5377	1.446104	2.634594	0.4870073	0.740139	0.259861	2.251928
23238	-3424.443	-3590.752	166.3089	1.631005	3.172297	0.4870073	0.609428	0.390572	2.128087
23244	-3419.024	-3586.137	167.1125	1.557627	3.062761	0.4675424	0.744874	0.255126	1.685607
23250	-3407.026	-3574.414	167.3884	1.790809	2.742775	0.4561632	0.672076	0.327924	1.42785
23256	-3404.136	-3571.504	167.3683	1.809837	2.528079	0.4858641	0.533906	0.466094	1.466935
23262	-3414.546	-3581.792	167.2462	1.809837	2.528079	0.4684172	0.582033	0.417967	1.580024
23268	-3410.544	-3578.031	167.4871	1.743749	2.360303	0.4519577	0.655626	0.344374	1.534378
23274	-3414.126	-3581.242	167.116	1.574886	2.730737	0.4519577	0.589854	0.410146	1.792112
23280	-3421.617	-3588.114	166.4969	1.541445	3.252485	0.4315746	0.585083	0.414917	2.106182
23286	-3412.625	-3579.414	166.789	1.584205	2.186314	0.4732864	0.589618	0.410382	2.162209
23292	-3413.671	-3580.529	166.8581	1.670611	2.791857	0.4318571	0.662442	0.337558	1.909002
23298	-3408.249	-3575.113	166.864	1.52055	2.708889	0.3657981	0.662442	0.337558	2.1151
23304	-3412.981	-3579.237	166.2552	1.523628	3.977465	0.4425852	0.697586	0.302414	2.089051
23310	-3412.001	-3577.921	165.9195	1.391634	3.969231	0.4425852	0.625769	0.374231	2.392032
23316	-3417.796	-3583.96	166.1643	1.461185	2.729346	0.4457004	0.612786	0.387214	2.496441
23322	-3422.214	-3588.283	166.0688	1.419583	3.171688	0.4945412	0.707785	0.292215	2.40982
23328	-3415.546	-3581.714	166.1686	1.527528	3.171688	0.4708992	0.565191	0.434809	2.303411
23334	-3431.202	-3598.471	167.2688	1.772206	3.658908	0.3899187	0.697887	0.302113	1.341783
23340	-3415.967	-3583.25	167.2831	1.772206	3.42042	0.3899187	0.645455	0.354545	1.400349
23346	-3420.822	-3588.196	167.3737	1.733168	3.262854	0.3949068	0.652383	0.347617	1.400349
23352	-3412.166	-3579.775	167.6097	1.807163	3.262854	0.3381563	0.656344	0.343656	1.244417
23358	-3417.94	-3585.731	167.7906	1.807163	2.320991	0.3381563	0.653533	0.346467	1.440519
23364	-3424.581	-3591.639	167.0583	1.875045	3.025692	0.5186873	0.707516	0.292484	1.440519
23370	-3410.972	-3578.316	167.3442	1.735746	2.551661	0.4852916	0.549028	0.450972	1.532728
23376	-3410.855	-3578.134	167.2792	1.79435	2.551661	0.5452322	0.578795	0.421205	1.464684
23382	-3419.041	-3585.991	166.95	1.779672	2.947292	0.5452322	0.625639	0.374361	1.586196
23388	-3411.351	-3578.264	166.9136	1.670639	2.947292	0.5150596	0.606619	0.393381	1.7247
23394	-3414.359	-3581.768	167.4091	1.697049	2.136124	0.5491873	0.47332	0.52668	1.595889
23400	-3418.741	-3585.761	167.0199	1.684184	2.595503	0.5466441	0.53896	0.46104	1.7173
23406	-3410.384	-3577.426	167.0415	1.729588	2.854388	0.4560341	0.561123	0.438877	1.691759
23412	-3409.996	-3576.997	167.0009	1.673067	2.616249	0.4560341	0.561123	0.438877	1.835627
23418	-3400.576	-3567.596	167.0203	1.608194	2.713712	0.4560341	0.6425	0.3575	1.835627
23424	-3397.692	-3564.366	166.6739	1.593871	2.787123	0.4560341	0.530946	0.469054	2.055925
23430	-3401.58	-3567.567	165.9873	1.455107	3.238099	0.4560341	0.592538	0.407462	2.463387
23436	-3408.198	-3574.205	166.0068	1.465771	2.735025	0.4560341	0.672597	0.327403	2.578627
23442	-3407.171	-3573.215	166.0434	1.52525	3.505442	0.4069585	0.661547	0.338453	2.375287
23448	-3398.84	-3565.115	166.2749	1.43048	2.360549	0.4069585	0.592496	0.407504	2.602584
23454	-3410.669	-3576.494	165.8254	1.364539	3.566448	0.4032286	0.734572	0.265428	2.602584
23460	-3412.06	-3577.766	165.7067	1.491825	3.019999	0.4352565	0.610257	0.389743	2.693382
23466	-3403.922	-3570.444	166.5217	1.462187	3.019999	0.5456543	0.68444	0.31556	2.078348
23472	-3407.66	-3574.2	166.5396	1.566539	2.812208	0.5456543	0.696727	0.303273	2.057335
23478	-3405.346	-3571.819	166.4729	1.566539	2.490301	0.3979609	0.702767	0.297233	2.363296
23484	-3398.002	-3564.411	166.4091	1.481131	3.276946	0.3927196	0.674102	0.325898	2.24371
23490	-3415.448	-3582.259	166.8106	1.482362	3.255444	0.2874041	0.735774	0.264226	2.135453
23496	-3413.372	-3579.745	166.3738	1.482362	3.255444	0.4021641	0.686302	0.313698	2.25934
23502	-3405.076	-3571.788	166.712	1.617492	3.255444	0.4021641	0.680545	0.319455	1.94876
23508	-3399.35	-3566.278	166.9285	1.629444	3.863372	0.4465945	0.689171	0.310829	1.573883
23514	-3419.737	-3586.724	166.9871	1.719169	3.863372	0.3687205	0.563386	0.436614	1.573883
23520	-3411.185	-3578.153	166.9686	1.760261	3.33157	0.2910616	0.544843	0.455157	1.817546
23526	-3411.677	-3578.859	167.1817	1.579832	3.08476	0.3334808	0.657166	0.342834	1.797
23532	-3418.007	-3584.014	166.0068	1.377847	2.718622	0.3334808	0.692967	0.307033	2.784361
23538	-3416.393	-3582	165.6063	1.377847	2.718622	0.511868	0.576212	0.423788	2.824946
23544	-3417.643	-3583.747	166.1046	1.391897	2.396875	0.3856211	0.677426	0.322574	2.745082
23550	-3417.008	-3582.181	165.1735	1.438371	3.418595	0.3856211	0.678648	0.321352	3.00909
23556	-3405.393	-3570.439	165.0455	1.216047	3.418595	0.3856211	0.678648	0.321352	3.217785
23562	-3424.288	-3590.661	166.373	1.593421	3.023996	0.3266103	0.620008	0.379992	2.348688
23568	-3422.314	-3588.508	166.1943	1.589814	3.02328	0.559511	0.677075	0.322925	2.193961
23574	-3414.703	-3580.738	166.0347	1.416791	3.007811	0.4141352	0.765677	0.234323	2.564519
23580	-3425.352	-3592.295	166.9432	1.533884	2.769519	0.4141352	0.657132	0.342868	1.972723
23586	-3421.498	-3588.464	166.9663	1.696366	3.163233	0.4171571	0.617917	0.382083	1.725709
23592	-3421.835	-3588.679	166.8437	1.734933	3.13959	0.5180241	0.518747	0.481253	1.668005
23598	-3419.124	-3586.214	167.0904	1.734933	2.587644	0.5163691	0.623898	0.376102	1.668005
23604	-3419.26	-3586.453	167.193	1.743246	2.96911	0.4629628	0.623898	0.376102	1.526853
23610	-3407.794	-3575.269	167.4753	1.772633	2.656267	0.4629628	0.51269	0.48731	1.396407
23616	-3410.55	-3577.78	167.2301	1.721732	3.246971	0.4870432	0.51269	0.48731	1.396407
23622	-3412.386	-3579.57	167.1838	1.772173	3.342749	0.4706424	0.561913	0.438087	1.385481
23628	-3405.064	-3572.268	167.2041	1.676782	3.342749	0.4020522	0.631108	0.368892	1.537483
23634	-3406.233	-3573.279	167.0464	1.742241	3.974363	0.3831428	0.574384	0.425616	1.462539
23640	-3408.132	-3575.414	167.2822	1.742241	2.649707	0.449111	0.604461	0.395539	1.58537
23646	-3409.563	-3576.409	166.8468	1.648984	3.472425	0.3985362	0.621541	0.378459	1.782475
23652	-3427.014	-3593.956	166.9414	1.717668	2.592657	0.5413239	0.587177	0.412823	1.755733
23658	-3435.632	-3602.593	166.9617	1.762363	2.457674	0.5915824	0.537704	0.462296	1.702741
23664	-3420.004	-3586.541	166.5365	1.38716	2.566682	0.4155369	0.592776	0.407224	2.391801
23670	-3418.921	-3584.917	165.996	1.497789	2.566682	0.4323549	0.681949	0.318051	2.640636
23676	-3417.196	-3583.439	166.2422	1.417557	2.668413	0.4866332	0.694997	0.305003	2.44805
23682	-3420.549	-3587.118	166.5691	1.476111	2.529486	0.3391619	0.660348	0.339652	2.423218
23688	-3415.083	-3582.015	166.9326	1.463104	2.529486	0.3785444	0.584386	0.415614	2.146559
23694	-3414.781	-3581.659	166.8785	1.4466	2.382566	0.425317	0.584386	0.415614	2.181613
23700	-3412.21	-3578.483	166.2725	1.404071	3.729821	0.425317	0.630223	0.369777	2.232055
23706	-3417.088	-3582.952	165.8636	1.396466	3.011497	0.4818023	0.630223	0.369777	2.607292
23712	-3418.176	-3583.731	165.5546	1.412868	2.256837	0.6460972	0.621493	0.378507	2.851881
23718	-3423.219	-3587.426	164.207	1.19113	2.78078	0.4544134	0.557781	0.442219	3.800858
23724	-3427.578	-3592.41	164.8325	1.20461	3.142415	0.3228207	0.712587	0.287413	3.491109
23730	-3426.35	-3592.196	165.8459	1.423241	3.435137	0.6052989	0.478003	0.521997	2.37443
23736	-3431.095	-3596.33	165.2346	1.416336	2.417232	0.8038457	0.601715	0.398285	2.871727
23742	-3424.877	-3589.943	165.0662	1.500593	2.545095	0.6865423	0.443171	0.556829	2.972443
23748	-3420.201	-3584.074	163.8729	1.155716	2.545095	0.460515	0.495398	0.504602	4.069496
23754	-3421.953	-3585.459	163.5062	1.064841	2.715607	0.460515	0.538893	0.461107	4.283694
23760	-3429.677	-3595.439	165.7623	1.414612	2.515006	0.3701801	0.67439	0.32561	2.922138
23766	-3422.981	-3588.644	165.6631	1.31766	2.5743	0.3114858	0.616421	0.383579	3.098083
23772	-3420.304	-3584.816	164.5118	1.198533	2.5743	0.3114858	0.541258	0.458742	3.840739
23778	-3423.339	-3587.054	163.7147	1.151131	2.731238	0.4310939	0.644134	0.355866	4.142248
23784	-3415.194	-3578.805	163.611	1.139316	2.749586	0.4730349	0.5482	0.4518	4.160873
23790	-3400.58	-3565.484	164.9048	1.206324	3.045344	0.5068162	0.643478	0.356522	3.266482
23796	-3405.271	-3570.055	164.7839	1.240071	3.165727	0.5238355	0.688235	0.311765	3.272297
23802	-3413.236	-3577.993	164.7575	1.403667	2.842607	0.5238355	0.562663	0.437337	3.272297
23808	-3406.027	-3570.232	164.2054	1.343216	3.936862	0.6047331	0.626969	0.373031	3.310975
23814	-3413.257	-3578.932	165.675	1.307047	2.73002	0.6072469	0.702016	0.297984	2.734097
23820	-3416.169	-3581.242	165.0726	1.240272	3.885755	0.3761701	0.699218	0.300782	3.097784
23826	-3416.862	-3581.156	164.2945	1.301396	3.362216	0.4141591	0.501296	0.498704	3.58843
23832	-3413.804	-3579.279	165.4743	1.320369	3.362216	0.429769	0.664891	0.335109	2.861331
23838	-3399.521	-3565.078	165.557	1.24763	3.362216	0.4262689	0.600818	0.399182	2.859218
23844	-3420.821	-3586.704	165.8827	1.430775	3.362216	0.3139595	0.609786	0.390214	2.688454
23850	-3420.551	-3586.617	166.0657	1.51429	3.608595	0.3139595	0.635459	0.364541	2.465545
23856	-3426.004	-3591.471	165.4672	1.495517	3.608595	0.4359843	0.528488	0.471512	2.695396
23862	-3419.467	-3585.308	165.8409	1.454688	2.693448	0.5498495	0.43804	0.56196	2.604252
23868	-3426.299	-3592.614	166.3148	1.503289	3.025991	0.4163387	0.695405	0.304595	2.326599
23874	-3431.214	-3596.857	165.6432	1.462606	3.899088	0.3414118	0.620887	0.379113	2.6586
23880	-3424.295	-3591.083	166.788	1.516748	2.727555	0.4151091	0.677313	0.322687	2.098458
23886	-3413.833	-3580.933	167.0998	1.654395	2.727555	0.4200386	0.677313	0.322687	1.78948
23892	-3421.241	-3588.169	166.9276	1.672679	3.184465	0.4575907	0.64308	0.35692	1.711904
23898	-3417.058	-3584.427	167.3688	1.620369	2.407473	0.351465	0.772071	0.227929	1.827353
23904	-3416.621	-3583.585	166.9639	1.552368	3.497354	0.351465	0.772071	0.227929	1.827353
23910	-3427.588	-3594.34	166.7527	1.566399	2.715976	0.4679902	0.673236	0.326764	2.029575
23916	-3420.703	-3587.278	166.5757	1.730343	3.502304	0.5230976	0.673236	0.326764	1.754442
23922	-3407.831	-3574.155	166.3246	1.576994	2.820021	0.4537226	0.63764	0.36236	2.286925
23928	-3401.891	-3567.839	165.9482	1.412587	2.53201	0.4879762	0.660233	0.339767	2.672878
23934	-3411.041	-3576.189	165.1472	1.382093	3.249401	0.4035101	0.570263	0.429737	3.077186
23940	-3414.085	-3579.683	165.5976	1.420142	3.731653	0.4095643	0.649465	0.350535	2.664366
23946	-3409.578	-3575.886	166.3078	1.48691	3.067465	0.4095643	0.481827	0.518173	2.338525
23952	-3419.793	-3586.536	166.7425	1.595921	3.067465	0.4095643	0.715884	0.284116	1.984628
23958	-3415.323	-3581.503	166.1804	1.476703	3.067465	0.3262192	0.578956	0.421044	2.532309
23964	-3415.537	-3582.012	166.4746	1.515031	3.132557	0.43502	0.630173	0.369827	2.165569
23970	-3414.282	-3580.763	166.4815	1.459726	2.521813	0.436565	0.631455	0.368545	2.369904
23976	-3428.18	-3594.527	166.3469	1.635893	2.521813	0.427179	0.606086	0.393914	2.354426
23982	-3420.212	-3587.045	166.8332	1.589679	3.452214	0.3763	0.626446	0.373554	1.868072
23988	-3425.833	-3592.894	167.0608	1.641914	3.051402	0.3763	0.490932	0.509068	1.785437
23994	-3419.316	-3586.231	166.9159	1.513713	3.051402	0.3763	0.620054	0.379946	1.971554
24000	-3430.7	-3597.566	166.8658	1.541104	2.914764	0.418123	0.657579	0.342421	1.971554
24006	-3427.824	-3594.499	166.6747	1.607931	2.680348	0.4393104	0.700694	0.299306	2.097978
24012	-3422.411	-3589.256	166.845	1.452051	2.776214	0.3618551	0.695587	0.304413	2.157434
24018	-3416.817	-3582.4	165.5838	1.339193	3.274341	0.4219358	0.714922	0.285078	2.813153
24024	-3418.164	-3584.372	166.208	1.467876	2.133315	0.43811	0.601863	0.398137	2.660184
24030	-3418.1	-3583.981	165.8815	1.360612	2.447225	0.3645512	0.611762	0.388238	2.909921
24036	-3427.953	-3593.414	165.461	1.341969	2.91693	0.5265201	0.553932	0.446068	2.866798
24042	-3433.561	-3599.109	165.5473	1.19547	2.415076	0.4017375	0.577184	0.422816	3.174259
24048	-3434.665	-3600.218	165.5531	1.419508	3.154558	0.4017375	0.610238	0.389762	2.835423
24054	-3428.748	-3593.963	165.2143	1.241117	2.754856	0.3605125	0.640837	0.359163	3.296495
24060	-3428.139	-3591.855	163.7163	1.133355	3.346902	0.525833	0.640837	0.359163	3.910962
24066	-3408.877	-3572.797	163.9194	1.221037	3.346902	0.3644822	0.640837	0.359163	3.910962
24072	-3411.763	-3576.914	165.1512	1.261747	3.386439	0.3273956	0.664177	0.335823	3.207306
24078	-3419.655	-3585.841	166.1852	1.367739	3.386439	0.4048931	0.666844	0.333156	2.416269
24084	-3412.815	-3578.709	165.8934	1.389845	3.386439	0.3583489	0.579304	0.420696	2.642162
24090	-3411.879	-3577.475	165.5964	1.374534	3.016443	0.399279	0.627791	0.372209	2.874123
24096	-3420.458	-3586.799	166.3414	1.338619	3.016443	0.399279	0.570314	0.429686	2.437078
24102	-3420.81	-3585.814	165.0041	1.178975	3.016443	0.399279	0.570314	0.429686	3.343697
24108	-3410.42	-3574.874	164.4542	1.320146	3.113906	0.6292274	0.667385	0.332615	3.338806
24114	-3408.175	-3573.871	165.6955	1.28131	3.113906	0.3526624	0.658211	0.341789	2.902597
24120	-3402.246	-3567.418	165.1726	1.337338	3.625974	0.3099605	0.673118	0.326882	3.119575
24126	-3409.406	-3573.858	164.4511	1.411849	4.748603	0.4330792	0.561695	0.438305	3.137922
24132	-3407.528	-3572.819	165.2917	1.342665	4.471617	0.4330792	0.561695	0.438305	2.722791
24138	-3406.138	-3571.329	165.1917	1.350078	4.471617	0.3701385	0.675515	0.324485	2.852955
24144	-3408.844	-3574.965	166.1208	1.341213	2.900169	0.446627	0.589044	0.410956	2.549712
24150	-3406.045	-3571.168	165.1228	1.316237	3.604713	0.446627	0.571558	0.428442	3.002239
24156	-3413.325	-3578.839	165.5141	1.427913	3.604713	0.3990896	0.583903	0.416097	2.751216
24162	-3409.171	-3574.361	165.1901	1.310353	3.129376	0.5506882	0.582193	0.417807	2.972262
24168	-3403.2	-3567.591	164.391	1.192639	3.510757	0.5506882	0.597444	0.402556	3.427171
24174	-3414.179	-3578.445	164.2662	1.323916	3.510757	0.5506882	0.597444	0.402556	3.423384
24180	-3412.022	-3577.444	165.4227	1.36637	3.732655	0.3046488	0.703832	0.296168	2.936658
24186	-3404.857	-3570.452	165.5953	1.398357	3.732655	0.3046488	0.703832	0.296168	2.81284
24192	-3401.173	-3566.51	165.3373	1.39252	3.37773	0.3889683	0.728266	0.271734	2.943702
24198	-3406.744	-3571.769	165.025	1.25855	3.84971	0.3552817	0.6898	0.3102	3.148119
24204	-3407.817	-3572.259	164.4422	1.255988	2.898579	0.5189716	0.690417	0.309583	3.533839
24210	-3408.459	-3572.887	164.4282	1.165863	2.898579	0.5017647	0.632724	0.367276	3.610665
24216	-3418.484	-3582.317	163.8331	1.22746	3.020681	0.4372485	0.786391	0.213609	3.95214
24222	-3427.883	-3593.786	165.9035	1.335715	3.008804	0.334159	0.786391	0.213609	2.794044
24228	-3412.063	-3578.33	166.2674	1.45534	3.24744	0.3488972	0.753324	0.246676	2.414448
24234	-3412.58	-3578.322	165.7419	1.380283	3.603961	0.3807527	0.753324	0.246676	2.662949
24240	-3412.235	-3577.554	165.3186	1.328218	2.812486	0.4476508	0.735268	0.264732	3.068333
24246	-3414.125	-3580.211	166.0865	1.441219	4.019493	0.4476508	0.551131	0.448869	2.237302
24252	-3409.542	-3575.018	165.4759	1.344712	3.852534	0.4302858	0.53975	0.46025	2.735538
24258	-3404.319	-3569.833	165.5136	1.320184	3.852534	0.4231443	0.68416	0.31584	2.735538
24264	-3409.578	-3575.404	165.8261	1.307771	3.063219	0.4231443	0.585946	0.414054	2.735538
24270	-3422.96	-3587.535	164.5756	1.226325	3.40076	0.4231443	0.540351	0.459649	3.449909
24276	-3409.611	-3575.491	165.8805	1.338161	2.599401	0.4231443	0.606274	0.393726	2.809937
24282	-3414.211	-3579.99	165.7783	1.44032	2.599401	0.4231443	0.597538	0.402462	2.809937
24288	-3419.801	-3585.2	165.3985	1.30441	2.599401	0.3848736	0.664748	0.335252	3.163745
24294	-3421.072	-3586.863	165.7908	1.395022	2.609929	0.3790669	0.63761	0.36239	2.878267
24300	-3419.59	-3584.482	164.8919	1.259554	2.609929	0.3811402	0.596444	0.403556	3.489685
24306	-3411.018	-3576.851	165.8328	1.440188	2.94459	0.3454093	0.582458	0.417542	2.775467
24312	-3418.414	-3582.621	164.2067	1.180591	2.971542	0.3640311	0.560327	0.439673	3.857699
24318	-3412.894	-3577.928	165.0341	1.332354	2.834289	0.4708386	0.475427	0.524573	3.205134
24324	-3402.86	-3569.192	166.3321	1.390626	2.834289	0.4708386	0.632579	0.367421	2.377679
24330	-3413.436	-3579.168	165.7318	1.408399	2.834289	0.4708386	0.667979	0.332021	2.739833
24336	-3418.432	-3584.184	165.7514	1.34753	2.928376	0.4708386	0.779903	0.220097	2.739833
24342	-3410.29	-3575.244	164.9544	1.28743	3.615791	0.4708386	0.603117	0.396883	3.092367
24348	-3419.958	-3585.202	165.2433	1.316229	3.626615	0.3453161	0.629422	0.370578	3.043352
24354	-3411.796	-3576.702	164.9066	1.2171	3.365976	0.4143985	0.603949	0.396051	3.278438
24360	-3420.924	-3586.137	165.2123	1.280615	3.365976	0.3776609	0.630447	0.369553	3.101774
24366	-3411.468	-3576.117	164.6497	1.185551	3.068704	0.3776609	0.621048	0.378952	3.559071
24372	-3412.811	-3577.211	164.3995	1.218413	3.068704	0.3776609	0.651512	0.348488	3.685184
24378	-3407.374	-3572.044	164.6704	1.245777	2.771449	0.4063149	0.651512	0.348488	3.55459
24384	-3418.522	-3583.614	165.0921	1.322777	2.77775	0.5244513	0.59016	0.40984	3.138644
24390	-3414.034	-3578.23	164.196	1.270893	3.331278	0.3940821	0.702495	0.297505	3.692454
24396	-3418.325	-3583.759	165.4341	1.246284	3.241137	0.5070549	0.699414	0.300586	2.878347
24402	-3428.528	-3593.119	164.591	1.324387	3.51204	0.6804728	0.656463	0.343537	3.12149
24408	-3424.045	-3590.085	166.0394	1.479302	3.080476	0.382716	0.719823	0.280177	2.541485
24414	-3427.972	-3595.091	167.1192	1.58536	2.587665	0.382716	0.638197	0.361803	1.9175
24420	-3442.919	-3608.491	165.5722	1.462307	3.423665	0.4479309	0.555778	0.444222	2.680564
24426	-3423.82	-3590.494	166.6736	1.533954	2.225906	0.4081141	0.671178	0.328822	2.330641
24432	-3427.37	-3593.714	166.3433	1.408936	3.684176	0.4081141	0.729739	0.270261	2.214593
24438	-3426.129	-3592.787	166.6584	1.502236	2.786468	0.4081141	0.697982	0.302018	2.183639
24444	-3427.152	-3594.095	166.9425	1.558749	2.820691	0.4081141	0.654787	0.345213	1.948694
24450	-3437.579	-3604.519	166.9401	1.524455	3.118392	0.4081141	0.565077	0.434923	1.887228
24456	-3436.241	-3602.843	166.6021	1.524455	3.142771	0.4081141	0.648899	0.351101	2.106121
24462	-3423.399	-3590.323	166.9233	1.619704	2.68139	0.4654368	0.725888	0.274112	1.893025
24468	-3413.994	-3581.144	167.15	1.596917	2.68139	0.3578677	0.603809	0.396191	1.893025
24474	-3426.969	-3593.445	166.4766	1.618638	3.263966	0.2917978	0.603809	0.396191	2.254511
24480	-3422.325	-3589.246	166.9213	1.729573	3.229594	0.2305611	0.716475	0.283525	2.002216
24486	-3427.877	-3593.441	165.5646	1.439755	3.126476	0.3764286	0.719156	0.280844	2.853307
24492	-3423.791	-3589.953	166.1616	1.492038	3.254362	0.291706	0.69432	0.30568	2.536188
24498	-3428.751	-3594.798	166.0475	1.482512	2.970379	0.3672934	0.804621	0.195379	2.582602
24504	-3412.269	-3578.646	166.3763	1.530005	2.970379	0.3672934	0.704203	0.295797	2.346529
24510	-3417.635	-3583.981	166.3464	1.503625	2.970379	0.3693837	0.605145	0.394855	2.379561
24516	-3409.311	-3575.62	166.3088	1.489483	2.684517	0.4648091	0.697787	0.302213	2.379561
24522	-3410.559	-3578.143	167.5845	1.692847	2.684517	0.3704814	0.647963	0.352037	1.496669
24528	-3410.69	-3578.368	167.6787	1.701942	2.391992	0.3704814	0.700937	0.299063	1.525734
24534	-3413.542	-3580.324	166.7816	1.609334	2.937278	0.3628596	0.689796	0.310204	2.047809
24540	-3418.363	-3585.401	167.0383	1.692641	3.017481	0.424963	0.727629	0.272371	1.71001
24546	-3418.818	-3586.008	167.19	1.737948	3.017481	0.424963	0.749885	0.250115	1.568199
24552	-3427.236	-3594.6	167.3638	1.695633	2.589009	0.5287845	0.638008	0.361992	1.481292
24558	-3421.158	-3588.646	167.4873	1.729957	2.292508	0.5287845	0.637079	0.362921	1.47445
24564	-3422.02	-3589.076	167.0558	1.809801	2.967404	0.5382013	0.637079	0.362921	1.487217
24570	-3421.662	-3588.39	166.7285	1.715351	2.967404	0.5382013	0.702079	0.297921	1.790984
24576	-3420.817	-3587.997	167.18	1.655913	2.967404	0.5382013	0.663566	0.336434	1.509465
24582	-3430.576	-3598.415	167.8386	1.905218	2.37638	0.3925162	0.639902	0.360098	1.210422
24588	-3422.316	-3589.952	167.6363	1.946406	2.994292	0.3925162	0.688433	0.311567	1.098615
24594	-3408.767	-3574.165	165.3977	1.408019	2.763728	0.4210764	0.509063	0.490937	3.015388
24600	-3408.488	-3574.645	166.1572	1.455668	2.590671	0.4210764	0.546513	0.453487	2.572749
24606	-3416.683	-3582.41	165.7268	1.407471	3.379569	0.4210764	0.71674	0.28326	2.65965
24612	-3409.714	-3574.414	164.6999	1.315398	3.126685	0.3761208	0.634155	0.365845	3.441858
24618	-3422.345	-3587.608	165.2633	1.335774	3.730205	0.3987821	0.560801	0.439199	2.932204
24624	-3425.014	-3590.274	165.2601	1.351691	3.877445	0.5225387	0.560801	0.439199	2.761365
24630	-3427.891	-3593.458	165.5669	1.492696	3.877445	0.3965938	0.560801	0.439199	2.622418
24636	-3411.765	-3577.728	165.9627	1.437288	2.773896	0.4843608	0.614912	0.385088	2.582318
24642	-3418.675	-3584.907	166.232	1.501756	3.166614	0.3406466	0.696762	0.303238	2.439107
24648	-3418.741	-3585.08	166.339	1.50588	2.936585	0.3812133	0.562425	0.437575	2.376921
24654	-3417.02	-3581.512	164.4921	1.390054	3.426837	0.6799375	0.562425	0.437575	3.160846
24660	-3411.621	-3576.503	164.8815	1.431695	3.426837	0.5654304	0.562425	0.437575	3.000481
24666	-3426.978	-3593.317	166.3394	1.456376	3.139798	0.3625156	0.689801	0.310199	2.377842
24672	-3425.666	-3591.248	165.5816	1.451112	3.330347	0.4076365	0.555501	0.444499	2.749233
24678	-3433.668	-3599.075	165.4073	1.451112	3.142564	0.3992028	0.521688	0.478312	2.910463
24684	-3417.047	-3582.058	165.0113	1.343802	2.872822	0.5018014	0.571212	0.428788	3.170803
24690	-3416.325	-3581.569	165.2444	1.323624	2.685767	0.4763355	0.606352	0.393648	3.119888
24696	-3408.718	-3573.533	164.8149	1.242654	2.592098	0.4763355	0.653102	0.346898	3.447058
24702	-3424.475	-3588.82	164.3459	1.205259	2.960409	0.628325	0.576308	0.423692	3.508103
24708	-3431.889	-3595.549	163.6596	1.21484	2.743229	0.3721254	0.640438	0.359562	4.198671
24714	-3422.533	-3587.897	165.3637	1.178496	2.743229	0.4614026	0.493243	0.506757	3.134867
24720	-3423.689	-3588.826	165.1373	1.291123	3.263478	0.4027166	0.557746	0.442254	3.134867
24726	-3415.651	-3581.481	165.8294	1.386911	2.603356	0.5955219	0.643499	0.356501	2.63697
24732	-3411.457	-3577.844	166.3874	1.414819	2.292197	0.5116084	0.642351	0.357649	2.449715
24738	-3421.686	-3588.372	166.6859	1.546362	2.952115	0.4706304	0.67192	0.32808	2.014448
24744	-3419.181	-3585.352	166.1709	1.48567	2.952115	0.3313034	0.67192	0.32808	2.556068
24750	-3418.353	-3583.906	165.5536	1.45508	3.553358	0.3116656	0.733194	0.266806	2.833498
24756	-3431.037	-3597.382	166.3452	1.596919	3.553358	0.3860045	0.697851	0.302149	2.150197
24762	-3431.489	-3598.238	166.7492	1.561471	2.884193	0.3860045	0.528164	0.471836	2.085244
24768	-3428.495	-3595.41	166.9154	1.472254	2.884193	0.3491869	0.684874	0.315126	2.084014
24774	-3418.399	-3584.723	166.3243	1.443019	2.884193	0.5325496	0.662019	0.337981	2.270311
24780	-3406.705	-3572.875	166.1696	1.510158	2.884193	0.5900201	0.662019	0.337981	2.270311
24786	-3414.479	-3580.508	166.0292	1.584197	3.248795	0.5767822	0.572791	0.427209	2.227653
24792	-3416.829	-3582.82	165.9911	1.356085	3.123868	0.3918499	0.734522	0.265478	2.625585
24798	-3420.642	-3586.77	166.1277	1.402026	2.635017	0.3918499	0.632145	0.367855	2.645584
24804	-3426.889	-3591.735	164.8453	1.382916	2.635017	0.5741353	0.628358	0.371642	3.242721
24810	-3427.912	-3593.352	165.4405	1.373044	2.550932	0.4546826	0.659858	0.340142	3.033923
24816	-3436.35	-3601.183	164.8331	1.390247	2.550932	0.5008897	0.659858	0.340142	3.33724
24822	-3429.75	-3595.744	165.994	1.636831	3.548282	0.5297785	0.774634	0.225366	2.18875
24828	-3424.14	-3590.343	166.2031	1.556375	3.548282	0.5297785	0.699941	0.300059	2.104865
24834	-3419.736	-3584.791	165.0549	1.368494	2.951643	0.7669109	0.562482	0.437518	2.885646
24840	-3413.332	-3579.686	166.3534	1.473972	2.275813	0.5186456	0.708689	0.291311	2.432161
24846	-3412.004	-3578.276	166.2726	1.473317	2.567557	0.5112885	0.640547	0.359453	2.39822
24852	-3407.219	-3573.249	166.0303	1.400995	2.976806	0.5112885	0.693669	0.306331	2.479393
24858	-3403.293	-3567.728	164.4342	1.248481	2.976806	0.4310541	0.677249	0.322751	3.61091
24864	-3424.279	-3589.067	164.7884	1.211956	2.976806	0.5423794	0.608457	0.391543	3.315356
24870	-3417.13	-3582.027	164.8964	1.309918	2.567901	0.4374971	0.54593	0.45407	3.406775
24876	-3415.718	-3580.084	164.366	1.287379	2.52469	0.6118567	0.61585	0.38415	3.578149
24882	-3413.826	-3579.596	165.77	1.343072	2.893487	0.3974482	0.61585	0.38415	2.822091
24888	-3415.329	-3581.391	166.0624	1.264928	2.825032	0.4106926	0.627293	0.372707	2.694263
24894	-3417.827	-3583.083	165.2557	1.236031	3.029056	0.4106926	0.627293	0.372707	3.145217
24900	-3416.548	-3581.071	164.5234	1.204316	2.908321	0.5343326	0.497043	0.502957	3.499886
24906	-3426.49	-3589.894	163.4041	1.060773	2.908321	0.5343326	0.535905	0.464095	4.225475
24912	-3416.567	-3579.647	163.0794	1.064882	3.053032	0.5343326	0.609136	0.390864	4.371881
24918	-3424.555	-3588.762	164.2071	1.378123	3.374924	0.7005868	0.567483	0.432517	3.332094
24924	-3426.183	-3591.383	165.1999	1.360286	3.374924	0.4731114	0.651088	0.348912	2.95352
24930	-3417.083	-3581.463	164.3802	1.302727	3.374924	0.4731114	0.717279	0.282721	3.473186
24936	-3415.941	-3580.704	164.763	1.370975	2.969627	0.4296692	0.518307	0.481693	3.350653
24942	-3421.664	-3586.696	165.0324	1.22738	2.687274	0.4296692	0.518307	0.481693	3.350653
24948	-3421.885	-3586.244	164.3598	1.18453	3.586177	0.4334471	0.574089	0.425911	3.548459
24954	-3424.29	-3589.479	165.1894	1.395775	3.586177	0.3271409	0.657308	0.342692	3.060414
24960	-3419.8	-3585.325	165.5259	1.401072	2.601899	0.399198	0.657308	0.342692	3.012652
24966	-3427.662	-3593.707	166.0448	1.370551	2.601899	0.4184632	0.588929	0.411071	2.694344
24972	-3416.967	-3581.934	164.9673	1.244725	3.137124	0.4889029	0.52167	0.47833	3.201849
24978	-3415.236	-3579.487	164.251	1.25325	3.12857	0.4114894	0.52167	0.47833	3.698504
24984	-3409.355	-3573.67	164.3147	1.2283	3.12857	0.3913271	0.509548	0.490452	3.698504
24990	-3420.023	-3586.978	166.9556	1.583119	3.096211	0.4342541	0.644491	0.355509	1.809336
24996	-3416.399	-3583.283	166.8844	1.579212	3.096211	0.4342541	0.644491	0.355509	1.860975
25002	-3406.236	-3573.188	166.9513	1.502302	3.096211	0.4397583	0.531815	0.468185	1.860975
25008	-3407.27	-3574.057	166.7872	1.602135	3.195751	0.4397583	0.603143	0.396857	1.877026
25014	-3412.395	-3579.556	167.1607	1.609819	2.48464	0.4324841	0.637458	0.362542	1.842098
25020	-3407.204	-3574.153	166.9495	1.5878	2.698316	0.4729847	0.540214	0.459786	1.88265
25026	-3409.182	-3576.496	167.3148	1.642707	2.802691	0.3092703	0.607956	0.392044	1.782972
25032	-3407.04	-3573.988	166.9476	1.561077	2.802691	0.3092703	0.612967	0.387033	2.085849
25038	-3405.148	-3570.335	165.1872	1.320974	3.651032	0.3889664	0.647309	0.352691	3.015443
25044	-3416.658	-3582.116	165.4579	1.314519	3.012621	0.3931602	0.621125	0.378875	3.001821
25050	-3405.012	-3570.015	165.0024	1.285544	2.551191	0.3931602	0.620025	0.379975	3.412484
25056	-3415.624	-3580.925	165.3008	1.40035	2.792965	0.2577375	0.564438	0.435562	3.280508
25062	-3416.58	-3581.761	165.1811	1.261235	2.839919	0.2577375	0.639223	0.360777	3.420315
25068	-3418.558	-3583.73	165.1714	1.347555	3.027544	0.3236468	0.704656	0.295344	3.235062
25074	-3414.04	-3579.392	165.3516	1.243079	3.0471	0.4617338	0.673889	0.326111	3.023855
25080	-3409.457	-3573.637	164.1795	1.133907	3.0471	0.4871327	0.503608	0.496392	3.750393
25086	-3406.618	-3571.478	164.86	1.21375	2.480404	0.3942584	0.490756	0.509244	3.556515
25092	-3411.73	-3576.935	165.2046	1.283619	2.480404	0.5034175	0.531076	0.468924	3.198758
25098	-3417.654	-3582.849	165.1952	1.342258	2.480404	0.5608195	0.531076	0.468924	3.115502
25104	-3426.395	-3590.143	163.7476	1.219273	3.664822	0.7019699	0.575801	0.424199	3.628865
25110	-3409.202	-3574.973	165.7708	1.289039	3.30344	0.4209497	0.617788	0.382212	2.723769
25116	-3412.872	-3578.775	165.9027	1.255659	2.57338	0.3650361	0.683641	0.316359	2.922535
25122	-3415.752	-3581.189	165.4365	1.331951	2.57338	0.5913616	0.604752	0.395248	2.922535
25128	-3417.086	-3581.302	164.2162	1.26259	2.57338	0.4726427	0.673924	0.326076	3.791709
25134	-3412.002	-3578.292	166.2902	1.321783	2.452753	0.3734655	0.673924	0.326076	2.671868
25140	-3419.115	-3584.572	165.4568	1.29974	2.901134	0.5035632	0.579329	0.420671	2.921501
25146	-3405.417	-3571.515	166.0975	1.37496	2.901134	0.5035632	0.553267	0.446733	2.48202
25152	-3411.718	-3578.099	166.3812	1.510334	2.901134	0.5035632	0.634344	0.365656	2.215737
25158	-3404.358	-3570.489	166.1306	1.426303	2.234028	0.581721	0.586012	0.413988	2.554217
25164	-3419.772	-3586.428	166.6556	1.497785	2.536336	0.4107601	0.627856	0.372144	2.260535
25170	-3413.529	-3580.338	166.8091	1.542073	2.536336	0.5534456	0.528149	0.471851	1.971876
25176	-3408.482	-3574.643	166.1613	1.465568	3.436227	0.3435619	0.650393	0.349607	2.4357
25182	-3402.835	-3569.397	166.5616	1.465568	3.099366	0.358891	0.640592	0.359408	2.245612
25188	-3413.365	-3579.606	166.2403	1.534797	3.099366	0.5978058	0.712103	0.287897	2.14198
25194	-3413.871	-3580.134	166.2638	1.480083	3.099366	0.6195287	0.661285	0.338715	2.14198
25200	-3423.793	-3589.68	165.8867	1.578295	3.099366	0.6195287	0.69295	0.30705	2.321704
25206	-3424.867	-3590.907	166.0399	1.330905	2.872093	0.3413219	0.69295	0.30705	2.740375
25212	-3415.636	-3580.255	164.6189	1.229937	2.793935	0.3413219	0.558482	0.441518	3.663929
25218	-3416.089	-3580.175	164.0859	1.178729	2.793935	0.5799417	0.51094	0.48906	3.757252
25224	-3408.223	-3573.439	165.2161	1.307905	3.904129	0.3940129	0.578115	0.421885	2.946335
25230	-3417.82	-3582.646	164.8256	1.299226	3.633421	0.2535928	0.577647	0.422353	3.4261
25236	-3415.625	-3580.898	165.2729	1.233241	2.975877	0.4264938	0.656678	0.343322	3.132493
25242	-3416.201	-3581.152	164.9515	1.181443	3.000274	0.3986278	0.623372	0.376628	3.377888
25248	-3422.37	-3587.269	164.8991	1.257766	2.548305	0.3986278	0.559304	0.440696	3.483746
25254	-3421.585	-3587.267	165.6815	1.366248	3.684802	0.276909	0.556502	0.443498	2.830484
25260	-3416.298	-3581.664	165.3663	1.344287	3.684802	0.4197876	0.565932	0.434068	2.850499
25266	-3419.098	-3584.907	165.8085	1.396958	4.047048	0.4197876	0.687667	0.312333	2.468375
25272	-3408.601	-3574.12	165.5188	1.430685	4.047048	0.4270663	0.591572	0.408428	2.619296
25278	-3406.597	-3570.475	163.8776	1.411146	3.796067	0.7727792	0.615531	0.384469	3.361957
25284	-3406.148	-3570.188	164.0402	1.34117	3.796067	0.7727792	0.669516	0.330484	3.3075
25290	-3422.483	-3586.479	163.9951	1.492605	3.917431	1.241063	0.444259	0.555741	2.938498
25296	-3408.201	-3572.241	164.04	1.385005	3.917431	0.7999482	0.500639	0.499361	3.237731
25302	-3422.037	-3586.038	164.0011	1.192195	3.917431	0.4321044	0.600231	0.399769	3.685408
25308	-3424.126	-3586.699	162.5728	0.9923242	4.557736	0.4007808	0.516053	0.483947	4.528961
25314	-3408.829	-3572.81	163.981	1.085095	3.288287	0.4007808	0.655199	0.344801	3.925406
25320	-3412.835	-3575.399	162.5641	1.11136	4.056512	0.4111462	0.578755	0.421245	4.545164
25326	-3414.377	-3577.947	163.5701	1.12874	4.056512	0.3983673	0.632104	0.367896	3.979233
25332	-3416.675	-3580.872	164.1973	1.182701	3.741928	0.3415327	0.632104	0.367896	3.716296
25338	-3426.251	-3590.505	164.2541	1.247004	3.361082	0.3510414	0.498968	0.501032	3.716296
25344	-3427.712	-3591.666	163.9545	1.239441	3.361082	0.3827624	0.575836	0.424164	3.855937
25350	-3423.223	-3587.282	164.0591	1.215885	3.150456	0.6368619	0.627599	0.372401	3.615486
25356	-3428.707	-3592.04	163.3336	1.310316	3.647913	0.6368619	0.603418	0.396582	3.869258
25362	-3415.371	-3579.889	164.5172	1.157627	2.656798	0.4318248	0.625701	0.374299	3.69756
25368	-3427.147	-3590.377	163.2308	1.189698	2.656798	0.4634438	0.625701	0.374299	4.38132
25374	-3430.233	-3593.446	163.2127	1.098581	2.656798	0.6522294	0.654501	0.345499	4.278802
25380	-3415.325	-3579.117	163.7922	1.237252	2.59549	0.6522294	0.563441	0.436559	3.886072
25386	-3413.303	-3577.331	164.0282	1.278885	3.809559	0.4695861	0.642453	0.357547	3.602499
25392	-3417.758	-3582.761	165.0027	1.302342	2.516783	0.5762894	0.603426	0.396574	3.228982
25398	-3420.727	-3585.46	164.7335	1.221114	2.516783	0.6495857	0.683693	0.316307	3.373587
25404	-3419.683	-3584.71	165.0264	1.23544	2.66257	0.4137917	0.534684	0.465316	3.373587
25410	-3418.925	-3583.629	164.7035	1.287432	3.294707	0.4137917	0.547373	0.452627	3.373587
25416	-3419.867	-3583.952	164.0843	1.231437	2.873059	0.4137917	0.542017	0.457983	3.867159
25422	-3418.589	-3582.206	163.6169	1.059228	2.831617	0.4137917	0.742822	0.257178	4.24248
25428	-3418.534	-3583.198	164.6637	1.149284	2.756165	0.4137917	0.675582	0.324418	3.610314
25434	-3415.451	-3579.327	163.8758	1.150067	3.01262	0.5042988	0.640946	0.359054	3.907668
25440	-3411.993	-3576.747	164.7541	1.289801	3.01262	0.3983069	0.740405	0.259595	3.427387
25446	-3416.539	-3581.717	165.1777	1.301504	2.788142	0.3983069	0.737857	0.262143	3.228935
25452	-3416.018	-3581.684	165.6655	1.355218	2.788142	0.399395	0.616416	0.383584	2.904118
25458	-3398.672	-3564.091	165.4193	1.31876	2.788142	0.4529197	0.726987	0.273013	3.014697
25464	-3413.854	-3580.071	166.2168	1.303221	2.788142	0.4529197	0.590232	0.409768	2.537585
25470	-3417.966	-3583.783	165.8165	1.369749	2.389112	0.4521342	0.75529	0.24471	2.860601
25476	-3420.34	-3585.882	165.5413	1.218193	2.389112	0.4682092	0.605895	0.394105	3.100083
25482	-3413.746	-3578.835	165.0887	1.261533	2.658692	0.4682092	0.646485	0.353515	3.264782
25488	-3414.46	-3579.582	165.1222	1.22798	2.738022	0.4682092	0.583565	0.416435	3.243123
25494	-3411.787	-3576.779	164.9921	1.112124	2.738022	0.3277435	0.705973	0.294027	3.547524
25500	-3426.251	-3592.532	166.281	1.483612	2.647717	0.3955564	0.4991	0.5009	2.49157
25506	-3413.365	-3579.101	165.736	1.281497	2.647717	0.3955564	0.581533	0.418467	2.949461
25512	-3419.821	-3585.28	165.4583	1.294662	2.647717	0.6228028	0.596898	0.403102	2.883155
25518	-3431.299	-3596.746	165.447	1.367104	3.328775	0.5834155	0.525209	0.474791	2.703314
25524	-3429.569	-3594.398	164.829	1.238411	3.328775	0.6419522	0.568172	0.431828	3.103829
25530	-3431.012	-3593.79	162.7782	1.394621	3.140549	0.9605641	0.537492	0.462508	4.030001
25536	-3425.229	-3588.508	163.2789	1.368676	3.140549	0.935406	0.630898	0.369102	3.772719
25542	-3417.546	-3582.493	164.9464	1.199042	3.140549	0.340471	0.560647	0.439353	3.405634
25548	-3432.918	-3598.408	165.4904	1.370579	3.009077	0.2454784	0.714039	0.285961	3.148883
25554	-3419.903	-3586.028	166.1258	1.45549	2.229903	0.4868396	0.625878	0.374122	2.63341
25560	-3415.714	-3581.253	165.5391	1.400786	3.703892	0.4868396	0.701822	0.298178	2.63341
25566	-3412.795	-3578.388	165.5937	1.313534	3.524077	0.4868396	0.590933	0.409067	2.69402
25572	-3424.296	-3590.002	165.7054	1.47167	3.524077	0.4868396	0.560426	0.439574	2.5271
25578	-3428.549	-3594.032	165.4822	1.449562	3.524077	0.4839187	0.696836	0.303164	2.681954
25584	-3431.364	-3597.576	166.2117	1.362704	2.334588	0.41524	0.696836	0.303164	2.681954
25590	-3419.257	-3585.102	165.845	1.339145	3.18928	0.41524	0.581818	0.418182	2.681954
25596	-3429.755	-3594.424	164.6689	1.302601	2.880798	0.3593372	0.581818	0.418182	3.548293
25602	-3429.189	-3593.755	164.5666	1.23256	3.808776	0.3027202	0.69665	0.30335	3.509523
25608	-3430.297	-3595.503	165.2059	1.229597	3.261078	0.3683464	0.684418	0.315582	3.171567
25614	-3433.845	-3598.239	164.394	1.27958	2.873083	0.3637198	0.557449	0.442551	3.717767
25620	-3423.923	-3588.019	164.0962	1.335221	3.984005	0.5460983	0.650624	0.349376	3.422009
25626	-3416.848	-3581.827	164.9792	1.39556	3.445091	0.5142721	0.63104	0.36896	3.007508
25632	-3423.198	-3587.747	164.5492	1.567337	3.833977	0.8726609	0.518171	0.481829	2.790524
25638	-3415.484	-3580.467	164.9831	1.622675	3.833977	0.8726609	0.559009	0.440991	2.488671
25644	-3426.002	-3591.263	165.2604	1.623859	3.253484	0.6960621	0.559009	0.440991	2.581745
25650	-3417.098	-3582.707	165.6086	1.46512	2.682346	0.6281274	0.559009	0.440991	2.673121
25656	-3426.188	-3590.829	164.642	1.623689	3.461033	0.9542678	0.513968	0.486032	2.728804
25662	-3419.733	-3584.653	164.9197	1.674223	3.505734	0.9542678	0.573634	0.426366	2.515574
25668	-3414.07	-3578.949	164.8799	1.518882	3.505734	0.7622487	0.634921	0.365079	2.76899
25674	-3414.787	-3580.252	165.4657	1.354782	2.559111	0.5389935	0.634921	0.365079	2.943213
25680	-3422.541	-3587.463	164.9223	1.631259	4.208809	0.7647537	0.592856	0.407144	2.521011
25686	-3426.291	-3591.96	165.6691	1.538087	4.208809	0.6108689	0.517754	0.482246	2.235845
25692	-3420.243	-3586.03	165.7872	1.392993	2.67204	0.5734211	0.709972	0.290028	2.65946
25698	-3418.173	-3583.89	165.7162	1.299056	2.533512	0.4078078	0.649728	0.350272	2.969481
25704	-3422.426	-3586.172	163.7462	1.244133	2.62464	0.4420513	0.649728	0.350272	4.088306
25710	-3411.837	-3577.353	165.5161	1.267185	2.991472	0.3736854	0.773455	0.226545	3.023888
25716	-3406.424	-3571.577	165.1525	1.315102	4.186767	0.2366718	0.690442	0.309558	3.138225
25722	-3406.198	-3571.205	165.0077	1.177197	4.45236	0.2911125	0.644846	0.355154	3.174395
25728	-3406.592	-3571.186	164.594	1.26608	3.247316	0.4749367	0.673365	0.326635	3.396984
25734	-3415.753	-3581.183	165.4302	1.331896	3.247316	0.4749367	0.673365	0.326635	2.859919
25740	-3413.952	-3579.294	165.3419	1.280468	3.502243	0.3406648	0.673365	0.326635	3.039232
25746	-3422.195	-3586.848	164.6525	1.21096	3.262762	0.4038994	0.673365	0.326635	3.466655
25752	-3434.56	-3599.741	165.1802	1.320785	2.607443	0.5789844	0.649482	0.350518	3.084178
25758	-3426.126	-3591.819	165.6938	1.287329	3.124338	0.3520766	0.647908	0.352092	2.898176
25764	-3423.052	-3589.006	165.9548	1.35736	3.124338	0.38413	0.607458	0.392542	2.656396
25770	-3423.207	-3589.094	165.8863	1.354549	2.476708	0.4339389	0.646887	0.353113	2.820584
25776	-3420.12	-3585.253	165.1325	1.288297	3.407564	0.3679218	0.597546	0.402454	3.146888
25782	-3420.696	-3584.991	164.2955	1.271069	3.025342	0.4188964	0.603543	0.396457	3.679276
25788	-3419.742	-3584.287	164.5451	1.21876	2.585881	0.4188964	0.603543	0.396457	3.679276
25794	-3423.891	-3589.393	165.5021	1.264019	2.251637	0.5703119	0.55193	0.44807	3.040574
25800	-3418.433	-3583.611	165.1784	1.311746	3.191517	0.4716222	0.762161	0.237839	3.040574
25806	-3420.434	-3585.542	165.1079	1.293621	3.191517	0.4428492	0.685617	0.314383	3.123674
25812	-3412.802	-3578.581	165.7795	1.364019	3.129176	0.4428492	0.687507	0.312493	2.690814
25818	-3407.228	-3573.047	165.8189	1.350586	2.779478	0.4428492	0.689775	0.310225	2.767029
25824	-3416.578	-3581.78	165.202	1.301301	3.456522	0.4244446	0.660219	0.339781	3.021041
25830	-3414.108	-3578.949	164.841	1.236668	3.183603	0.4244446	0.607768	0.392232	3.337028
25836	-3411.117	-3576.093	164.9752	1.282901	2.590825	0.4244446	0.544768	0.455232	3.384003
25842	-3429.297	-3595.332	166.0348	1.594965	2.722606	0.5714664	0.618661	0.381339	2.365955
25848	-3406.015	-3573.315	167.2992	1.686843	2.246105	0.5714664	0.591829	0.408171	1.61486
25854	-3415.358	-3582.303	166.9457	1.612527	2.180176	0.6239718	0.660502	0.339498	1.885923
25860	-3419.845	-3586.84	166.9949	1.56523	2.374243	0.5078675	0.737515	0.262485	1.934393
25866	-3422.229	-3589.042	166.8125	1.510777	2.600587	0.5078675	0.506473	0.493527	2.018152
25872	-3414.599	-3580.293	165.6942	1.264225	2.682732	0.5181463	0.683117	0.316883	2.844489
25878	-3422.831	-3588.362	165.5311	1.227913	2.682732	0.5181463	0.616296	0.383704	2.9649
25884	-3424.068	-3589.428	165.3606	1.280335	2.242565	0.4233616	0.572287	0.427713	3.263531
25890	-3409.429	-3575	165.5707	1.33078	2.242565	0.3360517	0.574019	0.425981	3.212733
25896	-3414.8	-3581.033	166.2332	1.452557	3.1162	0.4838864	0.619494	0.380506	2.310323
25902	-3406.178	-3572.589	166.411	1.503873	3.0725	0.495316	0.664184	0.335816	2.162096
25908	-3412.971	-3578.567	165.5956	1.405822	3.345998	0.495316	0.690564	0.309436	2.66909
25914	-3407.181	-3573.427	166.2457	1.405822	2.971136	0.332922	0.473575	0.526425	2.551989
25920	-3423.019	-3588.12	165.1006	1.327369	3.679595	0.4516471	0.635076	0.364924	2.987214
25926	-3411.143	-3576.758	165.615	1.38044	3.692726	0.3628972	0.616853	0.383147	2.743174
25932	-3411.942	-3577.886	165.9447	1.395983	3.692726	0.3711871	0.66781	0.33219	2.519539
25938	-3414.84	-3581.004	166.1643	1.479069	3.366641	0.3711871	0.66781	0.33219	2.405946
25944	-3418.139	-3584.551	166.4115	1.522866	3.615317	0.3711871	0.703911	0.296089	2.159653
25950	-3412.593	-3579.321	166.7281	1.651242	2.865226	0.4137401	0.590559	0.409441	2.00994
25956	-3429.832	-3596.744	166.9115	1.711487	3.094844	0.3284119	0.590559	0.409441	1.896739
25962	-3411.542	-3578.407	166.8654	1.627521	3.094844	0.3103301	0.590559	0.409441	2.011314
25968	-3413.385	-3580.253	166.8677	1.569191	3.094844	0.3103301	0.578532	0.421468	2.048531
25974	-3413.712	-3580.41	166.698	1.610009	2.867336	0.5372852	0.576325	0.423675	1.914791
25980	-3411.379	-3578.348	166.9684	1.65218	2.867336	0.3770441	0.679945	0.320055	1.895068
25986	-3406.384	-3573.215	166.8318	1.662767	3.301328	0.4334719	0.607056	0.392944	1.783562
25992	-3413.584	-3580.43	166.8458	1.716094	2.51177	0.4541147	0.607056	0.392944	1.948377
25998	-3416.345	-3583.206	166.8614	1.716094	2.778304	0.4059766	0.59986	0.40014	1.91289
26004	-3433.743	-3597.798	164.0554	1.150991	2.428917	0.5136616	0.65927	0.34073	3.949554
26010	-3422.289	-3588.616	166.327	1.418487	2.570426	0.4902556	0.643709	0.356291	2.41954
26016	-3419.341	-3585.501	166.16	1.496967	2.940398	0.4441471	0.610965	0.389035	2.41954
26022	-3433.682	-3599.921	166.2386	1.331532	2.940398	0.3496207	0.653344	0.346656	2.588498
26028	-3417.517	-3583.009	165.4926	1.30586	2.698681	0.4812884	0.621313	0.378687	2.973401
26034	-3419.29	-3585.063	165.7733	1.304077	2.698681	0.4812884	0.603388	0.396612	2.804753
26040	-3401.278	-3566.163	164.8857	1.213904	2.637871	0.5484304	0.61353	0.38647	3.340881
26046	-3410.067	-3574.668	164.6013	1.158249	2.637871	0.5484304	0.671605	0.328395	3.53982
26052	-3415.205	-3580.244	165.0391	1.311159	3.850736	0.4238873	0.677077	0.322923	3.027679
26058	-3412.449	-3577.753	165.3045	1.318873	3.657321	0.494696	0.677077	0.322923	2.829362
26064	-3409.316	-3574.667	165.3507	1.344649	3.657321	0.371233	0.677077	0.322923	2.922807
26070	-3405.316	-3570.946	165.6308	1.403289	3.657321	0.4283189	0.510218	0.489782	2.64919
26076	-3402.936	-3569.551	166.6155	1.583907	3.657321	0.3555518	0.62342	0.37658	1.996207
26082	-3414.374	-3581.293	166.9189	1.619228	3.833921	0.4435227	0.68614	0.31386	1.599809
26088	-3412.7	-3578.984	166.2844	1.619228	3.117483	0.4043244	0.626324	0.373676	2.262072
26094	-3406.765	-3573.581	166.816	1.647776	3.117483	0.4855909	0.591434	0.408566	1.79283
26100	-3401.119	-3567.92	166.8007	1.647776	2.614591	0.4855909	0.674813	0.325187	1.954763
26106	-3410.091	-3577.095	167.0035	1.720011	2.614591	0.3679943	0.674813	0.325187	1.916036
26112	-3414.912	-3580.5	165.5875	1.389705	3.2408	0.4795856	0.583913	0.416087	2.725653
26118	-3416.873	-3583.541	166.6678	1.593269	2.978365	0.5393715	0.479678	0.520322	1.911762
26124	-3421.519	-3588.393	166.8747	1.649754	2.978365	0.5393715	0.593972	0.406028	1.730173
26130	-3414.562	-3581.395	166.8329	1.710299	2.978365	0.4054786	0.619779	0.380221	1.877102
26136	-3415.931	-3583.193	167.2621	1.590522	2.789541	0.4665238	0.637831	0.362169	1.641118
26142	-3408.968	-3575.732	166.7645	1.657664	2.969293	0.4665238	0.51385	0.48615	1.88658
26148	-3413.351	-3579.984	166.6327	1.794888	4.075879	0.3272045	0.718655	0.281345	1.783806
26154	-3406.192	-3573.217	167.0253	1.704212	3.103688	0.3272045	0.684102	0.315898	1.823246
26160	-3412.994	-3579.995	167.0009	1.590752	2.678279	0.3129102	0.668087	0.331913	2.063166
26166	-3418.974	-3586.089	167.115	1.573674	2.678279	0.3129102	0.7249	0.2751	1.998768
26172	-3416.905	-3582.871	165.9663	1.638414	2.678279	0.6910682	0.541967	0.458033	2.288004
26178	-3410.382	-3576.384	166.0025	1.38316	2.908858	0.5621914	0.558104	0.441896	2.476202
26184	-3418.188	-3583.679	165.4908	1.389306	2.908858	0.4320206	0.634003	0.365997	2.919709
26190	-3413.811	-3579.192	165.3808	1.243943	3.288019	0.4881104	0.634003	0.365997	2.919709
26196	-3414.545	-3580.418	165.8739	1.362188	2.576961	0.4006827	0.679025	0.320975	2.831619
26202	-3407.501	-3573.106	165.6043	1.327288	3.296015	0.4309781	0.61542	0.38458	2.792531
26208	-3403.078	-3569.396	166.3174	1.422005	2.928643	0.4173157	0.61542	0.38458	2.401748
26214	-3419.519	-3586.247	166.7276	1.479109	2.928643	0.4441049	0.654891	0.345109	2.068935
26220	-3422.22	-3589.125	166.9051	1.622608	3.118188	0.4603633	0.654891	0.345109	1.77837
26226	-3414.567	-3581.17	166.6033	1.541364	3.118188	0.4603633	0.607966	0.392034	2.038037
26232	-3410.173	-3575.347	165.1734	1.392684	3.111856	0.4352852	0.700094	0.299906	3.053095
26238	-3409.426	-3574.195	164.769	1.193411	3.111856	0.4352852	0.700094	0.299906	3.410233
26244	-3406.902	-3572.779	165.8766	1.308071	2.297958	0.3815761	0.627515	0.372485	2.969894
26250	-3411.829	-3577.371	165.5418	1.338414	2.545986	0.4917797	0.6525	0.3475	2.957104
26256	-3416.447	-3581.318	164.8713	1.316079	3.263214	0.5773854	0.579144	0.420856	3.103038
26262	-3409.518	-3574.535	165.0171	1.288285	3.7272	0.3642462	0.565998	0.434002	3.149742
26268	-3411.531	-3576.836	165.3048	1.270147	3.458028	0.4520505	0.564202	0.435798	2.947616
26274	-3412.673	-3577.558	164.8852	1.270147	3.458028	0.3980281	0.619331	0.380669	3.257381
26280	-3411.808	-3576.589	164.7813	1.256593	2.725507	0.513839	0.612213	0.387787	3.385384
26286	-3415.203	-3580.61	165.4063	1.295482	2.725507	0.442682	0.510122	0.489878	3.06436
26292	-3417.144	-3582.56	165.4157	1.416917	3.063904	0.3698195	0.638162	0.361838	2.980616
26298	-3419.833	-3585.761	165.9283	1.347887	2.477164	0.5533523	0.638162	0.361838	2.676776
26304	-3409.228	-3575.117	165.8887	1.413373	2.477164	0.5308582	0.523185	0.476815	2.682472
26310	-3415.421	-3580.32	164.8992	1.218398	2.7614	0.6378384	0.549013	0.450987	3.219165
26316	-3423.588	-3589.681	166.093	1.238557	2.907784	0.480309	0.479557	0.520443	2.592188
26322	-3418.879	-3584.72	165.8413	1.355787	3.117764	0.5075904	0.479758	0.520242	2.592188
26328	-3427.765	-3592.224	164.4591	1.193248	3.117764	0.5075904	0.616272	0.383728	3.517152
26334	-3422.156	-3586.549	164.3922	1.349867	2.404346	0.5407978	0.616272	0.383728	3.6232
26340	-3416.839	-3581.05	164.2105	1.272103	3.760108	0.6022158	0.55954	0.44046	3.388031
26346	-3419.901	-3584.347	164.4461	1.311241	4.314309	0.6303116	0.540899	0.459101	3.092269
26352	-3420.427	-3586.37	165.9424	1.32491	2.778264	0.413826	0.711658	0.288342	2.740266
26358	-3415.54	-3581.578	166.0376	1.351494	3.283229	0.4079074	0.622835	0.377165	2.540548
26364	-3415.595	-3581.604	166.009	1.392792	2.854246	0.4798176	0.656111	0.343889	2.563702
26370	-3417.233	-3583.333	166.1001	1.409649	3.221447	0.3550914	0.640854	0.359146	2.546226
26376	-3412.857	-3578.97	166.1128	1.507052	3.221447	0.3286433	0.654712	0.345288	2.512898
26382	-3408.388	-3573.821	165.4327	1.457791	3.221447	0.3959401	0.540058	0.459942	2.875572
26388	-3406.003	-3572.5	166.4971	1.393934	2.539894	0.480818	0.53579	0.46421	2.346797
26394	-3403.309	-3568.948	165.6382	1.304046	3.945356	0.4239882	0.586773	0.413227	2.648396
26400	-3407.406	-3572.426	165.0196	1.273056	2.642339	0.4239882	0.575848	0.424152	3.349831
26406	-3412.49	-3577.693	165.2036	1.345312	2.642339	0.5407094	0.591664	0.408336	3.080661
26412	-3410.278	-3574.882	164.6047	1.291459	3.404515	0.5407094	0.605472	0.394528	3.276286
26418	-3410.884	-3575.819	164.9352	1.336235	3.404515	0.6507919	0.605472	0.394528	2.956755
26424	-3413.824	-3579.585	165.7606	1.387749	3.771393	0.3242103	0.605472	0.394528	2.682863
26430	-3425.485	-3590.01	164.5254	1.198549	3.771393	0.4895124	0.556198	0.443802	3.347059
26436	-3416.382	-3582.984	166.6018	1.446894	3.339892	0.3863798	0.542556	0.457444	2.133082
26442	-3416.012	-3583.226	167.2141	1.572389	2.051556	0.5441597	0.542556	0.457444	1.860195
26448	-3417.936	-3585.871	167.9353	1.660515	1.787149	0.370733	0.461219	0.538781	1.620139
26454	-3422.827	-3590.609	167.7815	1.76879	2.073886	0.370733	0.667604	0.332396	1.526523
26460	-3415.031	-3582.651	167.6207	1.802254	2.216995	0.370733	0.694679	0.305321	1.561925
26466	-3413.472	-3581.34	167.8679	1.871413	2.402154	0.370733	0.607834	0.392166	1.239742
26472	-3409.836	-3577.667	167.8315	1.937256	2.402154	0.370733	0.630871	0.369129	1.214916
26478	-3410.848	-3578.782	167.9346	1.937256	2.402154	0.3720123	0.630871	0.369129	1.122557
26484	-3419.037	-3587	167.9628	1.874533	2.402154	0.3720123	0.663675	0.336325	1.153306
26490	-3425.966	-3593.457	167.4914	1.793339	2.785065	0.2520831	0.701091	0.298909	1.656022
26496	-3431.317	-3597.745	166.4277	1.637922	2.727239	0.2520831	0.56116	0.43884	2.480795
26502	-3421.455	-3588.661	167.2063	1.661005	2.727239	0.3278667	0.59158	0.40842	1.840115
26508	-3415.227	-3582.245	167.0185	1.67556	3.533525	0.3413978	0.639972	0.360028	1.708903
26514	-3413.408	-3580.104	166.6966	1.656513	3.533525	0.3413978	0.623825	0.376175	1.943717
26520	-3409.857	-3576.235	166.3777	1.411887	3.533525	0.512736	0.618003	0.381997	2.106704
26526	-3416.451	-3581.621	165.1695	1.432237	3.533525	0.5276656	0.656196	0.343804	2.837521
26532	-3423.217	-3586.6	163.3824	1.240192	3.699037	0.5980241	0.640869	0.359131	3.902665
26538	-3422.077	-3586.502	164.4242	1.230149	3.364993	0.3807655	0.554915	0.445085	3.591456
26544	-3424.052	-3588.853	164.8005	1.207565	3.702319	0.3379668	0.656138	0.343862	3.363271
26550	-3410.389	-3575.258	164.8695	1.206767	2.837876	0.3379668	0.724606	0.275394	3.524658
26556	-3409.851	-3574.641	164.7899	1.235351	2.837876	0.352025	0.724606	0.275394	3.53692
26562	-3411.169	-3575.395	164.2251	1.266432	2.981437	0.3253604	0.647811	0.352189	3.842722
26568	-3426.56	-3590.403	163.8432	1.107533	3.571001	0.3415685	0.690014	0.309986	3.998417
26574	-3411.451	-3575.675	164.2234	1.207338	2.900327	0.3715216	0.629119	0.370881	3.841637
26580	-3412.785	-3578.322	165.5363	1.380989	2.900327	0.5487784	0.739852	0.260148	2.780497
26586	-3422.23	-3587.835	165.6054	1.437687	4.050302	0.5487784	0.739852	0.260148	2.432288
26592	-3418.049	-3584.345	166.2956	1.422771	4.050302	0.2909824	0.719236	0.280764	2.31422
26598	-3411.327	-3577.254	165.9272	1.543465	3.125136	0.2917301	0.74076	0.25924	2.681656
26604	-3403.399	-3569.316	165.9169	1.590016	3.031787	0.5979227	0.574809	0.425191	2.332798
26610	-3428.657	-3593.842	165.1856	1.37063	3.238795	0.4734693	0.610245	0.389755	2.987687
26616	-3411.652	-3576.784	165.1322	1.274569	2.74482	0.4812317	0.675499	0.324501	3.194596
26622	-3420.595	-3586.63	166.0352	1.312409	2.848568	0.5219678	0.675499	0.324501	2.555647
26628	-3405.889	-3571.299	165.41	1.326996	2.848568	0.4148309	0.544304	0.455696	3.040767
26634	-3413.773	-3578.715	164.9417	1.313012	2.848568	0.4148309	0.783863	0.216137	3.326861
26640	-3404.887	-3570.331	165.4444	1.297622	3.428216	0.4148309	0.605939	0.394061	2.894659
26646	-3416.272	-3581.563	165.2904	1.32016	3.428216	0.4445484	0.528852	0.471148	2.941065
26652	-3428.911	-3594.67	165.7592	1.238654	3.007214	0.373471	0.573153	0.426847	2.890982
26658	-3411.864	-3576.328	164.4641	1.204958	3.507487	0.4885884	0.582386	0.417614	3.436444
26664	-3419.079	-3584.131	165.0518	1.128072	2.556412	0.3592803	0.582386	0.417614	3.513957
26670	-3427.785	-3591.371	163.5865	1.128295	2.725085	0.6388709	0.603177	0.396823	4.041918
26676	-3422.204	-3585.747	163.5424	1.273037	3.62868	0.6388709	0.559834	0.440166	3.773017
26682	-3413.47	-3578.715	165.2449	1.292404	3.62868	0.2576448	0.641518	0.358482	3.177901
26688	-3421.444	-3586.75	165.3063	1.262603	3.62868	0.2576448	0.712033	0.287967	3.159139
26694	-3417.466	-3583.701	166.2346	1.323914	3.364122	0.3836971	0.756941	0.243059	2.444163
26700	-3439.642	-3606.091	166.4495	1.496842	4.088781	0.324145	0.71188	0.28812	2.109481
26706	-3427.626	-3593.803	166.1773	1.454256	3.520129	0.2908624	0.71188	0.28812	2.487277
26712	-3415.196	-3580.793	165.5965	1.420039	3.520129	0.4902045	0.577194	0.422806	2.624121
26718	-3419.013	-3584.891	165.8772	1.350038	2.501409	0.291916	0.606071	0.393929	2.999006
26724	-3428.417	-3593.329	164.912	1.328208	2.799174	0.291916	0.53994	0.46006	3.499816
26730	-3420.42	-3585.566	165.1461	1.307916	3.717773	0.4591744	0.585064	0.414936	2.955296
26736	-3413.187	-3578.084	164.8969	1.322612	3.717773	0.499876	0.639716	0.360284	3.054409
26742	-3416.55	-3580.79	164.2399	1.275117	2.91198	0.4271735	0.639716	0.360284	3.728249
26748	-3412.258	-3576.796	164.5388	1.220549	2.91198	0.3621708	0.639716	0.360284	3.660192
26754	-3416.995	-3580.939	163.9446	1.234473	2.91198	0.438342	0.639716	0.360284	3.909805
26760	-3414.259	-3579.338	165.079	1.275636	2.91198	0.3495696	0.686552	0.313448	3.32813
26766	-3411.972	-3577.403	165.4312	1.347945	2.837439	0.4785656	0.610984	0.389016	2.949986
26772	-3408.909	-3573.609	164.7005	1.228403	2.837439	0.5213867	0.676487	0.323513	3.412518
26778	-3415.224	-3579.9	164.6759	1.244062	2.837439	0.5213867	0.536997	0.463003	3.417769
26784	-3410.827	-3576.104	165.2771	1.428102	3.003523	0.4357241	0.607423	0.392577	2.996398
26790	-3414.297	-3581.014	166.7178	1.615931	3.003523	0.4175348	0.614474	0.385526	1.995752
26796	-3422.868	-3589.447	166.5795	1.641817	3.003523	0.489636	0.596699	0.403301	1.985506
26802	-3414.86	-3582.057	167.1972	1.727851	2.785724	0.3630473	0.522907	0.477093	1.729588
26808	-3416.533	-3583.686	167.1532	1.695911	2.615807	0.4890882	0.670735	0.329265	1.673519
26814	-3419.927	-3586.878	166.951	1.749875	2.662357	0.4890882	0.586981	0.413019	1.762626
26820	-3418.24	-3585.235	166.9954	1.675469	2.513651	0.4538185	0.586981	0.413019	1.874285
26826	-3416.02	-3582.703	166.6838	1.486952	2.82998	0.3923735	0.630231	0.369769	2.184051
26832	-3420.717	-3587.178	166.4611	1.577369	3.368132	0.3552425	0.630231	0.369769	2.1737
26838	-3425.02	-3591.371	166.3509	1.578357	4.398343	0.3552425	0.648762	0.351238	2.01103
26844	-3415.342	-3581.404	166.0618	1.444764	3.193778	0.3552425	0.728364	0.271636	2.554966
26850	-3428.214	-3595.169	166.9551	1.559889	2.830802	0.4256766	0.573513	0.426487	1.914233
26856	-3422.833	-3589.838	167.0053	1.522096	2.830802	0.4256766	0.689286	0.310714	1.905795
26862	-3423.325	-3589.575	166.2496	1.522096	3.15982	0.4572663	0.605306	0.394694	2.2733
26868	-3421.259	-3587.613	166.3537	1.481013	3.277441	0.4569716	0.668019	0.331981	2.202656
26874	-3428.51	-3593.762	165.2517	1.460492	3.194045	0.3355065	0.60106	0.39894	3.06389
26880	-3417.911	-3582.897	164.9858	1.336958	2.17132	0.3241507	0.60106	0.39894	3.589985
26886	-3426.229	-3590.521	164.2924	1.337118	3.748723	0.41579	0.61568	0.38432	3.483636
26892	-3408.713	-3573.057	164.3446	1.118663	2.551538	0.3906973	0.598048	0.401952	3.893031
26898	-3420.321	-3584.369	164.0477	1.158688	3.209551	0.3906973	0.745813	0.254187	3.874199
26904	-3416.081	-3579.867	163.7861	1.121945	2.891698	0.3906973	0.67165	0.32835	4.12088
26910	-3419.393	-3583.749	164.3563	1.16716	2.891698	0.3906973	0.76555	0.23445	3.768462
26916	-3417.432	-3582.461	165.0292	1.131365	2.462546	0.3906973	0.605998	0.394002	3.51514
26922	-3411.713	-3576.811	165.0979	1.265334	2.462546	0.3906973	0.566173	0.433827	3.396682
26928	-3415.168	-3579.641	164.4733	1.282539	3.664633	0.4782621	0.709154	0.290846	3.361882
26934	-3418.508	-3583.749	165.2404	1.282539	3.128887	0.3278893	0.709154	0.290846	3.202186
26940	-3414.657	-3579.845	165.188	1.203168	2.477283	0.5311709	0.717739	0.282261	3.230603
26946	-3416.906	-3581.858	164.9518	1.260827	3.084519	0.4727627	0.638511	0.361489	3.230603
26952	-3424.835	-3589.859	165.0246	1.229006	2.555371	0.4287906	0.669588	0.330412	3.391892
26958	-3437.941	-3602.765	164.8241	1.17905	3.117748	0.4287906	0.591781	0.408219	3.391892
26964	-3414.985	-3581.367	166.3819	1.544764	2.321975	0.5664941	0.648323	0.351677	2.306462
26970	-3414.223	-3580.105	165.8819	1.435495	2.321975	0.5005747	0.575381	0.424619	2.751419
26976	-3413.426	-3579.265	165.8385	1.412707	2.67781	0.507413	0.637471	0.362529	2.677721
26982	-3414.505	-3579.533	165.0276	1.307653	2.769007	0.507413	0.555872	0.444128	3.20462
26988	-3419.043	-3583.24	164.1966	1.225192	2.769007	0.4863912	0.555872	0.444128	3.758491
26994	-3413.008	-3577.337	164.3298	1.160079	2.993081	0.4882212	0.589039	0.410961	3.660529
27000	-3413.207	-3578.066	164.859	1.367549	2.993081	0.5685526	0.548289	0.451711	3.15368
27006	-3416.786	-3582.29	165.5038	1.259276	3.332203	0.3805861	0.57907	0.42093	2.944262
27012	-3412.558	-3577.892	165.3342	1.324753	3.174413	0.4707647	0.57907	0.42093	2.944262
27018	-3406.346	-3571.589	165.2431	1.267435	2.706344	0.4707647	0.647144	0.352856	3.154116
27024	-3410.355	-3575.074	164.7191	1.196864	2.763076	0.6200699	0.570844	0.429156	3.352373
27030	-3415.608	-3580.087	164.4782	1.186221	2.915832	0.4793081	0.49066	0.50934	3.58729
27036	-3426.359	-3590.927	164.5681	1.156246	2.915832	0.4449952	0.679551	0.320449	3.58729
27042	-3418.113	-3583.24	165.1265	1.27431	2.874558	0.3686517	0.613721	0.386279	3.287237
27048	-3415.928	-3581.392	165.4638	1.329218	3.098686	0.379017	0.615379	0.384621	2.984585
27054	-3417.045	-3582.868	165.8229	1.273847	3.320965	0.3424158	0.621407	0.378593	2.792588
27060	-3412.565	-3577.741	165.1758	1.26774	3.007348	0.3424158	0.561004	0.438996	3.260503
27066	-3409.82	-3575.386	165.5663	1.351989	2.526618	0.568398	0.460248	0.539752	2.866299
27072	-3406.327	-3572.064	165.7373	1.360172	2.526618	0.568398	0.590731	0.409269	2.757329
27078	-3409.322	-3574.631	165.309	1.204135	2.526618	0.5042037	0.635182	0.364818	3.169768
27084	-3418.023	-3583.605	165.5815	1.369233	2.526618	0.4985298	0.484363	0.515637	2.913516
27090	-3416.873	-3582.366	165.4924	1.36679	2.75404	0.4985298	0.672283	0.327717	2.904088
27096	-3416.868	-3583.164	166.2962	1.559923	3.832389	0.3270895	0.654646	0.345354	2.2205
27102	-3406.807	-3572.289	165.4825	1.388542	2.804118	0.5039127	0.632782	0.367218	2.877893
27108	-3407.997	-3572.808	164.8116	1.360613	3.166414	0.5464557	0.569639	0.430361	3.163238
27114	-3408.685	-3573.787	165.1013	1.406296	2.814134	0.5516683	0.673086	0.326914	3.048067
27120	-3413.03	-3578.28	165.2494	1.434597	2.814134	0.4897349	0.607713	0.392287	3.002089
27126	-3405.134	-3571.431	166.2969	1.42227	2.814134	0.6138402	0.682387	0.317613	2.242685
27132	-3422.134	-3588.064	165.9301	1.497945	2.666292	0.5666271	0.501086	0.498914	2.513857
27138	-3413.991	-3580.487	166.4964	1.426918	2.690657	0.3597099	0.674179	0.325821	2.424477
27144	-3413.424	-3579.688	166.2636	1.473534	2.968068	0.3935468	0.559559	0.440441	2.421096
27150	-3411.722	-3578.514	166.7924	1.441832	2.215913	0.4712918	0.559559	0.440441	2.243919
27156	-3411.058	-3578.205	167.1468	1.728314	3.041009	0.4712918	0.667851	0.332149	1.53889
27162	-3422.246	-3589.573	167.3268	1.627072	3.041009	0.3979105	0.652635	0.347365	1.579401
27168	-3404.286	-3570.846	166.5594	1.486844	3.32888	0.5270261	0.637948	0.362052	1.973164
27174	-3405.927	-3571.927	166.0001	1.390843	2.870379	0.5902344	0.637948	0.362052	2.457093
27180	-3409.819	-3575.617	165.7978	1.346381	2.716994	0.5172904	0.499704	0.500296	2.722472
27186	-3412.179	-3578.38	166.2007	1.327018	2.716994	0.4308719	0.623914	0.376086	2.577605
27192	-3408.736	-3574.702	165.9656	1.429439	2.716994	0.4308719	0.660913	0.339087	2.659555
27198	-3405.942	-3571.629	165.6872	1.32122	2.989442	0.3955088	0.540685	0.459315	2.862769
27204	-3411.169	-3576.818	165.6492	1.295921	2.989442	0.447631	0.548319	0.451681	2.842322
27210	-3409.527	-3574.114	164.5873	1.332873	2.989442	0.4977538	0.523844	0.476156	3.401466
27216	-3409.635	-3574.691	165.056	1.229732	2.478881	0.5664059	0.618416	0.381584	3.260183
27222	-3406.053	-3571.039	164.9859	1.193063	3.142799	0.4496292	0.628996	0.371004	3.260183
27228	-3406.552	-3571.738	165.1855	1.264391	2.749782	0.4496292	0.700095	0.299905	3.200228
27234	-3406.749	-3571.796	165.0469	1.135498	2.749782	0.4197029	0.673074	0.326926	3.39006
27240	-3415.673	-3580.769	165.0957	1.170577	3.103639	0.4197029	0.628505	0.371495	3.250325
27246	-3425.803	-3589.735	163.9319	1.258637	3.546222	0.4379326	0.532919	0.467081	3.757288
27252	-3425.734	-3590.455	164.7215	1.151999	3.466211	0.3599128	0.612794	0.387206	3.465869
27258	-3422.607	-3588.135	165.5273	1.307589	3.134856	0.3599128	0.61878	0.38122	2.973847
27264	-3430.901	-3595.625	164.7248	1.6091	4.432353	0.9326753	0.665853	0.334147	2.495334
27270	-3417.577	-3583.768	166.1908	1.584356	3.128341	0.6331369	0.570523	0.429477	2.101144
27276	-3425.056	-3590.684	165.6277	1.344012	3.128341	0.5921586	0.65214	0.34786	2.647837
27282	-3434.614	-3601.228	166.614	1.580981	3.421042	0.6049539	0.614924	0.385076	1.766598
27288	-3417.326	-3584.254	166.9277	1.57206	2.971578	0.4193536	0.627235	0.372765	1.890816
27294	-3426.291	-3593.041	166.7499	1.617161	3.671309	0.3858397	0.620307	0.379693	1.837828
27300	-3419.639	-3586.264	166.6252	1.623263	3.671309	0.3858397	0.648897	0.351103	1.918624
27306	-3417.32	-3584.244	166.9242	1.620986	2.920399	0.3858397	0.648897	0.351103	1.918624
27312	-3412.794	-3579.282	166.4883	1.620986	3.697346	0.3858397	0.76463	0.23537	2.00571
27318	-3423.698	-3590.025	166.3273	1.523163	3.697346	0.3284466	0.736247	0.263753	2.252992
27324	-3413.94	-3580.141	166.2005	1.439561	3.632256	0.3344971	0.655569	0.344431	2.393616
27330	-3400.942	-3566.848	165.9052	1.342695	3.632256	0.3616086	0.65687	0.34313	2.602926
27336	-3403.933	-3569.377	165.4445	1.310428	2.974206	0.3616086	0.630992	0.369008	3.060009
27342	-3407.15	-3572.931	165.7807	1.310321	3.171375	0.4463417	0.649859	0.350141	2.708592
27348	-3421.555	-3588.363	166.8083	1.437095	2.798278	0.4463417	0.651996	0.348004	2.078737
27354	-3420.73	-3587.182	166.4524	1.498292	4.44985	0.3717389	0.667315	0.332685	1.963383
27360	-3419.191	-3585.597	166.4066	1.453274	3.245748	0.3457224	0.72656	0.27344	2.33229
27366	-3419.895	-3585.765	165.8701	1.379363	3.099523	0.4841525	0.736142	0.263858	2.588585
27372	-3411.626	-3576.522	164.8964	1.277698	3.099523	0.4841525	0.610096	0.389904	3.238209
27378	-3413.484	-3579.384	165.9007	1.32873	2.919111	0.3569375	0.610096	0.389904	2.793964
27384	-3414.78	-3580.333	165.5531	1.37734	2.919111	0.4618203	0.610096	0.389904	2.854379
27390	-3416.677	-3582.746	166.0684	1.374356	2.676323	0.5664361	0.608983	0.391017	2.501913
27396	-3410.707	-3576.313	165.6056	1.343263	2.676323	0.3796235	0.587866	0.412134	3.001569
27402	-3413.623	-3578.925	165.3021	1.263425	3.184022	0.3441245	0.573145	0.426855	3.142699
27408	-3413.841	-3579.168	165.327	1.263425	2.841012	0.4037898	0.626246	0.373754	3.142699
27414	-3408.558	-3574.634	166.0754	1.32095	3.053391	0.4097611	0.585646	0.414354	2.591892
27420	-3408.079	-3573.941	165.8624	1.319174	3.055566	0.4097611	0.585646	0.414354	2.723652
27426	-3428.222	-3594.153	165.9305	1.386221	3.055566	0.2822765	0.685155	0.314845	2.807276
27432	-3418.722	-3584.295	165.5724	1.319073	2.992829	0.4384637	0.67597	0.32403	2.883907
27438	-3416.566	-3582.696	166.1299	1.417117	3.421066	0.4384637	0.56914	0.43086	2.372201
27444	-3397.988	-3564.447	166.4591	1.376007	3.421066	0.3464971	0.730832	0.269168	2.303384
27450	-3412.455	-3578.819	166.3637	1.447556	3.955962	0.3464971	0.736878	0.263122	2.194948
27456	-3417.738	-3584.007	166.2687	1.440605	2.984667	0.4750275	0.603714	0.396286	2.340093
27462	-3414.077	-3579.113	165.0353	1.305656	3.410729	0.3206667	0.640556	0.359444	3.253171
27468	-3415.362	-3580.632	165.2698	1.295641	2.491769	0.5964105	0.620341	0.379659	3.06379
27474	-3408.536	-3573.831	165.2948	1.277183	2.705402	0.5412094	0.620341	0.379659	3.048853
27480	-3414.671	-3580.227	165.5564	1.277183	2.442296	0.4276034	0.633784	0.366216	3.08307
27486	-3417.483	-3581.748	164.2653	1.236143	3.825676	0.4276034	0.626437	0.373563	3.529758
27492	-3415.284	-3580.019	164.7344	1.207369	4.064024	0.4302637	0.579473	0.420527	3.220712
27498	-3417.41	-3582.042	164.632	1.153951	4.064024	0.354946	0.579473	0.420527	3.399222
27504	-3413.213	-3578.552	165.3384	1.281118	3.341939	0.4047501	0.652053	0.347947	2.999915
27510	-3419.674	-3585.254	165.5809	1.468676	3.985657	0.3938317	0.621957	0.378043	2.609067
27516	-3419.454	-3585.871	166.4168	1.460485	2.764113	0.3851999	0.698643	0.301357	2.39972
27522	-3414.466	-3580.542	166.0768	1.515072	2.764113	0.4513709	0.598892	0.401108	2.50123
27528	-3411.373	-3577.534	166.1613	1.385942	3.456858	0.4513709	0.670385	0.329615	2.348743
27534	-3426.199	-3592.488	166.2883	1.384502	3.456858	0.4513709	0.683046	0.316954	2.268587
27540	-3418.999	-3584.027	165.0282	1.361549	3.101522	0.4513709	0.591502	0.408498	3.143539
27546	-3429.962	-3595.196	165.2339	1.193412	3.101522	0.4061966	0.743714	0.256286	3.170584
27552	-3426.47	-3591.385	164.9153	1.193412	3.451093	0.3901515	0.637339	0.362661	3.295453
27558	-3421.753	-3587.006	165.2525	1.210178	3.372406	0.3901515	0.638097	0.361903	3.103567
27564	-3421.599	-3587.503	165.9043	1.292841	3.119369	0.5205583	0.718399	0.281601	2.57871
27570	-3428.632	-3594.055	165.423	1.407053	3.064863	0.5339119	0.56663	0.43337	2.804972
27576	-3411.023	-3576.792	165.7697	1.29158	3.275539	0.3474023	0.56442	0.43558	2.81857
27582	-3410.672	-3576.109	165.4372	1.329259	2.87423	0.4715492	0.551819	0.448181	2.955074
27588	-3420.331	-3586.246	165.9151	1.429074	3.427139	0.4715492	0.551819	0.448181	2.461753
27594	-3415.113	-3581.661	166.5485	1.478904	3.099466	0.3692841	0.662693	0.337307	2.23174
27600	-3402.746	-3569.032	166.2869	1.37233	3.251895	0.4140109	0.662693	0.337307	2.371511
27606	-3403.254	-3569.094	165.8402	1.434409	2.91468	0.4149453	0.662693	0.337307	2.697417
27612	-3407.62	-3573.138	165.5188	1.374848	2.882468	0.4149453	0.491733	0.508267	2.93762
27618	-3411.784	-3576.813	165.0291	1.369385	2.882468	0.625267	0.531868	0.468132	3.030305
27624	-3418.995	-3583.391	164.3963	1.113303	2.882468	0.4717533	0.637052	0.362948	3.693
27630	-3411.9	-3575.821	163.9214	1.205899	3.163014	0.3666274	0.619413	0.380587	3.95793
27636	-3412.878	-3577.709	164.8319	1.343673	3.163014	0.3686407	0.619413	0.380587	3.348064
27642	-3428.287	-3595.533	167.2463	1.776537	2.77554	0.4259658	0.481425	0.518575	1.574809
27648	-3404.325	-3571.442	167.1178	1.799841	3.343667	0.4259658	0.690214	0.309786	1.476008
27654	-3411.722	-3579.052	167.3299	1.859938	2.708657	0.4259658	0.739145	0.260855	1.47326
27660	-3409.312	-3576.594	167.282	1.741842	2.972286	0.4324958	0.600203	0.399797	1.501101
27666	-3401.292	-3568.111	166.8194	1.495769	3.050617	0.3699977	0.649236	0.350764	2.056379
27672	-3404.681	-3572.041	167.3602	1.589172	2.399904	0.3699977	0.649236	0.350764	1.831021
27678	-3399.119	-3566.288	167.1692	1.577636	2.393807	0.3445761	0.645919	0.354081	2.005906
27684	-3402.462	-3569.029	166.5676	1.581743	2.716194	0.481097	0.64034	0.35966	2.126467
27690	-3398.367	-3564.821	166.4537	1.520535	3.118829	0.481097	0.660146	0.339854	2.126467
27696	-3401.734	-3568.793	167.0595	1.46529	3.118829	0.481097	0.745959	0.254041	1.755249
27702	-3400.781	-3568.104	167.3228	1.598388	2.763268	0.3521558	0.69484	0.30516	1.755249
27708	-3407.29	-3574.323	167.0337	1.5881	2.960583	0.4458913	0.729529	0.270471	1.776799
27714	-3420.957	-3588.031	167.0746	1.482026	2.783615	0.4331193	0.611832	0.388168	1.891035
27720	-3402.201	-3569.378	167.1765	1.702957	2.783615	0.4758184	0.68824	0.31176	1.612133
27726	-3412.544	-3579.35	166.8062	1.46256	2.783615	0.450042	0.571464	0.428536	2.063297
27732	-3410.57	-3577.051	166.4801	1.493224	2.783615	0.450042	0.613074	0.386926	2.255595
27738	-3410.093	-3576.2	166.1065	1.513678	3.025895	0.4680628	0.583518	0.416482	2.393074
27744	-3405.683	-3571.824	166.1406	1.469491	3.025895	0.4680628	0.616403	0.383597	2.399449
27750	-3413.082	-3579.187	166.1046	1.430514	2.333713	0.4680628	0.616403	0.383597	2.647828
27756	-3416.22	-3582.677	166.4575	1.447486	3.352299	0.4680628	0.616403	0.383597	2.125301
27762	-3421.329	-3586.732	165.4034	1.468044	3.868871	0.4209931	0.59551	0.40449	2.711464
27768	-3429.514	-3594.753	165.2395	1.368563	2.938178	0.3413056	0.512924	0.487076	3.182055
27774	-3420.451	-3586.413	165.9616	1.482615	3.016932	0.5971792	0.635937	0.364063	2.377226
27780	-3418.203	-3583.272	165.0691	1.268096	3.654008	0.4086595	0.607186	0.392814	3.094252
27786	-3424.688	-3590.515	165.8274	1.346815	3.001305	0.4086595	0.751533	0.248467	2.743421
27792	-3432.492	-3597.998	165.5051	1.376475	3.279412	0.4365014	0.755588	0.244412	2.820836
27798	-3426.645	-3592.349	165.7044	1.34629	2.584855	0.4365014	0.629756	0.370244	2.901062
27804	-3428.907	-3594.624	165.7172	1.400592	3.061991	0.3944232	0.625105	0.374895	2.778999
27810	-3418.494	-3584.634	166.1399	1.490349	3.080614	0.3944232	0.72105	0.27895	2.457374
27816	-3413.15	-3579.625	166.4751	1.544866	3.080614	0.4885234	0.619781	0.380219	2.098657
27822	-3412.946	-3579.565	166.6194	1.51467	3.041288	0.4327255	0.602746	0.397254	2.098657
27828	-3427.128	-3593.923	166.7948	1.635969	3.349019	0.4682309	0.601573	0.398427	1.77197
27834	-3418.957	-3585.858	166.9011	1.623141	3.201474	0.4674116	0.696381	0.303619	1.748519
27840	-3413.812	-3580.345	166.5339	1.644932	3.030664	0.3157529	0.571812	0.428188	2.226445
27846	-3411.887	-3578.353	166.4652	1.63188	3.030664	0.3224873	0.694061	0.305939	2.269308
27852	-3414.882	-3581.392	166.5104	1.648901	3.229168	0.2900668	0.707853	0.292147	2.224818
27858	-3413.613	-3579.772	166.159	1.53968	3.318348	0.2778746	0.613946	0.386054	2.513106
27864	-3414.462	-3579.712	165.2496	1.375069	3.585427	0.3035149	0.701866	0.298134	3.068853
27870	-3412.093	-3576.769	164.6753	1.264204	3.413686	0.4092891	0.598145	0.401855	3.381661
27876	-3405.025	-3569.207	164.1811	1.197547	3.413686	0.4037609	0.699725	0.300275	3.714269
27882	-3422.223	-3587.54	165.3173	1.176086	2.463474	0.4313374	0.570851	0.429149	3.274606
27888	-3416.846	-3582.061	165.2147	1.265202	3.053167	0.3947171	0.597105	0.402895	3.164394
27894	-3424.864	-3589.353	164.4887	1.343798	3.053167	0.6135931	0.542034	0.457966	3.332521
27900	-3427.835	-3591.957	164.122	1.268142	3.053167	0.6514703	0.698186	0.301814	3.560212
27906	-3422.477	-3587.692	165.2146	1.428242	3.053167	0.4104114	0.755088	0.244912	3.049395
27912	-3428.596	-3594.005	165.4084	1.476739	3.333287	0.3876385	0.702031	0.297969	2.861845
27918	-3417.362	-3583.038	165.6768	1.374807	2.593875	0.4185731	0.662261	0.337739	2.91786
27924	-3423.525	-3589.153	165.6283	1.357987	2.655504	0.4382315	0.63315	0.36685	2.91786
27930	-3419.491	-3584.95	165.4587	1.370546	2.640346	0.535512	0.63315	0.36685	2.91786
27936	-3422.97	-3587.498	164.5279	1.31935	3.277704	0.6248147	0.603789	0.396211	3.260574
27942	-3411.483	-3577.241	165.7583	1.302798	3.731986	0.4048916	0.529102	0.470898	2.643063
27948	-3413.597	-3579.312	165.7156	1.324467	3.145638	0.3660284	0.62881	0.37119	2.839647
27954	-3406.354	-3571.268	164.9139	1.192542	3.514052	0.3660284	0.578903	0.421097	3.311302
27960	-3405.104	-3568.872	163.7688	1.190411	3.514052	0.4529365	0.539011	0.460989	3.881821
27966	-3414.93	-3579.96	165.0301	1.280196	3.757239	0.4529365	0.699395	0.300605	3.039764
27972	-3416.587	-3580.808	164.2218	1.206099	3.652596	0.4529365	0.584067	0.415933	3.581723
27978	-3423.292	-3586.54	163.248	1.228127	3.652596	0.5248485	0.580166	0.419834	4.059789
27984	-3412.134	-3577.116	164.9814	1.310772	3.13587	0.5206658	0.493886	0.506114	3.12355
27990	-3423.806	-3586.306	162.5002	1.079356	3.341974	0.481143	0.599432	0.400568	4.672735
27996	-3435.548	-3600.332	164.7839	1.112707	3.27072	0.436946	0.579808	0.420192	3.409389
28002	-3424.772	-3588.482	163.7101	1.219342	2.847424	0.436946	0.455752	0.544248	4.070163
28008	-3430.917	-3594.763	163.8456	1.203511	2.469613	0.5342243	0.480541	0.519459	4.009069
28014	-3441.886	-3605.819	163.9329	1.181487	2.443921	0.5283269	0.561907	0.438093	3.984419
28020	-3423.578	-3586.709	163.1315	1.223513	3.443934	0.5283269	0.661554	0.338446	4.169634
28026	-3417.991	-3582.861	164.87	1.271672	3.006277	0.5283269	0.596357	0.403643	3.237643
28032	-3418.113	-3582.341	164.2281	1.28034	3.006277	0.4718331	0.65272	0.34728	3.662666
28038	-3404.131	-3569.861	165.7305	1.445818	2.877165	0.4720623	0.606583	0.393417	2.704808
28044	-3406.361	-3572.021	165.6594	1.37837	3.206813	0.4720623	0.650744	0.349256	2.704808
28050	-3396.538	-3560.833	164.2954	1.153489	2.856807	0.4720623	0.59122	0.40878	3.734265
28056	-3412.079	-3576.331	164.2527	1.132112	2.905104	0.5406007	0.585667	0.414333	3.694101
28062	-3408.828	-3572.576	163.7474	1.158066	3.321189	0.4228377	0.553218	0.446782	3.986091
28068	-3411.664	-3575.745	164.0812	1.28818	3.155888	0.4795059	0.635608	0.364392	3.699504
28074	-3423.167	-3588.205	165.0384	1.305301	3.066886	0.6165121	0.696554	0.303446	3.023271
28080	-3413.022	-3578.735	165.7123	1.329328	2.76362	0.361371	0.660233	0.339767	2.943914
28086	-3421.897	-3586.582	164.6848	1.28339	2.76362	0.361371	0.703235	0.296765	3.578233
28092	-3415.284	-3580.507	165.2228	1.257846	2.76362	0.3543906	0.612891	0.387109	3.286735
28098	-3419.953	-3585.143	165.1907	1.415122	3.099489	0.3543906	0.634693	0.365307	3.126425
28104	-3414.003	-3579.422	165.4193	1.366724	3.125317	0.5538183	0.634693	0.365307	2.797615
28110	-3412.005	-3577.524	165.5191	1.398251	3.566106	0.4583867	0.557566	0.442434	2.708226
28116	-3401.293	-3567.235	165.9418	1.394866	3.566106	0.4583867	0.609086	0.390914	2.44809
28122	-3402.8	-3569.055	166.2545	1.561544	4.026889	0.3211121	0.609256	0.390744	2.21205
28128	-3403.432	-3570.569	167.1375	1.599575	2.793045	0.3211121	0.563738	0.436262	1.918684
28134	-3401.236	-3568.117	166.8807	1.743851	3.014164	0.5666277	0.563738	0.436262	1.617981
28140	-3413.897	-3580.453	166.5553	1.707081	3.405878	0.5666277	0.547225	0.452775	1.763164
28146	-3419.71	-3586.671	166.9612	1.69625	3.320813	0.4133571	0.547225	0.452775	1.690005
28152	-3421.702	-3588.474	166.772	1.597177	3.320813	0.5083617	0.657211	0.342789	1.775543
28158	-3422.331	-3589.017	166.6859	1.650608	3.430141	0.5083617	0.647847	0.352153	1.768918
28164	-3418.49	-3585.559	167.0685	1.637287	2.80803	0.4225823	0.589343	0.410657	1.794453
28170	-3424.428	-3591.288	166.8598	1.523935	2.80803	0.4681837	0.588611	0.411389	1.958316
28176	-3426.156	-3591.393	165.2371	1.523935	2.989086	0.4925422	0.626159	0.373841	2.906911
28182	-3418.202	-3583.278	165.0758	1.354012	3.670234	0.3666323	0.614995	0.385005	3.084892
28188	-3426.377	-3591.265	164.8881	1.499391	3.604122	0.5612365	0.612891	0.387109	2.919768
28194	-3422.481	-3589.028	166.5476	1.489597	2.582907	0.3768572	0.712539	0.287461	2.362511
28200	-3415.818	-3581.932	166.1142	1.470343	3.339377	0.4683275	0.705258	0.294742	2.334834
28206	-3416.511	-3582.532	166.0217	1.372733	3.339377	0.4683275	0.711648	0.288352	2.454954
28212	-3411.872	-3577.75	165.878	1.432098	3.339377	0.4683275	0.577336	0.422664	2.507777
28218	-3414.758	-3580.213	165.455	1.43155	3.253377	0.4170356	0.678311	0.321689	2.845861
28224	-3414.751	-3580.562	165.8114	1.44321	2.73449	0.4478295	0.629169	0.370831	2.722084
28230	-3422.911	-3589.189	166.2782	1.531139	3.021729	0.4478295	0.629169	0.370831	2.296574
28236	-3417.305	-3584.093	166.7876	1.527397	3.021729	0.3368377	0.629169	0.370831	2.110162
28242	-3414.09	-3581.002	166.9125	1.595424	3.021729	0.3368377	0.629169	0.370831	1.982498
28248	-3414.04	-3580.22	166.18	1.609012	3.244967	0.4227356	0.682232	0.317768	2.280189
28254	-3412.513	-3578.851	166.3384	1.330219	3.52053	0.3268277	0.682232	0.317768	2.412191
28260	-3418.026	-3583.2	165.1735	1.359228	2.781971	0.5491619	0.617125	0.382875	3.044013
28266	-3430.585	-3596.561	165.976	1.322725	2.25977	0.5491619	0.663671	0.336329	2.735396
28272	-3424.694	-3591.574	166.8799	1.618686	3.618377	0.424522	0.640713	0.359287	1.708114
28278	-3426.329	-3592.754	166.4247	1.486868	3.618377	0.4186777	0.593716	0.406284	2.113505
28284	-3413.842	-3580.078	166.2361	1.471543	2.772835	0.4186777	0.67473	0.32527	2.463519
28290	-3411.505	-3578.109	166.604	1.45941	2.869631	0.4186777	0.736564	0.263436	2.209667
28296	-3412.755	-3578.359	165.6038	1.375639	3.028949	0.4186777	0.598877	0.401123	2.843397
28302	-3412.609	-3578.251	165.6425	1.27461	3.179762	0.4186777	0.705065	0.294935	2.843397
28308	-3415.198	-3580.007	164.8086	1.27461	3.179762	0.4186777	0.713238	0.286762	3.340977
28314	-3422.794	-3586.577	163.7833	1.214371	3.179762	0.6283319	0.486083	0.513917	3.77582
28320	-3426.061	-3591.7	165.6394	1.313663	2.435164	0.3964709	0.659433	0.340567	3.049017
28326	-3424.273	-3590.61	166.3371	1.437248	2.610868	0.5070366	0.517828	0.482172	2.371463
28332	-3417.964	-3583.269	165.3049	1.351448	2.962579	0.5070366	0.659876	0.340124	2.962383
28338	-3430.773	-3594.889	164.1161	1.303265	2.962579	0.499137	0.533473	0.466527	3.698343
28344	-3419.691	-3584.478	164.7868	1.375121	2.909196	0.499137	0.520624	0.479376	3.278334
28350	-3418.044	-3583.048	165.0035	1.298212	2.781117	0.499137	0.632214	0.367786	3.229245
28356	-3423.722	-3588.606	164.8837	1.404261	2.781117	0.4632006	0.673296	0.326704	3.273486
28362	-3424.088	-3589.639	165.5508	1.403995	2.74373	0.4632006	0.673296	0.326704	2.885476
28368	-3413.318	-3578.942	165.6241	1.373004	2.74373	0.5065865	0.55543	0.44457	2.815349
28374	-3408.237	-3574.199	165.9615	1.467535	3.120907	0.4517572	0.581906	0.418094	2.506246
28380	-3404.969	-3570.123	165.1539	1.339839	3.003435	0.4663299	0.58858	0.41142	3.090434
28386	-3417.656	-3581.332	163.6756	1.251566	3.003435	0.4663299	0.576203	0.423797	4.003088
28392	-3412.629	-3578.111	165.4823	1.27079	3.084742	0.4900021	0.655893	0.344107	2.889953
28398	-3413.423	-3578.618	165.1947	1.369664	3.084742	0.4406537	0.582313	0.417687	3.054968
28404	-3424.783	-3589.922	165.1391	1.242416	4.45808	0.3505966	0.547353	0.452647	2.976575
28410	-3420.494	-3585.457	164.9628	1.298482	4.647654	0.3813021	0.559124	0.440876	2.976575
28416	-3413.545	-3578.737	165.1915	1.218348	4.647654	0.3813021	0.533954	0.466046	2.886993
28422	-3419.227	-3583.966	164.7396	1.273521	2.905027	0.3619321	0.533954	0.466046	3.51476
28428	-3434.859	-3599.577	164.7175	1.14314	2.905027	0.3619321	0.62375	0.37625	3.603498
28434	-3424.646	-3590.41	165.7647	1.262067	2.632992	0.3619321	0.652755	0.347245	2.988534
28440	-3419.021	-3583.936	164.9148	1.195774	2.515002	0.4424327	0.615523	0.384477	3.472573
28446	-3406.292	-3571.934	165.6423	1.366373	2.515002	0.4424327	0.644665	0.355335	2.940347
28452	-3407.446	-3573.782	166.336	1.377548	3.072747	0.3323829	0.603456	0.396544	2.487249
28458	-3405.172	-3571.463	166.2912	1.537122	3.705101	0.3890075	0.585184	0.414816	2.184377
28464	-3401.86	-3567.939	166.0793	1.537122	4.079803	0.4587868	0.671873	0.328127	2.15407
28470	-3411.281	-3578.015	166.7341	1.393425	2.71622	0.4886823	0.671873	0.328127	2.132377
28476	-3415.743	-3580.669	164.9266	1.539412	3.347294	0.6538277	0.587678	0.412322	2.850065
28482	-3408.688	-3573.383	164.6952	1.264055	3.347294	0.6558519	0.577796	0.422204	3.152522
28488	-3412.103	-3577.449	165.3462	1.30187	3.448714	0.4535814	0.675698	0.324302	2.903991
28494	-3414.961	-3580.118	165.1563	1.366351	3.448714	0.3661373	0.684841	0.315159	3.078994
28500	-3416.191	-3581.728	165.5369	1.349889	4.445017	0.3661373	0.732627	0.267373	2.652118
28506	-3420.916	-3587.005	166.0891	1.343631	5.004136	0.36474	0.732627	0.267373	2.206375
28512	-3417.761	-3583.996	166.2344	1.458845	2.979368	0.3082038	0.613919	0.386081	2.558132
28518	-3415.996	-3581.844	165.848	1.456144	2.979368	0.2601512	0.603373	0.396627	2.86783
28524	-3413.615	-3578.314	164.6996	1.285169	2.600158	0.4893052	0.615474	0.384526	3.474476
28530	-3408.896	-3573.36	164.464	1.245607	2.729607	0.3875434	0.594354	0.405646	3.706512
28536	-3414.905	-3580.09	165.1846	1.281484	2.729607	0.345983	0.636945	0.363055	3.314886
28542	-3413.53	-3578.476	164.9458	1.209472	2.729607	0.626978	0.616299	0.383701	3.214459
28548	-3423.94	-3589.764	165.8239	1.40554	2.729607	0.3304738	0.612924	0.387076	2.879532
28554	-3426.842	-3591.028	164.1856	1.172775	2.729607	0.5095097	0.675416	0.324584	3.783331
28560	-3417.175	-3581.601	164.4266	1.105975	3.172191	0.4109876	0.693687	0.306313	3.672386
28566	-3419.025	-3584.395	165.37	1.187305	2.626963	0.4109876	0.682001	0.317999	3.212356
28572	-3428.556	-3593.35	164.7946	1.302891	3.211487	0.5074165	0.618135	0.381865	3.23361
28578	-3421.75	-3586.155	164.4051	1.294111	3.00152	0.3868922	0.618135	0.381865	3.643838
28584	-3424.222	-3589.969	165.7473	1.495641	3.142492	0.6070184	0.643071	0.356929	2.462207
28590	-3423.724	-3589.744	166.02	1.423685	2.971064	0.3331197	0.641965	0.358035	2.680172
28596	-3421.288	-3587.803	166.515	1.411425	2.971064	0.3782239	0.649242	0.350758	2.319512
28602	-3416.291	-3582.723	166.4314	1.437006	2.971064	0.3782239	0.649242	0.350758	2.356412
28608	-3429.534	-3595.355	165.8207	1.357529	2.971064	0.3811807	0.588479	0.411521	2.781459
28614	-3426.063	-3591.628	165.5651	1.345945	2.971064	0.3811807	0.71652	0.28348	2.943359
28620	-3423.72	-3588.529	164.8087	1.293935	2.582882	0.5528427	0.681098	0.318902	3.350458
28626	-3429.827	-3594.657	164.8302	1.252187	2.582882	0.4014311	0.618094	0.381906	3.51436
28632	-3417.987	-3582.272	164.2852	1.198304	3.415528	0.5422447	0.618094	0.381906	3.51436
28638	-3423.127	-3588.668	165.5412	1.229065	3.415528	0.2976785	0.617352	0.382648	3.028025
28644	-3419.19	-3585.182	165.9919	1.365165	3.415528	0.3625351	0.607783	0.392217	2.58425
28650	-3420.032	-3586.861	166.8292	1.48686	3.286681	0.3625351	0.661905	0.338095	2.002211
28656	-3414.266	-3580.85	166.5836	1.378619	3.286681	0.3625351	0.655689	0.344311	2.233891
28662	-3411.952	-3578.476	166.5237	1.600887	2.943209	0.5283402	0.677963	0.322037	2.02501
28668	-3414.113	-3580.543	166.4304	1.461149	3.236767	0.5283402	0.511386	0.488614	2.098427
28674	-3409.39	-3575.687	166.2969	1.482236	2.916839	0.3982095	0.588791	0.411209	2.402823
28680	-3419.64	-3586.864	167.2236	1.783249	3.098056	0.3982095	0.588791	0.411209	1.522361
28686	-3414.667	-3582.232	167.5649	1.612674	2.817083	0.3478935	0.610497	0.389503	1.560668
28692	-3416.519	-3583.835	167.3166	1.726328	2.765031	0.3478935	0.671937	0.328063	1.675122
28698	-3432.177	-3599.006	166.8295	1.571702	3.517397	0.3660224	0.664516	0.335484	1.880338
28704	-3420.948	-3587.773	166.8254	1.571702	3.473257	0.3660224	0.617397	0.382603	1.894409
28710	-3427.554	-3595.055	167.5008	1.654083	3.044479	0.3587533	0.599211	0.400789	1.487383
28716	-3410.384	-3577.745	167.361	1.706427	3.044479	0.3587533	0.618679	0.381321	1.552549
28722	-3425.881	-3592.704	166.8235	1.677696	3.79083	0.3587533	0.662195	0.337805	1.753328
28728	-3424.101	-3591.055	166.9537	1.62449	2.840324	0.5225612	0.580463	0.419537	1.753328
28734	-3416.667	-3583.795	167.1274	1.601721	2.915595	0.4231287	0.671416	0.328584	1.744395
28740	-3417.975	-3585.016	167.0412	1.636334	3.664399	0.4231287	0.671416	0.328584	1.56909
28746	-3425.216	-3592.34	167.1236	1.700457	3.664399	0.4231287	0.663216	0.336784	1.459715
28752	-3426.529	-3593.584	167.0552	1.689197	3.664399	0.4231287	0.69819	0.30181	1.519635
28758	-3419.458	-3587.05	167.5925	1.753532	2.221674	0.4231287	0.625782	0.374218	1.541872
28764	-3413.238	-3580.063	166.8242	1.691299	3.293884	0.3797255	0.594229	0.405771	1.841888
28770	-3417.757	-3584.26	166.5025	1.558441	3.451129	0.3797255	0.70842	0.29158	2.105741
28776	-3420.454	-3587.421	166.967	1.570844	2.560221	0.3797255	0.658274	0.341726	2.04182
28782	-3427.788	-3594.283	166.4957	1.520357	2.560221	0.4909734	0.530834	0.469166	2.249711
28788	-3427.386	-3592.343	164.9571	1.244275	3.160952	0.4909734	0.71416	0.28584	3.200335
28794	-3440.148	-3605.619	165.4715	1.317326	2.628766	0.5018007	0.544158	0.455842	2.97821
28800	-3421.501	-3586.435	164.9333	1.387222	3.475572	0.2644009	0.606207	0.393793	3.329371
28806	-3420.404	-3584.686	164.2813	1.187861	3.475572	0.390903	0.715935	0.284065	3.662702
28812	-3413.674	-3578.489	164.815	1.172713	3.735056	0.3565946	0.667236	0.332764	3.345148
28818	-3411.259	-3577.068	165.8095	1.29769	2.32335	0.4004811	0.641927	0.358073	2.986238
28824	-3419.536	-3585.037	165.5015	1.39174	2.32335	0.4384238	0.556841	0.443159	3.071979
28830	-3415.276	-3580.482	165.2059	1.329561	3.23503	0.330616	0.506729	0.493271	3.165673
28836	-3414.205	-3579.36	165.1555	1.228844	3.03925	0.330616	0.572471	0.427529	3.302504
28842	-3409.152	-3573.938	164.786	1.29295	3.03925	0.3726022	0.65025	0.34975	3.430034
28848	-3412.154	-3576.142	163.9878	1.295898	2.388804	0.4492539	0.515039	0.484961	3.979546
28854	-3414.203	-3579.157	164.9538	1.217804	2.449791	0.4492539	0.691392	0.308608	3.44864
28860	-3407.417	-3573.001	165.5842	1.342035	2.687137	0.3304164	0.67872	0.32128	3.073634
28866	-3412.858	-3578.636	165.7782	1.377411	2.804767	0.61455	0.546517	0.453483	2.599986
28872	-3422.571	-3588.673	166.1018	1.408685	2.804767	0.3916157	0.641426	0.358574	2.609577
28878	-3418.505	-3584.457	165.9526	1.367964	3.261631	0.4654191	0.598902	0.401098	2.523478
28884	-3416.422	-3582.437	166.0155	1.475964	3.088899	0.4098525	0.572505	0.427495	2.523478
28890	-3424.881	-3590.966	166.0851	1.411874	3.09457	0.5129744	0.640016	0.359984	2.405249
28896	-3429.816	-3596.431	166.6158	1.43179	3.09457	0.397592	0.633708	0.366292	2.183683
28902	-3422.713	-3588.922	166.2085	1.510884	3.387392	0.517348	0.698145	0.301855	2.183683
28908	-3428.684	-3593.06	164.3753	1.311243	4.299117	0.7240559	0.607911	0.392089	3.062715
28914	-3430.735	-3595.622	164.8873	1.393243	4.360376	0.7240559	0.647779	0.352221	2.691425
28920	-3427.63	-3592.603	164.9727	1.505262	4.106031	0.6987697	0.524009	0.475991	2.64029
28926	-3431.288	-3596.824	165.5366	1.580762	3.012317	0.6987697	0.700502	0.299498	2.496058
28932	-3430.789	-3595.967	165.1773	1.414458	3.009686	0.6987697	0.526063	0.473937	2.820518
28938	-3426.02	-3591.43	165.4101	1.52229	4.107956	0.6150465	0.686074	0.313926	2.427923
28944	-3424.29	-3589.011	164.7214	1.257517	4.067653	0.5191555	0.543175	0.456825	3.107312
28950	-3433.818	-3598.541	164.7234	1.257517	2.943365	0.5191555	0.469651	0.530349	3.356924
28956	-3428.638	-3593.222	164.5846	1.360851	3.537035	0.8179349	0.583554	0.416446	2.996066
28962	-3418.181	-3582.182	164.0011	1.234147	2.34708	0.4263663	0.583554	0.416446	4.04317
28968	-3412.11	-3577.398	165.2876	1.186315	2.69542	0.5004697	0.616455	0.383545	3.14911
28974	-3419.717	-3583.201	163.4842	1.178704	2.69542	0.6163898	0.571123	0.428877	4.097347
28980	-3421.383	-3586.141	164.7578	1.463873	3.37095	0.7998132	0.472643	0.527357	2.880372
28986	-3412.071	-3576.1	164.0287	1.461916	3.37095	0.7998132	0.502782	0.497218	3.316345
28992	-3411.673	-3577.22	165.5477	1.430944	3.572792	0.337055	0.617686	0.382314	2.813234
28998	-3412.09	-3578.459	166.369	1.540572	3.84496	0.3652015	0.617686	0.382314	2.130432
29004	-3417.382	-3582.657	165.2747	1.540572	3.022159	0.5573161	0.630571	0.369429	2.80271
29010	-3421.598	-3587.311	165.7129	1.46021	2.873019	0.5573161	0.663893	0.336107	2.622759
29016	-3419	-3584.913	165.9133	1.376703	2.873019	0.4525214	0.57841	0.42159	2.657016
29022	-3409.515	-3575.742	166.2269	1.443503	3.200609	0.3345293	0.517597	0.482403	2.478466
29028	-3411.208	-3577.196	165.9875	1.415225	3.522254	0.3345293	0.702722	0.297278	2.567636
29034	-3417.539	-3583.099	165.5599	1.288577	5.753144	0.2456628	0.737815	0.262185	2.624246
29040	-3424.14	-3589.611	165.4708	1.327874	2.839462	0.5103546	0.614854	0.385146	2.905747
29046	-3418.292	-3583.498	165.2064	1.251078	2.795785	0.3226832	0.762005	0.237995	3.33205
29052	-3413.128	-3577.889	164.762	1.187585	3.419741	0.4484913	0.745203	0.254797	3.33205
29058	-3411.36	-3576.43	165.0701	1.285119	2.797011	0.4282487	0.579084	0.420916	3.266458
29064	-3413.62	-3577.783	164.1633	1.304512	3.177259	0.4481624	0.682433	0.317567	3.669134
29070	-3411.012	-3575.943	164.9305	1.558332	3.177259	0.8257745	0.595092	0.404908	2.746158
29076	-3408.289	-3575.034	166.7457	1.554411	2.528663	0.3812902	0.582231	0.417769	2.205291
29082	-3406.846	-3573.082	166.2355	1.47901	3.437865	0.2894255	0.65592	0.34408	2.456889
29088	-3422.792	-3588.224	165.4318	1.398235	4.141238	0.3522182	0.611157	0.388843	2.763832
29094	-3435.533	-3601.551	166.0183	1.402858	2.49525	0.3596732	0.613838	0.386162	2.793021
29100	-3424.896	-3591.222	166.3257	1.402858	3.960684	0.4563973	0.62511	0.37489	2.109637
29106	-3424.416	-3591.058	166.6415	1.608989	3.603195	0.2741178	0.721833	0.278167	2.097473
29112	-3426.776	-3593.761	166.9846	1.601139	2.7697	0.2409362	0.66651	0.33349	2.155443
29118	-3417.106	-3583.27	166.1642	1.500854	2.7697	0.4258389	0.66651	0.33349	2.482767
29124	-3415.953	-3581.477	165.5233	1.370286	2.7697	0.4258389	0.60532	0.39468	2.955718
29130	-3417.383	-3582.947	165.5648	1.250395	2.7697	0.4258389	0.604245	0.395755	3.002768
29136	-3406.004	-3570.146	164.1426	1.232256	2.7697	0.4258389	0.55371	0.44629	3.846833
29142	-3403.818	-3568.523	164.7051	1.215905	2.7697	0.3567719	0.70529	0.29471	3.609559
29148	-3414.077	-3578.541	164.464	1.272354	3.787784	0.3567719	0.652742	0.347258	3.481253
29154	-3420.777	-3585.511	164.7343	1.356394	3.215716	0.5566609	0.609406	0.390594	3.190449
29160	-3420.353	-3584.891	164.538	1.357634	3.215716	0.5543144	0.65356	0.34644	3.307822
29166	-3433.29	-3597.381	164.0914	1.193725	2.48979	0.4403905	0.605202	0.394798	3.958857
29172	-3431.834	-3597.23	165.3964	1.277301	2.48979	0.4457192	0.703666	0.296334	3.144671
29178	-3407.406	-3572.606	165.1997	1.234915	2.48979	0.5377112	0.690308	0.309692	3.195114
29184	-3406.436	-3572.358	165.9218	1.393993	3.895647	0.4367472	0.617421	0.382579	2.411614
29190	-3417.909	-3583.714	165.8054	1.564755	3.53927	0.5725166	0.704849	0.295151	2.316002
29196	-3416.836	-3582.948	166.1119	1.548856	3.196504	0.5725166	0.704849	0.295151	2.214735
29202	-3441.059	-3606.642	165.5833	1.239791	2.894714	0.3939963	0.522972	0.477028	3.000911
29208	-3430.784	-3594.752	163.9675	1.214091	2.894714	0.3939963	0.708916	0.291084	3.960372
29214	-3428.244	-3593.94	165.6961	1.316379	2.499478	0.3939963	0.721998	0.278002	2.997138
29220	-3432.565	-3597.338	164.7732	1.265444	2.499478	0.4257509	0.768076	0.231924	3.536713
29226	-3443.857	-3608.317	164.4606	1.182205	3.940263	0.4257509	0.621835	0.378165	3.426125
29232	-3428.916	-3593.517	164.601	1.273084	3.842492	0.4257509	0.642595	0.357405	3.310058
29238	-3442.464	-3606.164	163.7004	1.198828	2.92362	0.3691789	0.657663	0.342337	4.142435
29244	-3433.793	-3598.723	164.93	1.309559	2.664776	0.5557681	0.648899	0.351101	3.244241
29250	-3431.825	-3596.08	164.2547	1.388999	2.664776	0.6551596	0.606888	0.393112	3.509628
29256	-3416.915	-3581.377	164.4616	1.335725	2.55626	0.6491634	0.596197	0.403803	3.454831
29262	-3418.506	-3583.141	164.6353	1.415589	3.323365	0.6491634	0.623718	0.376282	3.109005
29268	-3414.032	-3578.786	164.7536	1.309138	3.231876	0.4211054	0.622728	0.377272	3.338039
29274	-3407.564	-3572.219	164.6549	1.269816	3.231876	0.4088209	0.607312	0.392688	3.432524
29280	-3414.246	-3578.825	164.5792	1.28827	4.052852	0.4729224	0.572998	0.427002	3.222093
29286	-3408.241	-3573.491	165.2506	1.402887	4.730996	0.4729224	0.67062	0.32938	2.619688
29292	-3409.199	-3574.506	165.3066	1.32337	3.598342	0.4729224	0.666906	0.333094	2.860764
29298	-3408.322	-3573.325	165.0031	1.277365	3.204057	0.4430473	0.664047	0.335953	3.192391
29304	-3419.993	-3585.248	165.2552	1.337194	2.974944	0.3331849	0.664047	0.335953	3.192391
29310	-3415.062	-3579.571	164.5091	1.164071	3.070575	0.3331849	0.664047	0.335953	3.706473
29316	-3416.716	-3581.367	164.6508	1.209666	2.957654	0.3746313	0.667787	0.332213	3.575324
29322	-3410.461	-3574.743	164.2823	1.209666	4.132401	0.3456006	0.667787	0.332213	3.569193
29328	-3411.755	-3576.102	164.3471	1.271495	4.132401	0.3787573	0.516907	0.483093	3.455482
29334	-3430.512	-3594.545	164.0335	1.312395	4.132401	0.3787573	0.516521	0.483479	3.614314
29340	-3428.473	-3592.639	164.1659	1.180009	4.132401	0.3787573	0.516521	0.483479	3.614314
29346	-3417.174	-3582.221	165.0478	1.347473	4.132401	0.3787573	0.598999	0.401001	2.995782
29352	-3416.982	-3582.952	165.9696	1.316743	2.614603	0.3787573	0.560728	0.439272	2.81631
29358	-3409.922	-3573.755	163.8336	1.299818	3.145259	0.68511	0.524821	0.475179	3.660823
29364	-3408.247	-3573.441	165.1946	1.278963	2.570377	0.3437887	0.770385	0.229615	3.357212
29370	-3418.077	-3583.483	165.4061	1.326709	3.014309	0.4920532	0.643299	0.356701	2.918
29376	-3411.369	-3577.247	165.8779	1.420769	3.08152	0.4428123	0.552697	0.447303	2.60734
29382	-3415.726	-3580.998	165.2723	1.347552	3.08152	0.4428123	0.644014	0.355986	3.020256
29388	-3415.507	-3581.031	165.5239	1.336669	3.149434	0.4428123	0.547857	0.452143	2.858349
29394	-3418.454	-3583.769	165.3153	1.314977	3.667561	0.4428123	0.528296	0.471704	2.877352
29400	-3432.945	-3598.251	165.3052	1.399482	2.84702	0.5593735	0.569333	0.430667	2.913758
29406	-3422.849	-3588.656	165.8063	1.388972	2.915514	0.4654711	0.632897	0.367103	2.689909
29412	-3424.016	-3589.332	165.3162	1.516738	2.915514	0.4654711	0.678072	0.321928	2.910438
29418	-3420.059	-3585.343	165.2836	1.358688	4.041476	0.5422186	0.578561	0.421439	2.689521
29424	-3424.372	-3590.509	166.1374	1.451911	3.399342	0.3702456	0.536368	0.463632	2.433229
29430	-3423.891	-3590.324	166.4332	1.411871	3.399342	0.4379959	0.76228	0.23772	2.187149
29436	-3431.74	-3597.789	166.0489	1.504264	3.432101	0.4210402	0.605385	0.394615	2.385891
29442	-3422.256	-3587.415	165.1593	1.469756	3.174726	0.5745212	0.605385	0.394615	2.861586
29448	-3420.334	-3586.05	165.7154	1.365884	3.497491	0.4131059	0.609759	0.390241	2.673838
29454	-3422.199	-3588.534	166.335	1.357057	3.497491	0.4131059	0.609759	0.390241	2.291268
29460	-3412.095	-3577.978	165.8836	1.318855	2.935094	0.4963556	0.716129	0.283871	2.647944
29466	-3406.003	-3570.79	164.7875	1.167704	2.563993	0.4591494	0.750026	0.249974	3.532004
29472	-3407.961	-3573.976	166.0153	1.409545	3.051613	0.4626091	0.762516	0.237484	2.514929
29478	-3411.303	-3578.301	166.9985	1.560001	3.251092	0.2885068	0.673755	0.326245	1.959134
29484	-3406.814	-3573.757	166.9432	1.608075	3.190173	0.3019736	0.674666	0.325334	1.959134
29490	-3410.741	-3577.548	166.8077	1.608172	2.634349	0.3806282	0.698493	0.301507	2.097743
29496	-3415.836	-3582.788	166.9523	1.57612	2.746048	0.413197	0.646655	0.353345	1.946608
29502	-3420.504	-3586.936	166.4316	1.636468	2.746048	0.4286307	0.561584	0.438416	2.230531
29508	-3410.253	-3575.659	165.406	1.378745	3.463921	0.4286307	0.495738	0.504262	2.844993
29514	-3434.617	-3599.577	164.96	1.273214	3.843091	0.4286307	0.651984	0.348016	3.093996
29520	-3430.501	-3596.335	165.834	1.434535	3.843091	0.370469	0.737319	0.262681	2.532318
29526	-3427.235	-3593.072	165.8371	1.472933	3.29538	0.370469	0.632647	0.367353	2.632149
29532	-3430.502	-3596.808	166.3062	1.468396	3.650835	0.3835693	0.589005	0.410995	2.238654
29538	-3417.402	-3583.944	166.5419	1.565234	2.926605	0.4330362	0.604008	0.395992	2.147943
29544	-3419.069	-3585.729	166.6601	1.512813	2.843312	0.3453668	0.632571	0.367429	2.24071
29550	-3424.785	-3591.333	166.5486	1.578339	3.261077	0.4668531	0.632571	0.367429	2.003854
29556	-3428.429	-3594.974	166.5448	1.578339	2.900759	0.4668531	0.684308	0.315692	2.105501
29562	-3415.817	-3582.726	166.9091	1.522452	2.519594	0.4668531	0.634099	0.365901	2.018054
29568	-3425.946	-3592.589	166.6429	1.660984	3.396106	0.4668531	0.631503	0.368497	1.84872
29574	-3427.04	-3593.912	166.872	1.510723	2.979146	0.4784153	0.695397	0.304603	1.896558
29580	-3425.104	-3591.742	166.6377	1.558915	2.884103	0.3365001	0.6016	0.3984	2.226093
29586	-3426.251	-3592.518	166.2677	1.549167	3.398888	0.3392325	0.509635	0.490365	2.33036
29592	-3415.469	-3581.352	165.8825	1.381582	3.103228	0.4771537	0.62093	0.37907	2.585941
29598	-3413.662	-3579.377	165.7151	1.389999	3.103228	0.4537876	0.62093	0.37907	2.708938
29604	-3423.789	-3589.439	165.6495	1.422131	3.131433	0.4537876	0.591306	0.408694	2.722363
29610	-3414.488	-3580.124	165.636	1.437379	3.451547	0.6127535	0.516144	0.483856	2.486944
29616	-3418.944	-3584.021	165.0771	1.394487	3.451547	0.6127535	0.516144	0.483856	2.857299
29622	-3420.616	-3585.783	165.1666	1.402003	3.451547	0.6127535	0.573658	0.426342	2.798312
29628	-3414.825	-3580.829	166.004	1.390037	3.027992	0.5714774	0.604287	0.395713	2.430028
29634	-3416.939	-3583.094	166.1553	1.469861	3.027992	0.5714774	0.632715	0.367285	2.283304
29640	-3418.71	-3584.299	165.5889	1.331382	3.027992	0.5714774	0.640267	0.359733	2.723969
29646	-3418.492	-3584.916	166.4239	1.427442	2.451145	0.3684403	0.637095	0.362905	2.530511
29652	-3407.51	-3573.849	166.3396	1.390679	3.150772	0.3570146	0.637095	0.362905	2.423607
29658	-3423.027	-3588.612	165.5852	1.50758	3.150772	0.552915	0.551257	0.448743	2.603874
29664	-3425.292	-3591.546	166.254	1.527323	3.145024	0.4467806	0.551257	0.448743	2.282937
29670	-3431.459	-3598.178	166.719	1.399177	3.145024	0.4891704	0.643696	0.356304	2.01552
29676	-3422.256	-3588.594	166.3375	1.52217	3.064812	0.4891704	0.582321	0.417679	2.206649
29682	-3426.249	-3592.091	165.8422	1.416719	3.00193	0.4230197	0.652143	0.347857	2.674816
29688	-3416.8	-3582.855	166.0549	1.382231	3.00193	0.4848564	0.650446	0.349554	2.49651
29694	-3428.183	-3594.392	166.2088	1.465869	3.00193	0.3705613	0.664061	0.335939	2.479972
29700	-3419.763	-3584.697	164.9344	1.271143	3.426259	0.3389855	0.639946	0.360054	3.3059
29706	-3412.598	-3577.563	164.9651	1.240385	3.426259	0.3389855	0.621912	0.378088	3.3059
29712	-3421.101	-3586.145	165.0439	1.250192	3.602833	0.3488654	0.679279	0.320721	3.202101
29718	-3428.107	-3593.738	165.6313	1.322891	3.602833	0.3432568	0.670241	0.329759	2.813308
29724	-3424.866	-3590.431	165.5651	1.370248	2.966906	0.4863693	0.6237	0.3763	2.813308
29730	-3419.752	-3585.68	165.9279	1.319997	2.751988	0.4863693	0.711744	0.288256	2.680253
29736	-3421.434	-3587.238	165.8036	1.467305	2.751988	0.5210944	0.680581	0.319419	2.630908
29742	-3412.113	-3578.655	166.5418	1.565489	2.751988	0.3966237	0.614789	0.385211	2.242431
29748	-3419.001	-3584.918	165.9168	1.368837	3.152727	0.415492	0.610613	0.389387	2.628272
29754	-3418.091	-3583.141	165.0498	1.231036	3.152727	0.3848598	0.610613	0.389387	3.269327
29760	-3419.576	-3584.764	165.1877	1.2282	3.336521	0.2887875	0.587531	0.412469	3.269327
29766	-3423.337	-3587.552	164.2149	1.142364	2.916348	0.3799953	0.64042	0.35958	3.87009
29772	-3411.145	-3576.163	165.0185	1.226497	2.73994	0.3799953	0.647381	0.352619	3.40091
29778	-3407.816	-3572.295	164.4786	1.335656	2.73994	0.3127316	0.664316	0.335684	3.734528
29784	-3409.125	-3573.638	164.5128	1.238505	3.279248	0.3127316	0.712588	0.287412	3.638458
29790	-3415.849	-3580.339	164.4892	1.185314	3.583894	0.3127316	0.692886	0.307114	3.615645
29796	-3415.867	-3580.909	165.0416	1.185314	3.239044	0.3127316	0.689345	0.310655	3.370388
